price;year;condition;cylinders;odometer;title_status;transmission;drive;size;lat;long;weather
43900;2016;4;6;43500;clean;automatic;4wd;full-size;36,4715;-82,4834;59
15490;2009;2;8;98131;clean;automatic;4wd;full-size;40,468826;-74,281734;52
2495;2002;2;8;201803;clean;automatic;4wd;full-size;42,477134;-82,949564;45
1300;2000;1;8;170305;rebuilt;automatic;4wd;full-size;40,764373;-82,349503;49
13865;2010;3;8;166062;clean;automatic;4wd;;49,210949;-123,11472;
6995;2003;3;8;167662;clean;automatic;4wd;full-size;45,518031;-122,578752;50
8995;2006;3;8;115500;clean;automatic;rwd;full-size;43,592223;-96,787488;38
5995;2005;3;6;191198;clean;automatic;rwd;full-size;38,611926;-121,423565;59
18750;2011;2;6;77000;clean;automatic;rwd;;33,6989;-84,7454;59
5500;2007;3;6;139913;clean;manual;rwd;full-size;31,782356;-96,088975;67
8900;2008;2;8;124600;rebuilt;automatic;4wd;full-size;40,5384;-82,8062;49
19680;2015;4;6;135150;clean;automatic;4wd;full-size;37,167749;-113,415403;50
1700;2001;1;8;275000;clean;automatic;4wd;;44,5494;-90,6112;45
12550;2007;3;8;139848;clean;automatic;4wd;mid-size;44,57437;-88,16024;45
11700;2010;2;8;144570;clean;automatic;4wd;full-size;42,892121;-85,665539;45
24077;2012;3;6;98462;clean;automatic;4wd;mid-size;34,25343;-77,85125;56
39800;2015;3;6;81233;clean;automatic;4wd;mid-size;34,74851;-77,41559;56
11995;2007;3;8;237627;clean;automatic;4wd;mid-size;35,55495;-77,40627;56
32500;2015;3;6;73300;clean;automatic;4wd;full-size;49,184885;-122,801111;
7500;2005;2;8;152700;clean;automatic;4wd;full-size;34,5575;-114,3307;71
8000;2005;3;8;114100;clean;automatic;rwd;full-size;40,1306;-104,9504;45
32700;2015;3;6;88500;clean;automatic;4wd;full-size;50,039078;-125,271885;
14000;2010;2;8;116000;clean;automatic;4wd;full-size;31,8841;-94,3967;67
2500;1999;2;8;198012;clean;automatic;rwd;full-size;33,4669;-94,0774;67
19550;2011;3;8;95372;clean;automatic;4wd;mid-size;44,57437;-88,16024;45
35999;2016;3;8;25814;clean;automatic;4wd;;43,852883;-88,855927;45
26900;2013;3;8;95208;clean;automatic;4wd;full-size;36,277213;-80,339822;56
14000;1978;3;8;45000;clean;manual;4wd;full-size;43,000228;-82,435398;45
4850;2008;2;6;155000;clean;automatic;rwd;full-size;40,1245;-75,3304;53
3500;1995;2;8;120000;clean;automatic;4wd;full-size;39,875935;-75,555846;53
14995;2010;3;8;80246;clean;automatic;4wd;full-size;43,223552;-77,372473;53
16750;2012;2;8;160360;clean;automatic;4wd;full-size;33,931773;-88,480625;61
13995;2008;3;8;105033;clean;automatic;4wd;full-size;43,223552;-77,372473;53
10000;2005;2;8;148000;clean;automatic;4wd;;61,1535;-149,8289;29
16995;2007;3;8;30415;clean;automatic;4wd;full-size;47,830597;-110,662694;40
6500;2006;3;8;130000;clean;automatic;rwd;;38,824368;-91,20075;52
3200;2003;2;8;231000;clean;automatic;4wd;full-size;42,4649;-90,6829;47
33777;2018;3;8;12598;clean;automatic;4wd;mid-size;34,25343;-77,85125;56
16990;2014;3;6;99422;clean;automatic;4wd;full-size;47,911024;-97,045022;38
26300;2016;4;6;54200;clean;automatic;rwd;full-size;30,385487;-86,394253;65
25495;2013;3;8;41952;clean;automatic;4wd;mid-size;44,52039;-88,06645;45
3000;1996;3;6;181000;clean;manual;fwd;;33,606938;-86,118533;61
32950;2014;4;8;29477;clean;automatic;4wd;full-size;37,063766;-93,556502;52
15000;2014;3;6;156338;clean;automatic;4wd;;41,210404;-96,018276;46
64990;2018;3;6;8023;clean;automatic;4wd;full-size;43,154309;-75,931578;53
4000;2005;1;8;99500;clean;automatic;4wd;full-size;44,33023;-88,640601;45
27995;2016;3;6;42207;clean;automatic;4wd;full-size;44,082529;-103,227047;38
8250;2009;2;8;168700;clean;automatic;4wd;full-size;43,5667;-91,913;43
31257;2015;3;6;54380;clean;automatic;4wd;full-size;33,640206;-112,035982;71
11485;2008;2;8;120571;clean;automatic;4wd;full-size;43,122774;-88,52791;45
11880;2008;3;8;147311;clean;automatic;4wd;mid-size;44,57437;-88,16024;45
5300;2007;2;8;24700;clean;automatic;4wd;full-size;46,9209;-96,8318;38
3328;1998;3;8;253765;clean;automatic;4wd;full-size;44,585547;-123,25671;50
53888;2018;4;8;10500;clean;automatic;4wd;;49,172179;-123,076057;
8989;2002;2;8;167068;clean;automatic;4wd;full-size;38,153554;-85,659028;50
26320;2014;3;6;64947;clean;automatic;4wd;mid-size;43,75891;-87,75358;45
4900;2004;2;8;204603;clean;automatic;4wd;full-size;35,250553;-91,711354;59
1500;2001;1;8;280000;clean;automatic;4wd;full-size;32,4145;-85,7253;61
28495;2016;3;8;31486;clean;automatic;rwd;;34,070283;-117,417684;59
4900;2007;2;6;90000;clean;automatic;rwd;full-size;40,616946;-75,441782;53
7495;2008;3;8;194337;clean;automatic;4wd;;45,2617;-88,078;45
11500;1979;2;6;98517;clean;manual;4wd;full-size;47,9034;-91,857;43
1299;1999;2;6;220000;clean;manual;rwd;full-size;39,777232;-105,146965;45
18500;2013;3;6;98000;rebuilt;automatic;4wd;full-size;40,2688;-76,1013;53
23889;2013;2;8;108244;clean;automatic;4wd;full-size;35,01845;-85,204983;59
3495;2002;2;8;201803;clean;automatic;4wd;full-size;42,477134;-82,949564;45
25991;2015;2;6;105207;clean;automatic;4wd;full-size;37,650441;-97,335104;51
16995;2002;2;8;65336;clean;automatic;rwd;full-size;33,711509;-78,909582;60
7900;2005;3;8;101000;clean;automatic;4wd;full-size;42,484503;-92,324974;47
4900;2008;3;8;189166;clean;automatic;rwd;full-size;38,119829;-121,260241;59
3500;2004;1;8;177583;clean;automatic;4wd;;42,245;-71,838;50
18800;2012;3;8;97000;lien;automatic;4wd;full-size;39,1938;-96,5858;51
1;2014;3;6;117123;clean;automatic;rwd;full-size;29,975385;-90,172386;67
4000;1997;2;8;224000;clean;automatic;rwd;mid-size;38,593367;-92,271423;52
21990;2014;3;8;84883;clean;automatic;4wd;full-size;43,155048;-75,952654;53
1200;1996;2;6;103000;clean;automatic;rwd;full-size;33,8018;-116,517;59
3490;1999;3;8;237000;clean;automatic;;;46,450007;-95,12469;43
11860;2009;3;8;82884;clean;automatic;fwd;compact;40,4598;-79,8224;53
1200;2004;2;8;192659;clean;automatic;rwd;full-size;41,680321;-86,160307;48
16500;2012;3;8;96755;clean;automatic;4wd;full-size;42,8885;-88,2122;45
16900;2014;2;6;64368;clean;automatic;rwd;full-size;31,316064;-89,437114;61
20888;2014;3;6;89003;clean;automatic;rwd;full-size;37,323657;-121,927101;59
18995;2013;3;6;0;clean;automatic;;full-size;32,788557;-117,098278;59
3500;1987;2;8;136600;rebuilt;automatic;rwd;full-size;41,504016;-87,868651;48
29750;2015;3;8;38943;clean;automatic;4wd;mid-size;43,75891;-87,75358;45
21990;2014;3;8;96079;clean;automatic;4wd;full-size;43,153808;-75,930719;53
35995;2016;2;8;19050;clean;automatic;4wd;full-size;43,078373;-92,317804;47
999;2011;2;8;85000;clean;automatic;rwd;;41,0334;-81,4385;49
10500;2008;3;8;172000;clean;automatic;rwd;;37,1597;-94,3112;52
24500;2014;2;8;103610;lien;automatic;4wd;full-size;46,0614;-118,3315;50
16995;2012;3;6;103529;clean;automatic;rwd;full-size;31,732124;-106,364833;67
13500;2009;3;8;197662;clean;automatic;4wd;full-size;34,8825;-87,7398;61
4500;2007;2;8;198000;clean;automatic;4wd;full-size;39,636735;-75,011559;52
8800;2011;2;8;208000;clean;automatic;4wd;;37,7379;-97,2479;51
19550;2011;3;8;95372;clean;automatic;4wd;mid-size;44,57437;-88,16024;45
18800;2010;3;8;127953;clean;automatic;4wd;full-size;44,138399;-70,225926;44
4500;2005;3;8;190000;clean;automatic;;full-size;33,561423;-101,856411;67
8950;2008;3;8;131218;clean;automatic;4wd;full-size;61,167987;-149,868879;29
15950;2013;2;8;99470;clean;automatic;rwd;full-size;33,512633;-86,79777;61
5800;2004;2;8;146000;clean;automatic;4wd;;40,779;-89,723;48
4995;2001;2;8;122522;clean;automatic;4wd;full-size;41,4349;-82,7063;49
32990;2018;3;8;17621;clean;automatic;rwd;full-size;43,15481;-75,932436;53
19375;2013;2;6;105706;clean;automatic;rwd;full-size;32,427868;-86,467649;61
1;2014;3;6;117123;clean;automatic;rwd;full-size;29,975385;-90,172386;67
5000;2000;3;8;165961;clean;automatic;4wd;full-size;42,443348;-123,32428;50
15000;2005;3;8;97000;clean;automatic;4wd;full-size;42,6159;-83,9248;45
1500;2002;2;6;126363;clean;automatic;rwd;;42,527911;-88,975182;45
43900;2016;3;6;57250;clean;automatic;4wd;full-size;32,965063;-96,913304;67
15500;2010;3;8;99000;clean;automatic;4wd;full-size;40,464;-74,2742;52
19998;2012;2;8;95340;clean;automatic;;full-size;42,3899;-122,9222;50
10800;2013;3;6;88000;clean;automatic;rwd;full-size;41,596936;-81,547063;49
28995;2014;2;8;40500;clean;automatic;4wd;full-size;45,524794;-122,65617;50
17995;2010;3;8;114000;clean;automatic;4wd;full-size;39,588258;-84,336809;49
12995;2010;2;8;144073;clean;automatic;4wd;full-size;42,504823;-92,405569;47
3500;2004;3;8;200000;clean;automatic;;;25,950376;-97,321693;67
10900;2010;3;8;0;clean;automatic;4wd;full-size;32,252974;-110,97871;71
37995;2015;4;8;26903;clean;automatic;4wd;;50,045346;-125,269028;
1800;1994;3;8;170;clean;automatic;rwd;full-size;41,417217;-72,746115;51
10899;2006;3;8;140322;clean;automatic;4wd;full-size;29,534931;-98,377118;67
23997;2010;3;8;58600;clean;automatic;4wd;full-size;47,65845;-117,165241;50
29900;2015;4;6;29800;clean;automatic;4wd;full-size;43,204543;-75,4242;53
10607;2006;3;8;134807;clean;automatic;4wd;mid-size;44,52039;-88,06645;45
10500;2008;3;8;115414;clean;automatic;rwd;mid-size;38,88358;-94,79383;51
5995;2002;2;6;119470;clean;automatic;rwd;full-size;34,947213;-89,440953;61
10000;2011;3;6;174000;clean;automatic;4wd;full-size;43,81;-111,789;47
28900;2013;3;8;95208;clean;automatic;4wd;full-size;36,277213;-80,339822;56
16995;2009;3;8;85225;clean;automatic;4wd;full-size;40,0009;-82,6687;49
5996;2003;2;8;141021;clean;automatic;4wd;full-size;44,602263;-73,16141;44
2000;1987;2;8;166000;clean;automatic;4wd;;48,217353;-114,277554;40
32914;2016;3;6;65706;clean;automatic;4wd;full-size;38,671618;-94,36651;52
26995;2011;3;8;119691;clean;automatic;4wd;mid-size;41,96378;-83,67195;45
21964;2013;3;8;50161;clean;automatic;4wd;;43,852883;-88,855927;45
30795;2014;3;6;24880;clean;automatic;4wd;full-size;38,588302;-89,923783;48
11977;2008;3;8;171488;clean;automatic;4wd;mid-size;44,87313;-87,89568;45
27000;2011;2;8;148789;clean;automatic;4wd;full-size;30,790116;-83,221583;59
16800;2008;3;8;136124;clean;automatic;4wd;full-size;35,887189;-78,265568;56
17250;2011;3;8;109000;clean;automatic;4wd;;44,060422;-92,50617;43
22000;2010;3;8;55000;clean;automatic;4wd;full-size;42,8256;-86,0104;45
6495;2007;2;6;58151;clean;other;rwd;full-size;41,799853;-86,077076;45
21998;2010;3;8;108000;clean;automatic;4wd;full-size;44,053757;-121,302076;50
18995;2010;2;8;157150;clean;automatic;4wd;full-size;33,27424;-86,810883;61
24000;2012;3;6;90000;lien;automatic;4wd;full-size;42,2451;-85,7943;45
21904;2013;3;8;91835;clean;automatic;4wd;mid-size;44,52039;-88,06645;45
27495;2013;3;6;95891;clean;automatic;4wd;full-size;42,701772;-89,008858;45
6800;2004;3;10;162000;clean;automatic;4wd;full-size;39,839935;-97,009964;51
17900;2014;3;8;63745;clean;automatic;rwd;full-size;36,277213;-80,339822;56
8498;2004;2;8;128152;clean;automatic;4wd;full-size;44,282904;-121,17374;50
9660;2006;3;8;179931;clean;automatic;4wd;mid-size;44,87313;-87,89568;45
7000;2003;3;8;113714;clean;automatic;rwd;full-size;43,6794;-83,9927;45
2500;2001;1;8;256499;clean;automatic;4wd;full-size;46,2232;-119,771;50
21995;2012;3;8;128851;clean;automatic;4wd;full-size;31,732124;-106,364833;67
10488;2006;3;8;98866;clean;automatic;4wd;mid-size;39,23845;-84,59307;49
3500;1998;2;8;222811;clean;automatic;4wd;;37,431;-77,6545;55
6800;2006;3;8;127999;clean;automatic;fwd;full-size;30,1743;-97,8225;67
24995;2014;2;8;122725;clean;automatic;4wd;full-size;31,607642;-89,196805;61
5950;2006;2;8;95000;clean;automatic;4wd;;41,089134;-80,704291;49
3000;1999;2;8;175517;clean;automatic;4wd;full-size;43,835837;-84,586108;45
23500;2014;3;6;102190;clean;automatic;4wd;full-size;35,887189;-78,265568;56
13995;2008;3;8;105033;clean;automatic;4wd;full-size;43,223552;-77,372473;53
22900;2015;3;8;99108;clean;automatic;4wd;full-size;33,066044;-89,593906;61
5000;1978;2;8;21300;clean;automatic;rwd;;40,4254;-79,9799;53
8995;2006;3;8;115500;clean;automatic;rwd;full-size;40,953292;-98,418422;46
49890;2018;4;6;3073;clean;automatic;4wd;;49,204598;-123,139205;
35832;2016;3;6;29136;clean;automatic;4wd;mid-size;44,52039;-88,06645;45
10688;2011;3;6;133015;clean;automatic;4wd;full-size;29,833422;-95,410297;67
18977;2010;4;8;81040;clean;automatic;4wd;full-size;41,344632;-75,688506;53
25000;2013;3;6;143175;clean;automatic;4wd;full-size;35,887189;-78,265568;56
6650;2001;3;8;147681;clean;automatic;rwd;;30,475548;-87,24535;65
3000;1997;1;8;92300;clean;automatic;4wd;full-size;44,027183;-92,447462;43
17000;2010;2;8;101853;clean;automatic;4wd;full-size;40,902588;-81,150479;49
4300;1992;2;8;190500;clean;automatic;rwd;full-size;34,539442;-112,467487;71
22950;2014;3;6;78500;rebuilt;automatic;4wd;;36,868848;-94,536845;52
26999;2014;2;6;127751;clean;automatic;4wd;full-size;36,644835;-93,218011;52
7500;2004;3;8;129420;clean;automatic;4wd;;42,5593;-83,79443;45
13750;2012;2;6;148000;clean;automatic;rwd;;37,22375;-93,213501;52
11500;2008;2;8;101000;clean;automatic;4wd;full-size;43,4775;-96,7041;38
12995;2014;2;6;155425;clean;automatic;rwd;full-size;42,477134;-82,949564;45
25998;2015;3;6;36048;clean;automatic;4wd;mid-size;42,22969;-83,48548;45
11990;2009;3;8;176000;clean;automatic;;;46,450007;-95,12469;43
11995;2012;4;8;144368;clean;automatic;;full-size;32,222;-95,2266;67
15000;2007;4;8;275000;clean;automatic;rwd;;49,239044;-122,857271;
29995;2015;2;8;62688;clean;automatic;4wd;full-size;42,970214;-90,112347;45
27993;2016;3;6;17312;clean;automatic;4wd;mid-size;44,52039;-88,06645;45
1;1997;2;8;247500;clean;automatic;;;26,6281;-82,0182;65
999;2011;2;8;85000;clean;automatic;rwd;;41,0334;-81,4385;49
6799;2003;3;8;81731;clean;automatic;rwd;full-size;40,050455;-84,193339;49
12995;2007;3;8;96000;clean;automatic;4wd;full-size;43,9608;-70,2974;44
2400;2000;1;6;167000;clean;manual;4wd;full-size;44,5199;-85,6935;45
31995;2013;3;8;144082;clean;automatic;;full-size;31,732124;-106,364833;67
16979;2013;3;6;68602;clean;automatic;rwd;mid-size;44,52039;-88,06645;45
27995;2016;3;8;42956;clean;automatic;4wd;full-size;40,83598;-96,725713;46
22700;2011;3;8;164808;clean;automatic;4wd;full-size;50,007206;-125,244168;
2995;1979;2;8;111111;clean;manual;4wd;;42,4638;-123,3457;50
2000;1993;2;8;116000;clean;automatic;4wd;full-size;37,278145;-107,859476;45
13200;2008;3;8;111102;clean;automatic;rwd;mid-size;34,83092;-87,62284;61
13500;2010;2;8;66000;clean;automatic;4wd;;43,9444;-72,6726;44
15900;2016;3;6;142595;clean;automatic;4wd;full-size;44,227258;-88,467902;45
7200;2002;3;8;142000;clean;automatic;4wd;full-size;45,765895;-87,089;45
9000;2004;2;8;187000;clean;automatic;4wd;;34,618;-86,0562;61
21987;2010;4;8;101071;clean;automatic;4wd;full-size;32,18182;-90,137611;61
4500;2004;2;8;70605;clean;automatic;rwd;;42,1743;-91,9892;47
15000;2016;3;6;109356;clean;automatic;rwd;mid-size;34,21788;-118,48452;59
8400;2012;2;6;141800;clean;automatic;rwd;;30,43;-97,8326;67
4600;2005;2;6;160000;clean;automatic;rwd;full-size;40,182207;-122,205471;59
5000;2003;2;8;227050;clean;automatic;4wd;full-size;38,0891;-85,6548;50
2500;2003;2;8;240345;clean;automatic;;;34,183033;-79,766836;60
4500;2002;1;8;88591;clean;automatic;4wd;full-size;30,512162;-87,252296;65
16995;2010;3;8;88402;rebuilt;automatic;4wd;full-size;44,409843;-89,88115;45
18950;2010;3;8;145278;clean;automatic;4wd;full-size;37,286501;-80,056719;55
5000;2002;2;8;290000;clean;automatic;4wd;;30,6327;-96,3662;67
4450;2004;3;8;152000;clean;automatic;4wd;full-size;42,484503;-92,324974;47
33996;2015;2;8;46711;clean;automatic;4wd;full-size;40,335245;-76,488033;53
28990;2013;2;6;58140;clean;automatic;4wd;full-size;45,978572;-94,342018;43
8950;2010;2;8;168260;clean;automatic;4wd;;40,120838;-77,028586;53
24988;2012;2;8;92871;clean;automatic;4wd;full-size;36,137597;-86,761799;59
20980;2011;3;6;73000;clean;automatic;4wd;full-size;38,210411;-84,548431;50
34999;2015;3;6;76002;clean;automatic;4wd;mid-size;44,52039;-88,06645;45
24888;2014;3;8;62084;clean;automatic;4wd;;47,830597;-110,662694;40
35998;2016;3;8;27417;clean;automatic;4wd;mid-size;44,52039;-88,06645;45
11500;2011;3;8;218000;clean;automatic;4wd;full-size;30,244371;-89,760584;67
7995;2000;3;8;183000;clean;automatic;rwd;full-size;39,363221;-121,686417;59
5400;2001;2;8;174000;clean;automatic;4wd;full-size;34,1124;-83,9965;59
13890;2011;3;8;142624;clean;automatic;4wd;full-size;43,15506;-75,930719;53
1;1997;2;8;247500;clean;automatic;;;26,6281;-82,0182;65
26500;2015;3;6;68000;clean;automatic;4wd;;42,436074;-96,213515;47
7500;2002;3;8;122000;clean;automatic;4wd;;41,3914;-75,6657;53
11000;2008;2;8;153000;lien;automatic;4wd;;43,124894;-86,174485;45
24993;2012;3;6;73737;clean;automatic;4wd;mid-size;44,52039;-88,06645;45
21900;2015;2;6;149616;clean;automatic;4wd;full-size;31,316064;-89,437114;61
5999;2004;3;8;113784;clean;automatic;4wd;full-size;27,873066;-82,786729;65
6500;2009;1;8;186484;clean;automatic;rwd;;37,545834;-97,242182;51
22994;2012;3;6;73737;clean;automatic;4wd;mid-size;44,52039;-88,06645;45
8495;2008;3;8;175000;clean;automatic;4wd;full-size;43,567639;-116,577928;47
24995;2015;3;8;85585;clean;automatic;4wd;;40,007891;-104,818353;45
21795;2015;2;6;103217;clean;automatic;4wd;full-size;35,796126;-78,554108;56
18900;2012;3;8;57000;rebuilt;automatic;4wd;full-size;40,254049;-76,035991;53
4500;1986;2;8;154000;clean;automatic;rwd;full-size;30,9524;-86,4003;65
10900;2007;2;8;120000;clean;automatic;4wd;full-size;41,07435;-85,171308;48
1499;1990;1;6;175000;clean;automatic;rwd;;38,7768;-76,0758;56
39894;2015;3;6;29531;clean;automatic;4wd;mid-size;44,52039;-88,06645;45
14950;2014;2;8;139325;clean;other;4wd;full-size;38,692648;-82,857744;49
7900;1997;3;8;93000;clean;automatic;rwd;full-size;44,633134;-75,251276;53
5500;1984;3;6;122000;rebuilt;automatic;rwd;;41,061777;-81,686515;49
3981;2008;2;6;156000;clean;automatic;rwd;full-size;44,9913;-92,9487;43
21900;2010;2;8;122275;clean;automatic;4wd;full-size;31,316064;-89,437114;61
22988;2012;3;6;132010;clean;automatic;4wd;;45,121187;-92,693325;45
30127;2015;3;8;38943;clean;automatic;4wd;mid-size;43,75891;-87,75358;45
3300;1998;3;8;151800;clean;automatic;rwd;full-size;36,060895;-115,248768;46
3800;1997;3;6;99500;clean;automatic;rwd;full-size;43,141162;-78,683072;53
35403;2016;3;6;22375;clean;automatic;4wd;mid-size;43,75891;-87,75358;45
9900;2008;3;8;137779;clean;automatic;;;26,92;-82,3048;65
500;2000;1;6;189208;clean;manual;rwd;full-size;39,72656;-82,711506;49
27995;2015;3;8;113168;clean;automatic;4wd;full-size;38,671618;-94,36651;52
37500;2017;4;6;13000;clean;automatic;4wd;full-size;35,1204;-76,9842;56
6999;2005;3;8;116116;clean;automatic;rwd;full-size;27,872735;-82,787042;65
5995;2001;3;8;154946;clean;automatic;4wd;;48,9372;-122,4592;50
13988;2011;2;6;146699;clean;automatic;4wd;full-size;42,892121;-85,665539;45
21890;2016;3;6;46203;clean;automatic;rwd;full-size;43,154559;-75,931234;53
17995;2009;2;8;120312;clean;other;4wd;full-size;45,049163;-93,035945;43
34500;2017;4;6;18800;clean;automatic;4wd;full-size;33,4812;-88,3554;61
49890;2018;4;6;3073;clean;automatic;4wd;;49,204598;-123,139205;
6400;2006;2;8;288;clean;automatic;4wd;full-size;49,392323;-123,542081;
12488;2010;2;8;144570;clean;automatic;4wd;full-size;42,892121;-85,665539;45
26320;2014;3;6;64947;clean;automatic;4wd;mid-size;43,75891;-87,75358;45
7500;2001;2;8;165000;clean;automatic;4wd;full-size;39,021205;-95,626545;51
1500;2000;1;8;194000;clean;automatic;4wd;full-size;61,19;-149,8938;29
18500;2013;3;6;75295;clean;automatic;4wd;mid-size;43,78124;-88,50265;45
28990;2015;3;8;37271;clean;automatic;4wd;full-size;43,154684;-75,930204;53
29995;2015;4;6;9214;clean;automatic;4wd;full-size;47,729625;-116,739006;47
5600;2007;2;8;213356;clean;automatic;rwd;;38,6157;-121,5053;59
7450;2006;3;8;256866;clean;automatic;4wd;full-size;27,603157;-80,38561;65
4500;2004;3;8;113438;clean;automatic;rwd;;39,71819;-86,35679;48
31990;2016;3;6;22726;clean;automatic;4wd;full-size;43,154434;-75,934324;53
5000;2001;2;8;249000;clean;automatic;4wd;full-size;40,167126;-122,23768;59
21995;2011;3;6;124507;clean;automatic;4wd;full-size;42,701772;-89,008858;45
18000;2013;3;6;144000;clean;automatic;4wd;full-size;31,9657;-86,2844;61
5800;2006;3;6;112413;clean;automatic;rwd;full-size;28,079232;-80,674959;65
9700;2005;3;8;183000;clean;automatic;;;46,450007;-95,12469;43
1600;1996;2;8;199000;clean;automatic;rwd;full-size;43,5835;-70,3457;44
36998;2015;4;6;19881;clean;automatic;4wd;;50,045346;-125,269028;
1300;1986;2;6;167000;clean;manual;rwd;;37,9038;-77,6308;55
31950;2016;3;6;46027;clean;automatic;4wd;full-size;48,435674;-122,325843;50
28218;2014;3;6;87723;clean;automatic;4wd;mid-size;27,15356;-80,21936;65
3000;2001;3;8;200000;clean;automatic;4wd;full-size;39,9597;-74,5655;52
3950;2006;3;8;187000;clean;automatic;4wd;full-size;42,484503;-92,324974;47
3200;2003;2;8;154000;clean;automatic;4wd;;41,3691;-71,8126;49
21995;2014;2;6;81275;clean;automatic;rwd;full-size;36,08996;-96,05206;57
26999;2014;3;8;73411;clean;automatic;4wd;;34,7253;-76,7531;56
12990;2013;3;8;176752;clean;automatic;;full-size;47,911024;-97,045022;38
12000;2010;2;8;164000;lien;automatic;4wd;;35,5866;-77,3485;56
11997;2003;3;8;137655;clean;automatic;4wd;full-size;42,355897;-122,865844;50
9038;2006;3;8;196531;clean;automatic;4wd;mid-size;44,52039;-88,06645;45
700;1995;0;8;280000;clean;automatic;4wd;full-size;5,377001;-5,377999;
14995;2010;3;8;120715;clean;automatic;4wd;full-size;43,223552;-77,372473;53
33000;2015;4;8;58000;clean;automatic;4wd;full-size;40,4659;-88,3609;48
2000;1986;2;6;24000;clean;automatic;rwd;full-size;43,453187;-84,047871;45
13988;2013;2;6;48459;clean;automatic;rwd;full-size;45,553434;-94,231841;43
9950;2007;3;8;138582;clean;automatic;4wd;mid-size;36,28962;-95,31964;57
2500;1991;2;6;186500;clean;manual;rwd;full-size;34,402;-119,2982;59
42980;2017;4;6;13615;clean;automatic;4wd;;49,204598;-123,139205;
8995;2006;3;8;138975;clean;automatic;4wd;full-size;40,842755;-96,694022;46
7900;2003;2;8;288000;clean;automatic;4wd;full-size;48,687655;-123,603336;
1750;1997;2;8;320000;clean;automatic;4wd;;44,858294;-95,44339;43
2500;1984;2;6;92311;clean;automatic;rwd;full-size;36,7863;-119,8286;59
14995;2007;3;8;141653;clean;automatic;4wd;full-size;38,084394;-89,339761;48
19900;2014;4;8;114295;clean;automatic;4wd;;36,18884;-94,138076;59
3995;2006;4;8;138834;clean;automatic;4wd;full-size;40,019011;-74,94746;52
17495;2012;2;6;123729;clean;automatic;4wd;full-size;38,717906;-108,054869;45
5495;2006;3;8;151344;clean;automatic;4wd;;45,2617;-88,078;45
9300;2008;2;8;176000;clean;automatic;4wd;full-size;37,375676;-79,185799;55
13880;2009;3;8;154597;clean;automatic;4wd;mid-size;44,87313;-87,89568;45
19000;2011;3;6;83000;clean;automatic;4wd;full-size;41,3301;-92,2019;47
19977;2015;3;6;80941;clean;automatic;rwd;full-size;27,848654;-82,690316;65
700;1996;1;6;260;clean;manual;rwd;full-size;42,9958;-82,4599;45
33890;2018;3;8;17621;clean;automatic;rwd;full-size;43,154309;-75,931063;53
5500;2002;2;8;176733;clean;automatic;4wd;full-size;41,875262;-84,018623;45
10900;2006;3;8;115000;clean;automatic;4wd;full-size;40,3958;-111,8506;50
7995;2005;2;8;167358;clean;automatic;;full-size;42,03519;-91,559347;47
14995;2009;3;8;140149;clean;automatic;4wd;full-size;38,159627;-85,697708;50
20880;2015;3;8;124371;clean;automatic;4wd;mid-size;44,57437;-88,16024;45
3800;2001;2;8;124800;clean;automatic;rwd;mid-size;29,4832;-82,8809;65
4700;2004;2;8;203000;clean;automatic;4wd;;45,346;-94,1628;43
34770;2016;3;6;24319;clean;automatic;4wd;mid-size;34,74851;-77,41559;56
3200;2005;2;6;147;rebuilt;automatic;;;32,7115;-97,0069;67
3000;2000;2;6;173000;clean;manual;rwd;;36,9375;-86,4481;50
3000;2000;2;6;148000;clean;automatic;rwd;full-size;44,0105;-92,3973;43
16788;2014;2;6;127865;clean;automatic;4wd;full-size;42,892121;-85,665539;45
6000;2003;3;8;100451;clean;automatic;4wd;;40,0497;-122,0992;59
16950;2013;2;6;162530;clean;automatic;4wd;full-size;34,614367;-97,967015;57
6500;1990;3;8;86000;clean;automatic;4wd;;40,9218;-77,0505;53
15995;2010;2;8;90236;clean;automatic;4wd;full-size;35,661076;-78,703988;56
3500;1998;1;8;73000;clean;automatic;rwd;;39,2672;-84,5993;49
43995;2018;2;8;17675;clean;automatic;4wd;full-size;43,078373;-92,317804;47
16995;2010;3;8;70816;clean;automatic;4wd;full-size;43,223552;-77,372473;53
28488;2015;4;8;79557;clean;automatic;4wd;full-size;43,558671;-92,009977;43
5496;2003;2;8;141021;clean;automatic;4wd;full-size;44,602263;-73,16141;44
6000;2006;2;6;127;clean;automatic;rwd;;28,97366;-81,027426;65
13500;2004;3;8;113200;clean;automatic;4wd;;35,732997;-81,34037;56
2000;1998;1;8;270000;clean;automatic;4wd;;33,028;-80,1739;60
13000;2007;3;8;118000;clean;automatic;4wd;;45,316185;-94,299431;43
5500;2004;2;8;168000;clean;automatic;4wd;full-size;42,6359;-73,7219;53
23900;2013;4;8;44900;clean;automatic;4wd;full-size;34,268;-78,0578;56
25994;2014;3;6;55017;clean;automatic;4wd;mid-size;43,78124;-88,50265;45
22960;2013;2;6;117852;clean;automatic;4wd;full-size;36,137597;-86,761799;59
16013;2008;3;8;109381;clean;automatic;4wd;mid-size;44,52039;-88,06645;45
30795;2014;3;6;24880;clean;automatic;4wd;full-size;38,588302;-89,923783;48
29799;2013;3;6;50617;clean;automatic;4wd;mid-size;44,52039;-88,06645;45
1400;1987;2;8;999999;clean;manual;4wd;;34,6323;-89,8855;61
5500;2001;2;8;251800;clean;automatic;4wd;full-size;32,2768;-95,3031;67
6800;2002;4;8;127000;clean;automatic;rwd;mid-size;37,0156;-76,4332;55
30000;2018;3;8;12200;clean;automatic;rwd;full-size;33,6819;-112,0996;71
4000;1998;2;8;182090;clean;manual;4wd;;46,2395;-114,1679;40
3495;2002;2;8;201803;clean;automatic;4wd;full-size;42,477134;-82,949564;45
400;1979;1;8;160000;clean;automatic;rwd;;48,2251;-97,4605;38
26750;2014;2;6;90371;clean;automatic;4wd;full-size;35,273684;-93,120968;59
10900;2006;2;8;109800;clean;automatic;4wd;full-size;40,733935;-80,731848;49
11995;2006;3;8;121978;clean;automatic;rwd;full-size;38,159627;-85,697708;50
18994;2013;3;6;75295;clean;automatic;4wd;mid-size;43,78124;-88,50265;45
5999;2004;2;8;185957;clean;automatic;rwd;full-size;38,298165;-104,612546;45
900;1997;2;8;147000;clean;automatic;rwd;full-size;34,121;-88,7342;61
9990;2012;2;8;127501;clean;automatic;rwd;full-size;40,468826;-74,281734;52
22995;2012;3;8;102266;clean;automatic;4wd;mid-size;34,59723;-112,3173;71
25500;2015;3;8;14428;clean;automatic;4wd;full-size;27,144043;-82,454602;65
6000;2001;2;8;160000;clean;automatic;;;34,2726;-77,9633;56
7900;2005;3;8;123000;clean;automatic;4wd;full-size;42,484503;-92,324974;47
13995;2008;3;8;67943;clean;automatic;4wd;full-size;43,223552;-77,372473;53
500;1993;0;6;426000;clean;manual;rwd;full-size;38,160481;-76,912735;55
26900;2013;3;8;95208;clean;automatic;4wd;full-size;36,277213;-80,339822;56
7000;2006;3;6;138000;clean;automatic;rwd;mid-size;37,0831;-113,5581;50
7900;2005;3;8;101000;clean;automatic;4wd;full-size;42,484503;-92,324974;47
6995;2003;3;8;167662;clean;automatic;4wd;full-size;45,518031;-122,578752;50
32990;2018;3;8;17621;clean;automatic;rwd;full-size;43,15481;-75,932436;53
12995;2011;2;6;139508;clean;automatic;4wd;full-size;42,477134;-82,949564;45
22900;2012;2;8;125874;clean;automatic;4wd;full-size;31,316064;-89,437114;61
8995;2006;2;8;113000;clean;automatic;4wd;full-size;39,032924;-95,725312;51
31990;2016;3;6;22726;clean;automatic;4wd;full-size;43,154434;-75,934153;53
950;2003;1;8;33;clean;automatic;rwd;full-size;43,6376;-84,268;45
19880;2011;3;8;73224;clean;automatic;4wd;mid-size;44,57437;-88,16024;45
41400;2015;4;6;27750;clean;automatic;4wd;;43,651753;-94,45321;43
3000;1994;3;8;190000;clean;automatic;4wd;full-size;47,430007;-123,331885;50
9770;2007;3;8;170320;clean;automatic;4wd;mid-size;44,57437;-88,16024;45
5483;2004;2;8;152816;clean;automatic;4wd;full-size;41,46389;-81,7693;49
700;1995;1;8;240000;clean;automatic;rwd;full-size;64,761472;-147,284208;29
9900;2009;2;8;97697;clean;automatic;rwd;full-size;37,677378;-92,656734;52
4350;2001;2;8;236581;rebuilt;automatic;4wd;full-size;38,479493;-90,741664;52
16995;2010;3;8;66075;clean;automatic;4wd;full-size;39,199642;-96,084108;51
27996;2014;2;8;22918;clean;automatic;4wd;full-size;40,335245;-76,488033;53
14900;2011;3;6;102750;clean;automatic;4wd;mid-size;36,2535;-95,33257;57
16899;2009;3;8;110516;clean;automatic;4wd;mid-size;43,78124;-88,50265;45
1200;1997;1;8;215328;clean;automatic;rwd;;36,184873;-85,41544;59
14875;2012;3;8;91713;clean;automatic;4wd;full-size;38,584848;-89,985587;48
20000;2014;2;6;111500;lien;automatic;4wd;full-size;49,474083;-123,754707;
25993;2013;3;8;41952;clean;automatic;4wd;mid-size;44,52039;-88,06645;45
5700;2006;2;8;162000;clean;automatic;rwd;full-size;41,1449;-81,3498;49
4350;2001;2;8;236581;rebuilt;automatic;4wd;full-size;38,479493;-90,741664;52
10000;2010;2;8;186000;clean;automatic;rwd;;31,9116;-98,6082;67
2895;2006;2;6;250000;clean;automatic;rwd;full-size;41,6092;-93,6;47
18500;2010;4;8;110000;lien;automatic;4wd;full-size;36,1128;-115,2801;46
17799;2013;3;6;164000;clean;automatic;4wd;;44,0105;-92,3973;43
30996;2014;3;6;48725;clean;automatic;4wd;mid-size;44,52039;-88,06645;45
3450;1997;2;8;203000;clean;automatic;4wd;full-size;35,070081;-106,515181;45
10900;2004;3;8;146000;clean;automatic;4wd;full-size;36,6955;-93,115;52
11995;2010;2;8;109413;clean;automatic;4wd;full-size;39,834179;-75,124291;52
3995;1997;2;8;185180;clean;automatic;4wd;;43,594814;-116,587524;47
35000;2017;5;8;19000;clean;automatic;4wd;full-size;33,90126;-84,914312;59
1900;1998;2;6;188000;clean;automatic;rwd;full-size;39,7563;-84,1895;49
31490;2016;3;8;32279;clean;automatic;4wd;mid-size;43,75891;-87,75358;45
6972;2007;3;8;166432;clean;automatic;4wd;full-size;42,036411;-91,56247;47
6000;2007;2;8;139000;clean;automatic;4wd;full-size;40,8811;-85,5054;48
12750;2014;3;8;38397;salvage;automatic;rwd;;46,136342;-100,16963;38
1200;1999;1;8;345000;clean;automatic;rwd;full-size;29,1159;-82,2422;65
13865;2010;3;8;166062;clean;automatic;4wd;;49,210949;-123,11472;
10500;2007;3;8;104560;clean;automatic;rwd;mid-size;34,82834;-87,63558;61
23950;2017;2;8;35115;clean;automatic;rwd;full-size;33,512633;-86,79777;61
25990;2013;3;8;37419;clean;automatic;4wd;mid-size;43,75891;-87,75358;45
4000;2005;2;8;155000;rebuilt;automatic;4wd;mid-size;40,251;-74,7627;52
5800;2006;2;8;239000;clean;automatic;rwd;full-size;30,354324;-93,232942;67
9000;2005;3;8;162200;clean;automatic;4wd;full-size;37,839072;-85,94082;50
6450;2005;3;8;171690;clean;automatic;4wd;mid-size;42,64387;-84,0733;45
4500;2001;2;8;305500;clean;automatic;4wd;full-size;45,765436;-108,542229;40
4200;2008;3;8;118000;clean;automatic;rwd;full-size;33,417142;-112,259331;71
45970;2015;3;6;67000;clean;automatic;4wd;full-size;49,184885;-122,801111;
6900;2005;3;8;142000;clean;automatic;rwd;;27,447286;-80,351343;65
4500;1998;1;8;126700;clean;manual;rwd;full-size;37,099509;-85,316384;50
35500;2016;3;6;24400;clean;automatic;4wd;;40,547;-122,34;59
16995;2011;3;6;82345;clean;automatic;4wd;full-size;38,159627;-85,697708;50
14995;2009;3;8;140149;clean;automatic;4wd;full-size;38,159627;-85,697708;50
18550;2011;3;6;129594;clean;automatic;4wd;mid-size;44,57437;-88,16024;45
20995;2014;3;6;157556;clean;automatic;;full-size;42,701772;-89,008858;45
5900;2006;3;6;169000;clean;automatic;;full-size;49,255829;-123,087663;
26500;2014;3;6;43848;clean;automatic;4wd;mid-size;46,59003;-95,57416;43
9499;2006;3;8;161514;clean;automatic;;full-size;37,609783;-120,995406;59
18995;2012;3;8;107000;clean;automatic;4wd;full-size;32,25;-110,8869;71
15995;2010;3;8;90260;clean;automatic;4wd;full-size;43,223552;-77,372473;53
2700;1999;2;6;114400;clean;automatic;4wd;full-size;42,311;-71,7958;50
20990;2013;3;6;56000;clean;automatic;;;46,450007;-95,12469;43
21995;2011;3;6;108029;clean;automatic;4wd;full-size;41,781722;-72,533825;51
4450;2004;3;8;152000;clean;automatic;4wd;full-size;42,484503;-92,324974;47
5000;1979;2;8;142000;clean;automatic;rwd;full-size;40,710157;-86,752395;48
29780;2015;2;8;76711;clean;automatic;4wd;full-size;39,019586;-94,574291;52
1500;1992;2;8;156000;clean;manual;4wd;full-size;42,182579;-91,676494;47
39900;2018;4;6;8000;clean;automatic;4wd;;29,1056;-82,098;65
35901;2014;3;8;16416;clean;automatic;4wd;mid-size;44,52039;-88,06645;45
5999;2007;2;8;228001;clean;automatic;rwd;full-size;36,644835;-93,218011;52
950;1995;2;6;265000;clean;automatic;4wd;full-size;41,6563;-85,0198;48
13200;2008;3;8;111102;clean;automatic;rwd;mid-size;34,83092;-87,62284;61
26995;2015;2;8;53184;clean;automatic;4wd;full-size;42,970214;-90,112347;45
3000;2002;2;6;106000;clean;automatic;4wd;full-size;45,7862;-87,9047;45
5499;2006;3;8;142000;clean;automatic;;;40,8956;-81,433;49
17500;2014;3;8;88000;clean;automatic;4wd;;45,614034;-108,386684;40
4200;2002;2;8;174272;clean;automatic;4wd;;36,034802;-79,790182;56
1500;1988;1;8;51000;clean;manual;rwd;full-size;45,6693;-111,0431;40
11995;2006;3;8;121978;clean;automatic;rwd;full-size;38,159627;-85,697708;50
17900;2013;2;6;156657;clean;automatic;4wd;full-size;43,029559;-89,397796;45
3999;2012;4;6;262000;clean;automatic;4wd;full-size;32,85978;-79,984071;60
5999;2006;3;8;175000;clean;automatic;fwd;;29,718267;-95,674438;67
16888;2010;3;8;88755;clean;automatic;4wd;;47,830597;-110,662694;40
7500;2006;3;8;219918;clean;automatic;4wd;full-size;35,872198;-80,156966;56
13995;2014;2;6;156082;clean;automatic;4wd;full-size;35,661076;-78,703988;56
25900;2013;3;8;95208;clean;automatic;4wd;full-size;36,277213;-80,339822;56
20000;2009;3;8;59000;clean;automatic;4wd;full-size;40,877532;-81,400579;49
17995;2013;2;8;102893;clean;automatic;rwd;full-size;35,661076;-78,703988;56
1600;1987;2;6;390000;clean;manual;;full-size;28,5515;-81,3051;65
6200;2007;3;8;130000;clean;automatic;4wd;;28,1367;-82,461;65
5700;2008;3;6;170000;clean;manual;rwd;full-size;35,7917;-79,7132;56
19500;2011;3;6;127016;clean;automatic;4wd;full-size;35,887189;-78,265568;56
29990;2015;2;8;126812;clean;automatic;4wd;full-size;35,707183;-78,660826;56
34500;2016;3;6;17959;clean;automatic;4wd;mid-size;34,74851;-77,41559;56
17995;2010;3;8;141190;clean;automatic;4wd;full-size;38,084394;-89,339761;48
12999;2009;2;8;160000;clean;automatic;4wd;full-size;38,163294;-90,455192;52
11990;2007;3;8;132000;clean;automatic;;;46,450007;-95,12469;43
30900;2015;3;6;59487;clean;automatic;4wd;full-size;32,263181;-95,30689;67
25909;2014;3;6;68599;clean;automatic;4wd;mid-size;44,52039;-88,06645;45
21990;2015;3;6;64000;clean;automatic;rwd;;32,236664;-110,866049;71
9600;2007;2;8;153539;clean;automatic;rwd;;34,464983;-84,419487;59
2800;1999;2;6;147000;clean;automatic;rwd;;40,435552;-75,906632;53
9750;2006;2;8;175614;clean;automatic;4wd;full-size;30,621073;-87,043047;65
9500;2007;3;8;197450;clean;automatic;4wd;full-size;37,175882;-94,319524;52
32995;2016;3;6;22633;clean;automatic;4wd;full-size;38,671618;-94,36651;52
8995;2004;2;8;134285;clean;automatic;;;38,814626;-94,532522;52
27997;2015;3;8;48363;clean;automatic;4wd;full-size;41,274901;-95,937123;46
46925;2016;3;6;58532;clean;automatic;4wd;mid-size;34,74851;-77,41559;56
49890;2018;4;6;3073;clean;automatic;4wd;;49,204598;-123,139205;
2000;1997;1;8;158000;clean;automatic;rwd;full-size;36,9721;-121,9881;59
11500;2010;3;6;150000;clean;automatic;fwd;full-size;29,695329;-98,118296;67
45550;2016;3;6;23472;clean;automatic;4wd;mid-size;34,74851;-77,41559;56
25995;2012;2;8;87069;clean;automatic;4wd;full-size;44,354956;-106,680348;41
18888;2010;3;8;85811;clean;automatic;4wd;;47,830597;-110,662694;40
1449;2011;2;8;85000;clean;automatic;rwd;;41,0334;-81,4385;49
21950;2012;2;6;138409;clean;automatic;4wd;full-size;37,132515;-94,474498;52
10495;2012;2;8;187132;clean;automatic;4wd;full-size;46,842209;-96,769064;43
13499;2010;2;8;110495;clean;automatic;4wd;full-size;40,041081;-86,009423;48
30989;2016;3;8;56220;clean;automatic;4wd;mid-size;43,75891;-87,75358;45
28000;2015;3;6;103000;clean;automatic;4wd;full-size;43,826793;-111,817984;47
9500;2003;3;8;101000;clean;automatic;rwd;full-size;30,3105;-85,9106;65
20950;2014;2;6;129706;clean;automatic;rwd;full-size;30,649625;-88,127994;61
3900;2004;2;8;144650;lien;automatic;4wd;full-size;39,671;-95,529549;51
4000;2001;2;8;169000;clean;automatic;4wd;;44,8718;-91,9265;45
7900;2005;3;8;123000;clean;automatic;4wd;full-size;42,484503;-92,324974;47
9250;2011;3;8;173000;clean;automatic;4wd;full-size;43,3047;-96,4363;47
29995;2014;3;8;95000;clean;automatic;4wd;;49,089607;-122,646689;
8650;2007;3;8;174000;lien;automatic;4wd;full-size;40,373856;-111,91515;50
16997;2009;3;8;110516;clean;automatic;4wd;mid-size;43,78124;-88,50265;45
4995;2004;2;8;138072;clean;automatic;;full-size;42,03519;-91,559347;47
1500;1993;1;8;93000;clean;automatic;4wd;full-size;40,0766;-76,3107;53
18900;2011;4;8;99488;clean;automatic;4wd;;36,188858;-94,137985;59
25000;2013;3;8;45000;clean;automatic;4wd;;35,145179;-106,553135;45
16900;2014;2;8;161236;clean;automatic;4wd;full-size;36,644835;-93,218011;52
13000;2008;2;8;95000;rebuilt;automatic;4wd;full-size;61,5923;-149,3959;29
5000;2001;3;8;116000;rebuilt;automatic;4wd;full-size;37,575;-87,2773;50
8550;2005;3;8;164628;clean;automatic;4wd;mid-size;44,57437;-88,16024;45
15880;2010;3;8;127094;clean;automatic;4wd;mid-size;44,54929;-88,04897;45
12900;2009;2;8;98307;clean;automatic;rwd;full-size;35,325853;-82,465413;56
27000;2014;3;6;43848;clean;automatic;4wd;mid-size;46,59003;-95,57416;43
1000;2006;3;8;97000;clean;automatic;4wd;full-size;40,6568;-111,8904;50
6000;2005;2;8;85000;clean;automatic;rwd;full-size;41,183802;-82,038777;49
9900;2010;2;8;160000;clean;automatic;4wd;;42,851055;-83,45119;45
24483;2014;3;8;97215;clean;automatic;4wd;full-size;45,04393;-93,540273;43
1;2013;3;8;67808;clean;automatic;4wd;full-size;28,466088;-81,396429;65
16999;2009;2;8;119789;clean;automatic;4wd;full-size;37,677679;-97,060261;51
7200;2003;3;8;175700;clean;automatic;4wd;full-size;38,3328;-88,5833;48
21495;2013;3;8;64412;rebuilt;automatic;4wd;full-size;44,410131;-89,881957;45
3900;2005;2;8;220000;clean;automatic;;;35,1527;-86,5664;59
4350;2001;2;8;236581;rebuilt;automatic;4wd;full-size;38,479493;-90,741664;52
16800;2013;3;6;94814;clean;automatic;;full-size;30,497423;-87,263267;65
23900;2013;3;8;56000;clean;automatic;4wd;full-size;35,590431;-77,014881;56
34430;2017;4;8;4350;clean;automatic;4wd;full-size;46,9209;-96,8318;38
3000;2006;2;8;200000;clean;automatic;rwd;full-size;26,131033;-97,968107;67
9500;2003;2;8;114000;clean;automatic;4wd;;36,059;-81,9303;56
13990;2007;3;8;157804;clean;automatic;4wd;mid-size;36,47793;-79,7389;56
22995;2013;2;8;97744;clean;automatic;;full-size;27,176336;-80,240442;65
45900;2016;4;6;20000;clean;automatic;4wd;;35,1591;-85,2182;59
33796;2015;2;8;46711;clean;automatic;4wd;full-size;40,335245;-76,488033;53
22993;2012;4;8;83000;clean;automatic;4wd;;42,690388;-71,433474;50
16995;2002;2;8;65336;clean;automatic;rwd;full-size;33,711509;-78,909582;60
2500;1996;2;6;193862;clean;manual;rwd;full-size;37,537;-89,9272;52
4995;2002;2;8;17000;clean;automatic;rwd;full-size;27,138289;-82,46566;65
15995;2010;3;8;90260;clean;automatic;4wd;full-size;43,223552;-77,372473;53
6990;1995;2;8;115705;clean;automatic;4wd;full-size;40,468826;-74,281734;52
27325;2014;3;8;26887;clean;automatic;4wd;mid-size;42,18631;-71,83726;50
10998;2008;3;8;132614;clean;automatic;4wd;mid-size;43,78124;-88,50265;45
7500;2002;3;8;122000;clean;automatic;4wd;;41,3914;-75,6657;53
43900;2018;3;8;1000;clean;automatic;;full-size;42,484503;-92,324974;47
19500;2015;3;8;12000;clean;automatic;;;26,1671;-98,0529;67
19995;2013;2;6;145956;clean;automatic;4wd;full-size;38,717906;-108,054869;45
2900;2002;2;8;217800;rebuilt;automatic;rwd;full-size;32,933381;-111,204511;71
5995;2001;3;8;195000;clean;automatic;4wd;full-size;48,79036;-122,521616;50
14500;2013;3;8;211000;clean;automatic;4wd;full-size;46,236996;-119,207017;50
8999;2002;3;8;116800;clean;automatic;rwd;full-size;37,504659;-97,504327;51
8975;2009;2;8;149678;clean;automatic;4wd;;39,9048;-86,0673;48
42499;2014;3;8;25658;clean;automatic;4wd;mid-size;43,78124;-88,50265;45
5000;1991;2;8;99800;clean;manual;4wd;full-size;39,135741;-84,233637;49
18994;2013;3;6;75295;clean;automatic;4wd;mid-size;43,78124;-88,50265;45
8950;2008;2;8;141713;clean;automatic;4wd;full-size;45,792754;-108,48371;40
10900;2012;3;8;172300;clean;automatic;;;32,7059;-117,0524;59
2300;2003;1;8;360000;clean;automatic;rwd;;34,1082;-82,8448;59
39697;2015;3;6;29531;clean;automatic;4wd;mid-size;44,52039;-88,06645;45
26799;2013;3;6;61637;clean;automatic;4wd;mid-size;43,78124;-88,50265;45
13990;2010;3;8;144000;clean;automatic;4wd;;46,450007;-95,12469;43
21682;2011;3;6;89127;clean;automatic;4wd;mid-size;44,52039;-88,06645;45
2950;2005;2;8;165;clean;automatic;rwd;;41,8383;-71,4377;49
65000;2017;4;6;11369;clean;automatic;4wd;full-size;33,47269;-117,106018;59
9550;2006;3;8;168942;clean;automatic;4wd;mid-size;44,87313;-87,89568;45
24995;2013;2;6;76852;clean;automatic;4wd;full-size;34,586557;-83,761243;59
7300;2007;2;8;103954;rebuilt;automatic;4wd;;47,305;-122,2067;50
8995;2005;4;8;112649;clean;automatic;4wd;;43,618978;-116,240501;47
15999;2010;3;4;113088;clean;automatic;;;42,686373;-73,796132;53
24000;2013;2;8;107000;salvage;automatic;4wd;;46,8907;-96,9258;38
7395;2004;3;8;113784;clean;automatic;4wd;full-size;27,875196;-82,786723;65
9900;2006;2;6;166721;clean;automatic;4wd;full-size;43,029559;-89,397796;45
19390;2011;3;8;133184;clean;automatic;;full-size;27,9382;-82,3756;65
19977;2013;3;8;46185;clean;automatic;rwd;full-size;27,848654;-82,690316;65
6000;2006;1;8;235000;clean;automatic;4wd;full-size;37,111433;-80,4249;55
16990;2014;3;6;107000;clean;automatic;4wd;;46,450007;-95,12469;43
37995;2015;3;6;48800;clean;automatic;4wd;;47,830597;-110,662694;40
1995;2001;3;8;219607;clean;automatic;4wd;full-size;39,333126;-76,44374;56
3841;2006;3;8;154070;clean;automatic;rwd;mid-size;28,03978;-81,94071;65
4900;2000;3;8;98000;clean;automatic;rwd;full-size;38,548837;-75,946598;56
3000;2001;2;8;218000;clean;automatic;rwd;;27,9781;-82,7815;65
27995;2015;3;6;106262;clean;automatic;4wd;full-size;38,671618;-94,36651;52
1600;1995;2;8;1;clean;automatic;;mid-size;48,7048;-95,7504;43
5200;2002;3;8;180000;clean;automatic;4wd;full-size;43,121034;-87,944527;45
15950;2014;2;8;122545;clean;automatic;4wd;full-size;38,692648;-82,857744;49
16788;2014;2;6;127865;clean;automatic;4wd;full-size;42,892121;-85,665539;45
3700;1995;3;8;173;clean;automatic;rwd;compact;31,5789;-84,2118;59
36000;2016;3;6;16464;clean;automatic;4wd;mid-size;34,74851;-77,41559;56
20880;2015;3;8;124371;clean;automatic;4wd;mid-size;44,57437;-88,16024;45
6995;2008;3;8;179000;clean;automatic;4wd;;39,4515;-94,7444;52
4500;2005;2;8;250200;clean;automatic;fwd;full-size;29,949423;-90,0812;67
14000;2014;2;8;113000;clean;automatic;rwd;full-size;27,693157;-97,403305;67
23800;2014;3;8;93580;clean;automatic;4wd;full-size;33,066044;-89,593906;61
6999;2005;2;8;165300;clean;automatic;4wd;full-size;41,472457;-90,650722;47
10990;2003;2;8;115260;clean;automatic;4wd;full-size;41,111779;-83,203835;49
36900;2015;3;6;42509;clean;automatic;rwd;;32,3224;-106,8041;45
27300;2011;3;8;119691;clean;automatic;4wd;mid-size;41,96378;-83,67195;45
11695;2010;3;8;151324;clean;automatic;4wd;full-size;42,826342;-85,662761;45
9000;2006;2;8;157000;lien;automatic;4wd;;46,4177;-95,5436;43
17995;2014;2;6;108026;clean;automatic;4wd;full-size;41,686718;-86,012028;48
6450;2004;2;8;168553;clean;automatic;rwd;full-size;34,901044;-82,339321;60
32995;2016;3;6;31536;clean;automatic;4wd;full-size;38,671618;-94,36651;52
2995;1979;2;8;111111;clean;manual;4wd;;42,4638;-123,3457;50
800;1994;2;8;0;clean;automatic;rwd;full-size;41,680321;-86,160307;48
6900;2006;3;8;170000;clean;automatic;4wd;full-size;41,6835;-86,1682;48
3490;1999;3;8;237000;clean;automatic;;;46,450007;-95,12469;43
7100;2007;3;6;59000;clean;manual;rwd;full-size;42,783043;-86,057625;45
17995;2010;2;8;75063;clean;automatic;4wd;full-size;42,477134;-82,949564;45
19770;2014;3;6;137774;clean;automatic;4wd;mid-size;44,57437;-88,16024;45
11995;2008;3;8;148484;clean;automatic;4wd;full-size;45,518031;-122,578752;50
30961;2015;3;6;83987;clean;automatic;4wd;full-size;38,671618;-94,36651;52
21995;2014;3;6;157556;clean;automatic;;full-size;42,701772;-89,008858;45
7950;2005;2;8;159302;clean;automatic;rwd;full-size;34,614367;-97,967015;57
22897;2010;2;8;46722;clean;automatic;4wd;full-size;40,335245;-76,488033;53
14000;2010;2;8;174470;clean;automatic;4wd;full-size;46,681;-92,2226;43
23893;2012;3;6;83000;clean;automatic;4wd;;42,690296;-71,433456;50
18000;2011;3;6;128000;clean;automatic;4wd;full-size;43,2193;-75,4498;53
26990;2013;2;8;102848;clean;automatic;4wd;full-size;27,631375;-80,356205;65
19975;2014;3;8;95101;clean;automatic;4wd;full-size;43,204762;-75,440834;53
36900;2014;2;8;99110;clean;automatic;4wd;full-size;31,316064;-89,437114;61
30917;2015;3;6;25536;clean;automatic;4wd;;43,852883;-88,855927;45
36990;2014;3;8;54371;clean;automatic;4wd;;39,65814;-104,987585;45
19000;2010;3;8;88000;clean;automatic;4wd;full-size;32,7093;-114,4905;71
9999;2006;3;8;161514;clean;automatic;;full-size;37,609783;-120,995406;59
10888;2010;2;8;190000;clean;automatic;4wd;full-size;30,520244;-89,647288;61
30995;2016;3;8;41503;clean;automatic;4wd;full-size;38,671618;-94,36651;52
26995;2015;2;8;53184;clean;automatic;4wd;full-size;42,970214;-90,112347;45
7500;2006;2;8;169;clean;automatic;4wd;;41,056793;-96,645431;46
11900;2010;4;8;144010;clean;automatic;;;36,189024;-94,138008;59
26900;2015;3;6;94380;clean;automatic;4wd;full-size;33,066044;-89,593906;61
6000;2005;2;8;167000;clean;automatic;4wd;;25,950376;-97,321693;67
8500;2004;1;8;119818;clean;automatic;4wd;full-size;43,521863;-88,220749;45
3399;1998;3;8;198000;clean;automatic;4wd;full-size;46,0153;-95,6951;43
37500;2015;3;6;67102;clean;automatic;4wd;mid-size;34,74851;-77,41559;56
37995;2015;4;8;26903;clean;automatic;4wd;;50,045346;-125,269028;
2500;2000;1;8;94000;clean;automatic;4wd;full-size;38,9941;-84,642;50
39900;2016;2;8;29363;clean;automatic;rwd;full-size;31,316064;-89,437114;61
12950;2004;3;8;152350;clean;automatic;4wd;full-size;28,0094;-82,1138;65
13000;2010;2;8;146000;clean;automatic;4wd;;38,8017;-83,5333;49
9850;2005;3;8;213195;clean;automatic;4wd;full-size;36,030812;-80,166818;56
4500;2005;3;8;190000;clean;automatic;;full-size;33,561423;-101,856239;67
18995;2010;3;8;86428;clean;automatic;4wd;full-size;43,044479;-89,474393;45
5000;2006;2;8;197000;clean;automatic;4wd;full-size;45,630401;-109,253197;40
46925;2016;3;6;58532;clean;automatic;4wd;mid-size;34,74851;-77,41559;56
9950;2001;2;8;106000;clean;automatic;rwd;full-size;39,2059;-84,9616;48
19375;2013;2;6;105706;clean;automatic;rwd;;32,427868;-86,467649;61
34500;2016;3;6;28000;lien;automatic;4wd;;42,252791;-121,789713;50
17450;2014;3;8;111612;clean;automatic;4wd;full-size;42,944251;-83,730441;45
2995;1979;2;8;111111;clean;manual;4wd;;42,4638;-123,3457;50
7395;2004;3;8;113784;clean;automatic;4wd;full-size;27,875196;-82,786723;65
22995;2011;2;6;58599;clean;automatic;4wd;;41,381951;-75,685531;53
7500;2004;2;8;208828;clean;automatic;;;35,3573;-80,2044;56
8900;2005;2;8;92000;clean;automatic;4wd;full-size;40,914392;-96,331806;46
4000;2001;2;8;124927;clean;automatic;;;34,1455;-116,0601;59
2750;1999;2;8;222000;clean;automatic;4wd;full-size;39,889225;-76,637623;53
3400;1999;1;8;224000;clean;automatic;4wd;full-size;35,0603;-88,4405;59
6450;2005;3;8;171690;clean;automatic;4wd;mid-size;42,64387;-84,0733;45
10500;2007;3;8;104560;clean;automatic;rwd;mid-size;34,82834;-87,63558;61
15200;2012;3;6;175000;clean;automatic;4wd;full-size;36,1341;-96,1426;57
21995;2013;2;6;107739;clean;automatic;fwd;full-size;41,686718;-86,012028;48
2700;1997;2;8;175000;clean;automatic;fwd;full-size;34,279637;-81,608575;60
5000;1991;2;6;171000;clean;automatic;rwd;;39,8051;-74,9255;52
4450;1997;3;8;154446;clean;automatic;;full-size;45,513983;-122,579225;50
8250;2009;2;8;168700;clean;automatic;4wd;full-size;43,5667;-91,913;43
3990;2001;3;8;0;clean;automatic;;;46,450007;-95,12469;43
33995;2015;3;6;76195;clean;automatic;4wd;full-size;38,671776;-94,367098;52
18888;2010;3;8;85811;clean;automatic;4wd;;47,830597;-110,662694;40
3800;2003;2;8;205000;rebuilt;automatic;4wd;full-size;39,892903;-75,919991;53
34900;2016;4;8;43500;clean;automatic;4wd;;49,201532;-124,005733;
27480;2014;3;6;47301;clean;automatic;4wd;mid-size;32,965063;-96,913304;67
5500;2005;4;8;133220;clean;automatic;4wd;mid-size;35,55081;-77,409512;56
7999;2005;3;8;116116;clean;automatic;rwd;full-size;27,875196;-82,786723;65
17995;2007;3;8;154569;clean;automatic;4wd;full-size;36,694016;-79,89585;55
4650;1997;1;8;160100;clean;automatic;4wd;full-size;39,188579;-95,561918;51
19595;2014;3;6;114100;clean;automatic;4wd;full-size;38,159627;-85,697708;50
32995;2012;2;8;102873;clean;automatic;4wd;full-size;35,086515;-106,563609;45
2595;2002;3;6;202808;clean;automatic;4wd;full-size;42,984722;-85,657564;45
11000;2008;2;8;153000;lien;automatic;4wd;;43,124894;-86,174485;45
10999;2006;3;8;106000;clean;automatic;rwd;full-size;37,504659;-97,504327;51
20995;2010;3;8;128836;clean;automatic;4wd;full-size;38,588302;-89,923783;48
44000;2018;4;6;2000;clean;automatic;4wd;;40,1559;-105,1624;45
21995;2013;2;8;131535;clean;automatic;4wd;full-size;37,837488;-84,852078;50
42980;2017;3;6;13615;clean;automatic;4wd;;49,204598;-123,139205;
29995;2014;2;6;66435;clean;automatic;4wd;full-size;41,680677;-86,126046;48
4995;2010;2;8;165771;clean;automatic;rwd;full-size;42,0973;-79,3291;53
2000;1989;2;6;160000;clean;manual;4wd;full-size;43,5239;-114,3064;47
7990;2003;3;8;141038;clean;automatic;4wd;;44,7851;-88,6036;45
16995;2013;3;6;75000;clean;automatic;rwd;full-size;32,25;-110,8869;71
5800;2010;2;8;190000;clean;automatic;rwd;full-size;37,1136;-93,2896;52
37889;2017;3;6;59000;clean;automatic;4wd;;49,156466;-122,845645;
27997;2015;3;8;48363;clean;automatic;4wd;full-size;41,274917;-95,937145;46
18900;2013;3;8;104500;clean;automatic;4wd;full-size;42,883869;-73,868936;53
43900;2018;3;8;1000;clean;automatic;;full-size;42,484503;-92,324974;47
950;2001;1;8;260000;clean;automatic;4wd;full-size;41,2068;-95,9559;46
7600;2007;3;6;105000;clean;automatic;rwd;full-size;34,934943;-81,971208;60
999;2011;2;8;85000;clean;automatic;rwd;;41,0334;-81,4385;49
3300;2001;2;8;146000;clean;automatic;;full-size;25,7343;-80,3588;65
9900;2010;2;8;160000;clean;automatic;4wd;;42,851055;-83,45119;45
26995;2013;3;8;58113;clean;automatic;4wd;full-size;43,619439;-116,334449;47
34900;2016;4;6;58900;lien;automatic;4wd;full-size;42,6159;-83,9248;45
9500;2008;4;8;195050;clean;automatic;rwd;;29,527926;-98,368492;67
13790;2014;2;6;90103;clean;automatic;rwd;full-size;37,1249;-93,463816;52
13450;2013;2;8;194866;clean;automatic;4wd;full-size;43,156576;-83,700959;45
16995;2010;3;8;88402;rebuilt;automatic;4wd;full-size;44,409554;-89,88115;45
7900;2005;3;8;123000;clean;automatic;4wd;full-size;42,484503;-92,324974;47
7400;2008;2;8;171535;clean;automatic;rwd;full-size;35,3935;-119,1205;59
2500;2011;4;6;101236;clean;automatic;rwd;full-size;25,849858;-80,316943;65
14997;2009;3;8;92340;clean;automatic;;;43,624215;-83,897825;45
7995;2005;3;8;110112;clean;automatic;4wd;full-size;27,875196;-82,786723;65
3500;2001;3;8;197810;clean;automatic;rwd;full-size;39,552269;-86,161265;48
3300;1997;1;8;175000;clean;automatic;4wd;mid-size;36,9891;-79,884;55
5000;1993;2;8;148535;clean;automatic;rwd;;39,9274;-82,0041;49
15995;2010;3;8;90260;clean;automatic;4wd;full-size;43,223552;-77,372473;53
5000;1989;2;8;57000;clean;automatic;rwd;full-size;34,488992;-77,477304;56
1700;2000;1;8;170255;rebuilt;automatic;4wd;full-size;40,764373;-82,349503;49
18750;2014;3;8;99021;clean;automatic;rwd;full-size;36,068923;-95,797855;57
29249;2013;3;8;65523;clean;automatic;4wd;mid-size;43,78124;-88,50265;45
27900;2016;2;6;36099;clean;automatic;4wd;full-size;31,316064;-89,437114;61
22900;2013;3;8;54728;clean;automatic;4wd;full-size;42,394026;-85,430031;45
25988;2015;3;8;90300;clean;automatic;4wd;;45,121187;-92,693325;45
20994;2011;3;6;89127;clean;automatic;4wd;mid-size;44,52039;-88,06645;45
12950;2011;2;6;147164;clean;automatic;rwd;full-size;33,512633;-86,79777;61
7995;2000;3;8;183000;clean;automatic;rwd;full-size;39,363221;-121,686417;59
16995;2002;2;8;65336;clean;automatic;rwd;full-size;33,711509;-78,909582;60
23800;2014;3;8;93580;clean;automatic;4wd;full-size;33,066044;-89,593906;61
19900;2016;2;6;99811;clean;automatic;rwd;full-size;31,316064;-89,437114;61
25988;2015;3;8;90300;clean;automatic;4wd;;45,121187;-92,693325;45
29494;2013;3;6;88363;clean;automatic;4wd;full-size;44,071509;-123,146439;50
10888;2010;2;8;190000;clean;automatic;4wd;full-size;30,520244;-89,647288;61
2400;2000;2;8;294000;clean;automatic;4wd;full-size;35,913024;-95,885722;57
24888;2014;3;8;53355;clean;automatic;4wd;;47,830597;-110,662694;40
6800;2004;2;8;194424;clean;automatic;4wd;full-size;38,1381;-85,6953;50
3490;1999;3;8;237000;clean;automatic;;;46,450007;-95,12469;43
6995;2003;3;8;91200;clean;automatic;fwd;;28,101094;-80,621776;65
29500;2015;3;6;45441;clean;automatic;4wd;mid-size;34,74851;-77,41559;56
3800;2002;3;8;160000;clean;automatic;4wd;full-size;39,3009;-76,5799;56
7500;2005;2;8;130000;clean;automatic;4wd;full-size;41,4351;-90,4652;48
19990;2011;3;8;106777;clean;automatic;4wd;full-size;46,843229;-114,039568;40
2995;1992;2;6;251000;clean;manual;;;34,1388;-80,8892;60
4200;2004;2;8;166800;clean;automatic;4wd;;45,5651;-94,3367;43
11500;2009;2;8;180000;clean;automatic;4wd;full-size;36,7863;-119,8286;59
5000;2006;2;8;233000;clean;automatic;rwd;full-size;36,064693;-119,020034;59
15990;2008;3;8;79000;clean;automatic;;;46,450007;-95,12469;43
700;1996;2;8;92000;clean;automatic;rwd;full-size;25,7392;-80,3103;65
6500;2008;2;8;202000;clean;automatic;rwd;;36,8337;-121,3439;59
19900;2010;3;8;150114;clean;automatic;4wd;mid-size;38,88358;-94,79383;51
3500;2001;2;8;280000;clean;automatic;4wd;full-size;35,108;-82,1403;60
10500;2010;4;8;128000;clean;automatic;;full-size;25,7343;-80,3588;65
2995;2007;1;8;190000;clean;automatic;4wd;;42,87642;-76,971781;53
28265;2014;4;6;62533;clean;automatic;4wd;full-size;42,235513;-85,794456;45
7500;2002;3;8;122000;clean;automatic;4wd;;41,3914;-75,6657;53
8900;2007;2;8;194000;clean;automatic;rwd;full-size;34,93491;-86,57192;61
32000;2015;3;6;31052;clean;automatic;4wd;mid-size;46,59003;-95,57416;43
27900;2016;2;6;36099;clean;automatic;4wd;full-size;31,316064;-89,437114;61
13950;2011;2;8;146746;clean;automatic;;full-size;38,692648;-82,857744;49
11977;2008;3;8;171488;clean;automatic;4wd;mid-size;44,87313;-87,89568;45
6400;2003;2;8;108000;clean;automatic;4wd;full-size;43,0714;-71,7038;43
16888;2010;3;8;88755;clean;automatic;4wd;;47,830597;-110,662694;40
11000;2007;2;5;180000;clean;automatic;4wd;;46,7016;-92,0912;45
5220;2004;2;8;157000;clean;automatic;4wd;;41,736436;-92,717669;47
8995;2006;3;8;115500;clean;automatic;rwd;full-size;40,83598;-96,725713;46
2000;1993;2;8;208000;clean;manual;4wd;;43,089556;-87,930032;45
2650;1997;1;8;197193;clean;automatic;4wd;full-size;31,119086;-97,737989;67
14900;2013;4;8;77942;clean;automatic;fwd;full-size;27,3648;-82,1849;65
9491;2006;2;8;172299;clean;automatic;4wd;full-size;41,46389;-81,7693;49
2000;2003;2;8;231000;clean;automatic;;full-size;42,158943;-71,401219;50
20388;2010;3;8;0;clean;automatic;4wd;;42,099255;-72,60989;50
5999;2007;2;8;228001;clean;automatic;rwd;full-size;36,644835;-93,218011;52
34790;2016;3;6;23295;clean;automatic;4wd;mid-size;43,75891;-87,75358;45
2950;2001;2;8;187000;clean;automatic;4wd;full-size;44,422948;-86,146889;45
1995;2008;1;6;96000;clean;automatic;rwd;full-size;40,859219;-80,546977;49
2500;2001;2;8;220000;clean;automatic;4wd;full-size;40,383167;-105,517502;45
21995;2013;3;8;35589;salvage;automatic;4wd;full-size;42,637002;-85,284644;45
11950;2008;3;8;145624;clean;automatic;4wd;mid-size;36,28962;-95,31964;57
14900;2010;3;8;112000;clean;automatic;4wd;full-size;39,841545;-96,617757;51
4990;2004;3;8;156830;clean;automatic;4wd;full-size;40,857729;-96,645223;46
1500;2003;2;8;193000;clean;automatic;4wd;full-size;42,07697;-77,140185;53
17943;2012;3;6;92000;clean;automatic;4wd;full-size;41,089306;-96,13889;46
9995;2012;2;6;154316;clean;automatic;rwd;full-size;35,661076;-78,703988;56
19500;2014;4;6;197452;clean;automatic;4wd;;29,5563;-98,3643;67
13000;2009;3;6;125000;clean;automatic;4wd;;44,0915;-121,4073;50
3999;2012;4;6;262000;clean;automatic;4wd;full-size;32,85978;-79,984071;60
10900;2010;3;8;132347;rebuilt;automatic;4wd;;40,851;-96,711;46
15999;2010;3;8;122404;clean;automatic;4wd;full-size;39,0783;-108,5457;45
9990;2005;2;8;138215;clean;automatic;4wd;full-size;40,468826;-74,281734;52
41977;2016;2;8;12154;clean;automatic;4wd;full-size;42,8802;-85,5352;45
1250;1987;2;8;126000;clean;automatic;rwd;full-size;48,749;-122,4887;50
6950;2009;3;8;181722;clean;automatic;4wd;mid-size;42,64387;-84,0733;45
13100;2011;2;6;184500;clean;automatic;4wd;full-size;41,60808;-81,480381;49
2200;1998;2;6;175000;clean;automatic;fwd;full-size;37,594545;-77,451505;55
10000;2007;3;8;103000;clean;automatic;4wd;full-size;41,709989;-72,870019;51
33994;2016;3;6;23632;clean;automatic;4wd;mid-size;43,75891;-87,75358;45
29995;2015;3;8;35254;clean;automatic;4wd;full-size;40,158958;-105,031313;45
23888;2012;4;8;157887;clean;automatic;4wd;full-size;49,737705;-125,000103;
1500;2008;2;6;177000;missing;automatic;rwd;full-size;43,2326;-86,2492;45
9000;1994;3;8;83230;clean;manual;4wd;full-size;36,4248;-84,0907;59
25452;2013;3;8;37419;clean;automatic;4wd;mid-size;43,75891;-87,75358;45
4800;2004;2;8;104000;clean;automatic;fwd;;42,286319;-89,110306;48
3900;2003;3;8;167000;clean;automatic;4wd;;40,0369;-75,0664;53
1200;1991;2;8;187355;clean;automatic;rwd;full-size;38,9039;-119,995;59
28900;2013;4;6;57230;clean;automatic;4wd;;35,0574;-86,8796;59
10770;2008;3;8;149218;clean;automatic;4wd;mid-size;44,54929;-88,04897;45
33500;2015;3;6;55000;clean;automatic;4wd;full-size;49,184885;-122,801111;
11977;2008;3;8;171488;clean;automatic;4wd;mid-size;44,87313;-87,89568;45
17998;2008;3;8;109381;clean;automatic;4wd;mid-size;44,52039;-88,06645;45
5800;2006;3;6;112413;clean;automatic;rwd;full-size;28,079232;-80,674959;65
12995;2011;2;6;139508;clean;automatic;4wd;full-size;42,477134;-82,949564;45
9795;2004;3;8;149347;clean;automatic;4wd;full-size;38,611926;-121,423565;59
8995;2005;2;8;187484;clean;automatic;4wd;;35,148916;-89,922439;59
10900;2011;2;8;160000;clean;automatic;4wd;full-size;43,1406;-93,385;47
13977;2013;2;6;106454;clean;automatic;rwd;full-size;42,345504;-88,269936;48
13988;2011;2;6;146699;clean;automatic;4wd;full-size;42,892121;-85,665539;45
26699;2014;3;6;52746;clean;automatic;4wd;mid-size;43,78124;-88,50265;45
1300;1998;1;4;140319;clean;automatic;4wd;full-size;44,381798;-84,10492;45
3500;1978;2;6;122482;clean;manual;4wd;full-size;30,3989;-89,2843;61
13488;2010;2;8;144570;clean;automatic;4wd;full-size;42,892121;-85,665539;45
6200;2007;2;8;217000;clean;automatic;4wd;full-size;47,190638;-97,217411;38
6250;2005;3;6;103438;clean;automatic;rwd;full-size;34,071917;-118,849936;59
17300;2010;3;8;102000;clean;automatic;4wd;;41,164183;-96,226947;46
1;2004;2;8;191000;clean;automatic;4wd;full-size;41,9954;-91,1409;47
2150;1990;2;6;95000;clean;manual;rwd;full-size;35,780476;-78,675736;56
3200;2002;2;6;212000;clean;automatic;rwd;;38,8518;-91,9605;52
20995;2010;3;8;128836;clean;automatic;4wd;full-size;38,588302;-89,923783;48
10770;2008;3;8;149218;clean;automatic;4wd;mid-size;44,54929;-88,04897;45
3950;1997;3;8;128793;clean;automatic;rwd;full-size;36,558098;-94,810467;57
23999;2011;4;8;67000;clean;automatic;4wd;full-size;42,868175;-85,862086;45
23950;2017;2;8;35115;clean;automatic;rwd;full-size;33,512633;-86,79777;61
14950;2011;3;6;122000;clean;automatic;4wd;full-size;37,230881;-80,417514;55
23995;2016;2;8;27514;clean;automatic;4wd;full-size;42,197712;-83,273552;45
10888;2010;2;8;190000;clean;automatic;4wd;full-size;30,520244;-89,647288;61
1500;1999;2;6;198030;clean;manual;rwd;mid-size;47,116486;-119,260248;50
8950;2010;2;8;168260;clean;automatic;4wd;;40,120838;-77,028586;53
9999;2003;2;8;81563;clean;automatic;4wd;full-size;37,647619;-97,279835;51
3500;1993;2;8;169186;clean;automatic;4wd;;42,8876;-112,4381;47
16788;2014;2;6;127865;clean;automatic;4wd;full-size;42,892121;-85,665539;45
9550;2006;3;8;168942;clean;automatic;4wd;mid-size;44,87313;-87,89568;45
12995;2007;2;8;72136;clean;automatic;4wd;full-size;38,190152;-94,026215;52
7250;2011;2;8;375528;clean;automatic;4wd;full-size;36,307707;-95,605861;57
42500;2017;3;8;35000;clean;automatic;rwd;full-size;30,7644;-86,5917;65
33860;2016;3;6;46288;clean;automatic;4wd;full-size;49,184885;-122,801111;
9950;2004;2;8;137677;clean;automatic;4wd;full-size;39,253225;-75,586968;54
21900;2012;3;8;109231;clean;automatic;4wd;full-size;61,166353;-149,847206;29
7249;2005;2;8;160000;clean;automatic;rwd;full-size;35,41141;-80,840321;56
15880;2010;3;8;127094;clean;automatic;4wd;mid-size;44,54929;-88,04897;45
11995;2008;3;8;148484;clean;automatic;4wd;full-size;45,518031;-122,578752;50
18499;2012;3;8;102193;clean;automatic;4wd;full-size;42,550206;-114,462303;47
32347;2014;3;8;88000;lien;automatic;4wd;;38,387;-104,7792;45
14900;2012;3;8;117875;clean;automatic;4wd;full-size;29,8534;-95,4435;67
10795;2007;2;8;144422;clean;automatic;4wd;full-size;39,044308;-94,669171;51
15450;2013;2;8;119698;clean;automatic;4wd;full-size;38,692648;-82,857744;49
3500;2002;1;8;169000;clean;automatic;4wd;full-size;40,7956;-89,2093;48
10499;2008;3;8;102000;clean;automatic;4wd;full-size;42,683256;-84,567626;45
9000;1976;3;8;109700;clean;manual;4wd;full-size;39,171727;-119,779472;46
9900;2009;2;8;97697;clean;automatic;rwd;full-size;37,677378;-92,656734;52
13995;2009;3;8;147764;clean;automatic;4wd;;38,257745;-77,495224;55
23200;2014;2;6;95000;lien;automatic;4wd;full-size;43,9282;-105,5492;41
11500;2007;3;8;125104;clean;automatic;4wd;full-size;45,7813;-108,5727;40
9660;2006;3;8;179931;clean;automatic;4wd;mid-size;44,87313;-87,89568;45
21993;2012;3;6;63440;clean;automatic;4wd;full-size;45,750271;-111,184096;40
15000;2008;3;8;134450;clean;automatic;4wd;full-size;44,482375;-73,084046;44
16990;2009;3;8;132155;clean;automatic;4wd;mid-size;44,54929;-88,04897;45
28000;2015;3;6;68800;clean;automatic;4wd;full-size;44,9043;-97,124;38
15880;2009;3;8;113826;clean;automatic;4wd;mid-size;44,57437;-88,16024;45
23495;2015;3;8;102689;clean;automatic;4wd;full-size;38,671618;-94,36651;52
18880;2013;3;6;123674;clean;automatic;4wd;mid-size;44,57437;-88,16024;45
11000;2009;2;8;225700;clean;automatic;4wd;full-size;30,246172;-89,761709;67
22990;2010;2;8;104167;clean;automatic;4wd;;35,714346;-84,021007;59
16979;2011;3;8;110236;clean;automatic;4wd;full-size;45,750271;-111,184096;40
13995;2008;3;8;85000;clean;automatic;rwd;full-size;32,25;-110,8869;71
18888;2010;3;8;85812;clean;automatic;4wd;;47,830597;-110,662694;40
2500;2001;1;8;153300;clean;automatic;4wd;full-size;32,3766;-95,1252;67
11950;2007;3;8;77533;clean;automatic;4wd;full-size;37,286501;-80,056719;55
16987;2012;3;8;108956;clean;automatic;4wd;full-size;37,911918;-84,559276;50
15900;1977;4;8;24;clean;automatic;4wd;full-size;43,0932;-76,2904;53
49980;2016;3;6;39200;clean;automatic;4wd;full-size;50,039244;-125,271842;
17770;2011;3;6;118517;clean;automatic;4wd;mid-size;44,57437;-88,16024;45
8995;2005;2;8;145612;clean;automatic;rwd;full-size;37,084348;-94,524269;52
18500;2013;3;6;98000;rebuilt;automatic;4wd;full-size;40,254049;-76,035991;53
38970;2017;4;8;14000;clean;automatic;4wd;full-size;49,184885;-122,801111;
10999;2008;2;8;122898;clean;automatic;rwd;full-size;36,56571;-119,613004;59
27550;2011;3;8;46096;clean;automatic;4wd;mid-size;43,75891;-87,75358;45
5000;2005;2;8;154000;clean;automatic;4wd;full-size;43,0777;-76,9896;53
999;2011;2;8;85000;clean;automatic;rwd;;41,0334;-81,4385;49
12995;2010;3;8;96121;clean;automatic;rwd;mid-size;44,52039;-88,06645;45
8995;2007;3;8;129000;clean;automatic;rwd;;30,0098;-90,163;67
12495;2010;2;8;106000;clean;other;rwd;full-size;39,032924;-95,725312;51
4900;2003;2;8;249600;clean;automatic;4wd;full-size;43,1962;-86,2738;45
21995;2011;3;6;124507;clean;automatic;4wd;full-size;42,701772;-89,008858;45
2795;2000;3;6;266007;clean;manual;rwd;full-size;34,055042;-117,756765;59
34984;2015;3;6;70939;clean;automatic;4wd;full-size;45,750271;-111,184096;40
2750;2001;2;8;187000;clean;automatic;4wd;full-size;44,422948;-86,146889;45
2800;1988;2;6;156123;clean;manual;rwd;full-size;39,4852;-77,8954;52
5495;1999;3;8;235430;clean;automatic;4wd;full-size;45,518031;-122,578752;50
11990;2006;3;8;116000;clean;automatic;;;46,450007;-95,12469;43
24995;2014;2;6;94921;clean;automatic;4wd;full-size;35,086515;-106,563609;45
5500;2004;3;8;235983;clean;automatic;rwd;;38,88358;-94,79383;51
2000;1999;2;8;155000;clean;automatic;rwd;;39,7821;-84,2373;49
26525;2014;3;8;51638;clean;automatic;4wd;mid-size;42,18631;-71,83726;50
19995;2011;3;8;132000;lien;automatic;4wd;full-size;43,005;-73,8486;53
3000;1999;3;8;191;clean;automatic;4wd;full-size;39,814147;-84,264639;49
34995;2015;3;6;139848;clean;automatic;4wd;full-size;31,732124;-106,364833;67
4995;2001;2;6;123068;clean;automatic;rwd;full-size;37,36;-79,6522;55
25500;2012;4;8;107803;clean;automatic;4wd;full-size;35,138392;-79,032345;56
17950;2013;2;6;148677;clean;automatic;4wd;full-size;34,614367;-97,967015;57
20000;2010;2;8;102000;lien;automatic;4wd;full-size;44,0496;-92,4896;43
7400;2010;2;8;208650;clean;automatic;4wd;;44,024;-92,7464;43
900;1997;1;8;228000;clean;automatic;rwd;full-size;39,3455;-77,3832;56
2500;1998;2;6;210;clean;manual;fwd;full-size;28,811316;-81,281324;65
20000;2012;3;6;101000;lien;automatic;4wd;full-size;34,1921;-86,1941;61
12995;2013;2;8;140050;clean;automatic;4wd;;40,603321;-73,651284;53
24600;2014;3;6;91230;clean;automatic;4wd;full-size;32,1935;-95,8432;67
19880;2011;3;8;73224;clean;automatic;4wd;mid-size;44,57437;-88,16024;45
3500;2001;2;8;400000;clean;automatic;rwd;full-size;34,4369;-119,7285;59
28400;2014;3;8;28795;clean;automatic;4wd;mid-size;36,47793;-79,7389;56
34500;2016;3;6;86000;lien;automatic;4wd;;43,0397;-76,0722;53
1500;1988;1;6;160000;clean;automatic;4wd;;35,405;-92,1333;59
26400;2015;2;6;108000;clean;automatic;4wd;full-size;31,5765;-97,1786;67
8800;2007;2;8;191000;clean;automatic;4wd;full-size;44,660697;-123,182144;50
5900;2004;3;8;135000;clean;automatic;;;33,868;-117,9265;59
1500;1999;2;5;182000;clean;automatic;rwd;;40,7034;-89,4194;48
4700;2003;2;8;222706;clean;automatic;4wd;full-size;39,7309;-94,2437;52
34500;2015;3;6;26768;clean;automatic;4wd;full-size;40,76;-111,8627;50
21990;2014;3;8;96079;clean;automatic;4wd;full-size;43,154309;-75,930719;53
12488;2010;2;8;144570;clean;automatic;4wd;full-size;42,892121;-85,665539;45
19950;2013;3;6;120020;clean;automatic;4wd;;35,035021;-80,597076;56
14995;2009;3;8;136101;clean;automatic;4wd;full-size;38,159627;-85,697708;50
8500;2009;3;8;97496;clean;automatic;;;45,265172;-122,694313;50
5700;2002;2;8;176733;clean;automatic;4wd;full-size;41,875262;-84,018623;45
5500;2001;3;8;202000;clean;automatic;4wd;full-size;35,6156;-87,038;59
23000;2013;3;8;56482;clean;automatic;4wd;full-size;43,204762;-75,440834;53
8995;2006;3;8;115500;clean;automatic;rwd;full-size;42,016636;-91,666352;47
4999;2001;3;8;252336;clean;automatic;4wd;;33,43243;-117,62824;59
32482;2016;3;8;38205;clean;automatic;4wd;full-size;41,27492;-95,937231;46
2995;1979;2;8;111111;clean;manual;4wd;;42,4638;-123,3457;50
29995;2013;3;8;56711;clean;automatic;4wd;full-size;43,222926;-77,84495;53
6800;2004;2;8;143600;rebuilt;automatic;4wd;full-size;38,5507;-86,449;48
1000;1999;2;8;200000;clean;automatic;4wd;full-size;38,318868;-93,615415;52
32995;2015;3;6;61252;clean;automatic;4wd;full-size;38,671618;-94,36651;52
30650;2015;3;8;38943;clean;automatic;4wd;mid-size;43,75891;-87,75358;45
8995;2011;3;6;221523;clean;automatic;4wd;full-size;45,5576;-93,2889;43
17410;2011;3;6;113444;clean;automatic;rwd;full-size;30,219472;-97,759417;67
2500;1999;3;6;236000;clean;automatic;;;35,1273;-85,2802;59
26995;2011;2;6;93136;clean;automatic;4wd;full-size;34,947213;-89,440953;61
11880;2005;3;8;151726;clean;automatic;4wd;mid-size;44,57437;-88,16024;45
3000;2003;2;8;165000;clean;automatic;rwd;;39,660661;-84,110212;49
25000;2011;3;6;61620;clean;automatic;4wd;mid-size;46,59003;-95,57416;43
28454;2014;3;6;87272;clean;automatic;4wd;;50,045346;-125,269028;
19900;2010;3;8;150114;clean;automatic;4wd;mid-size;38,88358;-94,79383;51
11977;2008;3;8;171488;clean;automatic;4wd;mid-size;44,87313;-87,89568;45
19700;2011;3;8;145000;clean;automatic;4wd;full-size;30,181608;-97,971268;67
19770;2014;3;6;137774;clean;automatic;4wd;mid-size;44,57437;-88,16024;45
25000;2014;3;6;54088;clean;automatic;4wd;mid-size;44,4737;-88,06308;45
15000;2011;2;8;130000;clean;automatic;fwd;full-size;42,4935;-122,8088;50
7995;2011;2;8;375528;clean;automatic;4wd;full-size;36,307707;-95,605861;57
29699;2013;3;8;65523;clean;automatic;4wd;mid-size;43,78124;-88,50265;45
2500;1995;3;8;254200;clean;automatic;;full-size;33,881074;-84,533461;59
12000;2010;2;8;115000;clean;automatic;4wd;;41,9766;-76,1185;53
29450;2015;2;8;76669;clean;automatic;4wd;full-size;35,273684;-93,120968;59
14995;2012;4;6;116181;clean;automatic;rwd;full-size;32,18182;-90,137611;61
2450;1999;1;8;173000;clean;automatic;rwd;;40,3228;-86,8881;48
9665;2004;3;8;90000;clean;automatic;4wd;full-size;38,3796;-77,5349;55
17995;2011;2;8;143088;clean;automatic;4wd;;30,4273;-91,0356;67
6800;2005;3;8;162000;clean;automatic;4wd;full-size;42,1743;-91,9892;47
13100;2011;2;6;184500;clean;automatic;4wd;full-size;41,60808;-81,480381;49
16304;2011;3;8;136668;clean;automatic;4wd;mid-size;43,78124;-88,50265;45
30767;2016;3;6;73397;clean;automatic;4wd;mid-size;44,4737;-88,06308;45
4995;2004;2;8;165000;clean;automatic;rwd;full-size;34,0296;-86,0967;61
28995;2013;3;8;58113;clean;automatic;4wd;full-size;43,619439;-116,334449;47
8999;2010;2;8;103470;clean;automatic;rwd;full-size;28,665045;-82,111604;65
2300;1984;2;6;90500;clean;manual;rwd;full-size;40,049535;-80,661894;52
19900;2010;3;8;150114;clean;automatic;4wd;mid-size;38,88358;-94,79383;51
31499;2017;3;8;8921;clean;automatic;4wd;mid-size;43,78124;-88,50265;45
4500;1999;3;8;101927;clean;automatic;4wd;;41,22815;-95,85953;47
31620;2015;3;6;73300;clean;automatic;4wd;full-size;49,184885;-122,801111;
28000;2013;2;6;78600;clean;automatic;4wd;;43,1943;-112,3615;47
3500;2001;2;8;165250;clean;automatic;;;58,3628;-134,5294;29
21795;2015;2;6;103217;clean;automatic;4wd;full-size;35,796126;-78,554108;56
27550;2011;3;8;46096;clean;automatic;4wd;mid-size;43,75891;-87,75358;45
35000;2016;3;6;21059;clean;automatic;4wd;mid-size;44,4737;-88,06308;45
1100;2003;2;8;213000;clean;automatic;4wd;full-size;44,8471;-93,1543;43
3500;1995;3;8;220000;clean;automatic;rwd;full-size;36,202;-79,1666;56
2800;1999;2;8;183000;clean;automatic;rwd;full-size;38,9507;-86,6139;48
5999;2006;3;8;312700;clean;automatic;4wd;full-size;44,8718;-91,9265;45
4999;1997;2;8;154162;clean;automatic;rwd;full-size;43,372639;-124,212531;50
33860;2016;3;6;46288;clean;automatic;4wd;full-size;49,184885;-122,801111;
9880;2006;3;8;112213;clean;automatic;4wd;mid-size;44,87313;-87,89568;45
5800;2006;3;6;112413;clean;automatic;rwd;full-size;28,079232;-80,674959;65
39995;2016;3;6;42000;clean;automatic;4wd;;35,233;-97,4067;57
24888;2013;3;6;70988;clean;automatic;4wd;;47,830597;-110,662694;40
4500;1999;3;8;101927;clean;automatic;4wd;;41,22815;-95,85953;47
13999;2010;2;8;116800;clean;automatic;4wd;full-size;40,041081;-86,009423;48
13499;2009;2;8;134200;lien;automatic;;full-size;35,800204;-81,433746;56
19880;2011;3;8;73224;clean;automatic;4wd;mid-size;44,57437;-88,16024;45
7600;2008;2;8;170000;clean;automatic;4wd;;42,375669;-85,678221;45
39500;2017;4;8;6300;lien;automatic;4wd;full-size;35,5774;-80,8226;56
17990;2014;3;6;107000;clean;automatic;4wd;;46,450007;-95,12469;43
3200;1995;1;8;186000;clean;automatic;4wd;;45,991281;-112,493838;40
9000;2012;3;6;210000;clean;automatic;4wd;;39,3296;-76,7341;56
8800;2006;3;8;130000;clean;automatic;4wd;full-size;38,263908;-95,738554;51
26900;2013;3;8;95208;clean;automatic;4wd;full-size;36,277213;-80,339822;56
22995;2013;3;6;106000;clean;automatic;4wd;full-size;41,951531;-91,677091;47
2300;2004;1;8;180000;clean;manual;4wd;full-size;41,1092;-83,9957;49
17995;2010;3;8;76506;clean;automatic;4wd;mid-size;43,61176;-84,75844;45
1900;1999;2;6;179000;clean;manual;rwd;full-size;27,1398;-80,2129;65
11700;2010;2;8;144570;clean;automatic;4wd;full-size;42,892121;-85,665539;45
11999;2008;3;8;113589;clean;automatic;rwd;full-size;37,609783;-120,995406;59
7995;2008;2;8;207344;clean;automatic;4wd;full-size;39,056422;-94,880743;51
3990;2001;3;8;0;clean;automatic;;;46,450007;-95,12469;43
9750;2005;2;8;164000;clean;automatic;4wd;;37,166855;-94,265115;52
21995;2012;4;6;173221;clean;automatic;4wd;full-size;38,220529;-90,384202;52
9990;2012;2;8;127501;clean;automatic;rwd;full-size;40,468826;-74,281734;52
15995;2010;3;8;90260;clean;automatic;4wd;full-size;43,223552;-77,372473;53
7700;2000;2;8;131000;clean;automatic;rwd;;37,927815;-122,040424;59
13995;2007;3;8;145819;clean;automatic;4wd;full-size;35,616097;-78,541161;56
26995;2017;3;6;7427;salvage;automatic;4wd;full-size;42,636563;-85,284333;45
8000;2006;2;8;120891;clean;automatic;4wd;full-size;44,1415;-103,2052;38
24295;2012;2;6;93224;clean;automatic;4wd;full-size;38,190152;-94,026215;52
4200;2005;2;8;155000;rebuilt;automatic;4wd;mid-size;40,2084;-74,8291;53
3950;2006;3;8;187000;clean;automatic;4wd;full-size;42,484503;-92,324974;47
4500;1997;3;6;129678;clean;automatic;rwd;full-size;32,857348;-83,593585;59
7500;2004;3;6;29500;clean;manual;rwd;full-size;35,599749;-82,382923;56
11500;2010;2;8;153060;clean;automatic;4wd;full-size;44,861013;-91,647877;45
3500;2007;2;8;132063;clean;automatic;rwd;full-size;40,902588;-81,150479;49
61995;2018;3;6;30029;clean;automatic;4wd;;41,6255;-93,6736;47
29500;2013;3;6;62185;clean;automatic;4wd;;43,852883;-88,855927;45
14900;2011;2;6;149610;clean;automatic;rwd;full-size;31,316064;-89,437114;61
31995;2015;4;6;29800;clean;automatic;4wd;full-size;43,204543;-75,4242;53
49980;2018;4;6;3073;clean;automatic;4wd;;49,204598;-123,139205;
7900;2005;3;8;123000;clean;automatic;4wd;full-size;42,484503;-92,324974;47
7000;2005;3;6;102000;clean;manual;rwd;;34,4369;-119,7285;59
9900;2005;3;8;0;clean;automatic;4wd;full-size;32,252974;-110,97871;71
4500;1999;3;8;163000;clean;automatic;4wd;full-size;44,2172;-94,0942;43
1500;1992;1;8;160000;clean;automatic;4wd;full-size;36,7504;-89,6918;52
21993;2012;3;6;63440;clean;automatic;4wd;full-size;45,750271;-111,184096;40
3500;2000;2;8;180000;clean;automatic;;;35,9872;-106,0717;45
18900;2013;2;8;68284;clean;automatic;rwd;full-size;31,316064;-89,437114;61
28373;2015;3;8;48363;clean;automatic;4wd;full-size;41,274888;-95,937166;46
2785;1999;2;8;146785;clean;automatic;rwd;full-size;45,750271;-111,184096;40
10900;2011;2;8;164000;clean;automatic;4wd;full-size;43,1406;-93,385;47
61500;2017;3;6;22973;clean;automatic;4wd;full-size;34,244046;-77,860915;56
6250;2009;2;8;175000;clean;manual;rwd;full-size;34,7108;-86,7425;61
33000;2018;3;8;12500;clean;automatic;;;33,6819;-112,0996;71
19480;2015;4;6;135150;clean;automatic;4wd;full-size;37,167749;-113,415403;50
1850;2003;1;8;145150;clean;automatic;rwd;;41,9193;-77,523;53
21900;2011;2;6;122882;clean;automatic;4wd;full-size;31,316064;-89,437114;61
18900;2013;2;8;68288;clean;automatic;rwd;full-size;31,316064;-89,437114;61
1100;1999;1;8;164000;clean;automatic;;;39,6019;-119,235;46
12188;2011;2;6;146699;clean;automatic;4wd;full-size;42,892121;-85,665539;45
3000;2002;3;8;149050;clean;automatic;rwd;;31,923468;-102,292436;67
13500;2008;3;8;176903;clean;automatic;4wd;full-size;35,887189;-78,265568;56
2750;2005;2;8;215320;clean;automatic;rwd;;32,8152;-96,8703;67
20495;2013;3;6;85650;clean;automatic;4wd;full-size;40,158958;-105,031313;45
1600;1998;1;8;120000;clean;automatic;rwd;full-size;28,3506;-82,6288;65
23000;2015;3;8;68577;clean;automatic;4wd;;28,1479;-82,0372;65
34995;2016;4;8;22000;lien;automatic;4wd;full-size;43,4242;-86,374;45
1500;1999;3;8;160000;clean;automatic;rwd;full-size;41,6257;-87,598;48
19988;2009;2;8;82565;clean;automatic;4wd;full-size;43,630744;-116,251228;47
21995;2010;2;8;96378;clean;automatic;4wd;;50,045346;-125,269028;
42499;2014;3;8;25658;clean;automatic;4wd;mid-size;43,78124;-88,50265;45
20788;2012;2;8;102015;clean;automatic;4wd;full-size;43,630744;-116,251228;47
16800;2011;3;8;145000;clean;automatic;rwd;mid-size;36,2022;-119,338;59
10600;2011;3;6;174000;clean;automatic;4wd;full-size;43,81;-111,789;47
13990;2010;3;8;144000;clean;automatic;4wd;;46,450007;-95,12469;43
8495;2006;3;8;152536;clean;automatic;4wd;full-size;38,159627;-85,697708;50
19500;2012;3;8;82700;clean;automatic;4wd;;41,4262;-90,5739;48
3500;2001;3;8;170709;clean;automatic;rwd;full-size;36,192874;-95,75898;57
2200;1988;1;8;112000;clean;manual;rwd;full-size;39,264;-78,1989;55
27500;2014;3;6;17700;rebuilt;automatic;4wd;;36,0526;-95,7908;57
2200;1985;2;8;181000;clean;automatic;4wd;full-size;39,264;-78,1989;55
9660;2006;3;8;179931;clean;automatic;4wd;mid-size;44,87313;-87,89568;45
10995;2006;3;8;186483;clean;automatic;4wd;full-size;43,234867;-86,107243;45
9500;2004;3;8;100710;clean;automatic;4wd;full-size;41,7777;-72,5244;51
4350;2001;2;8;236581;rebuilt;automatic;4wd;full-size;38,479493;-90,741664;52
6420;2008;3;8;222509;clean;automatic;4wd;mid-size;41,10224;-81,48186;49
29500;2016;3;8;5905;clean;automatic;rwd;mid-size;34,74851;-77,41559;56
3500;1995;3;8;173;clean;automatic;rwd;compact;31,5789;-84,2118;59
7200;1999;2;8;132000;clean;automatic;4wd;;40,307042;-105,095043;45
1350;1993;2;6;199000;clean;manual;rwd;full-size;37,668;-97,3591;51
10999;2008;3;8;115109;clean;automatic;rwd;full-size;35,275887;-93,121699;59
3000;2001;2;6;119000;clean;manual;rwd;full-size;41,3482;-85,1347;48
21995;2014;2;6;81275;clean;automatic;rwd;full-size;36,08996;-96,05206;57
17945;2014;3;6;146168;clean;automatic;4wd;full-size;45,750271;-111,184096;40
7900;2005;3;8;164235;clean;automatic;4wd;;36,092;-80,3224;56
4200;2005;2;8;155000;rebuilt;automatic;4wd;mid-size;40,2084;-74,8291;53
45700;2018;4;6;3350;clean;automatic;4wd;full-size;50,039161;-125,2718;
17995;2012;2;6;153997;clean;automatic;4wd;full-size;38,153554;-85,659028;50
11995;2012;4;8;144368;clean;automatic;;full-size;32,222;-95,2266;67
21995;2013;3;8;35589;salvage;automatic;4wd;full-size;42,636702;-85,284945;45
9500;2007;2;8;209500;clean;automatic;4wd;full-size;30,8931;-83,3278;59
22888;2010;3;8;48745;clean;automatic;4wd;;47,830597;-110,662694;40
13000;2012;4;6;175525;clean;automatic;4wd;;33,825507;-84,103689;59
17500;2013;3;8;79000;clean;automatic;4wd;full-size;38,0617;-87,5548;48
7900;2005;3;8;167000;clean;automatic;4wd;full-size;37,083439;-94,481651;52
16900;2015;3;6;110000;clean;automatic;rwd;full-size;35,679522;-80,45268;56
5800;2009;3;8;164533;clean;automatic;rwd;full-size;44,77653;-93,325219;43
5485;2008;3;6;109099;clean;automatic;rwd;full-size;27,875196;-82,786723;65
12495;2012;3;6;61000;clean;automatic;rwd;full-size;28,609511;-81,288614;65
36900;2014;2;8;99110;clean;automatic;4wd;full-size;31,316064;-89,437114;61
4980;2003;3;8;168000;clean;automatic;4wd;full-size;41,466864;-82,078342;49
17000;2010;4;8;35700;clean;automatic;rwd;full-size;42,351414;-76,906614;53
15880;2010;3;8;127094;clean;automatic;4wd;mid-size;44,54929;-88,04897;45
8550;2005;3;8;164628;clean;automatic;4wd;mid-size;44,57437;-88,16024;45
12995;2010;2;8;91664;clean;automatic;rwd;full-size;41,680677;-86,126046;48
7450;2004;4;8;50425;clean;automatic;rwd;full-size;27,875196;-82,786723;65
850;1986;1;8;67408;clean;automatic;rwd;full-size;38,268126;-104,593265;45
2800;1993;2;6;243898;clean;automatic;rwd;full-size;40,560488;-83,148455;49
5700;2002;2;8;176733;clean;automatic;4wd;full-size;41,875262;-84,018623;45
7000;2004;4;6;29500;clean;manual;rwd;full-size;35,601333;-82,382063;56
27000;2012;3;8;31250;clean;automatic;4wd;full-size;41,634586;-71,00408;50
37995;2015;3;6;48800;clean;automatic;4wd;;47,830597;-110,662694;40
12950;2011;2;8;163169;clean;automatic;4wd;full-size;38,692648;-82,857744;49
9980;2014;2;6;142695;clean;automatic;rwd;full-size;35,743168;-78,908787;56
39800;2015;3;6;81233;clean;automatic;4wd;mid-size;34,74851;-77,41559;56
31490;2016;3;8;32279;clean;automatic;4wd;mid-size;43,75891;-87,75358;45
22500;2013;2;6;74600;clean;automatic;4wd;full-size;35,9918;-94,3169;59
3950;2006;3;8;187000;clean;automatic;4wd;full-size;42,484503;-92,324974;47
12000;2011;2;8;130500;clean;automatic;4wd;full-size;44,609901;-69,544659;44
8999;2007;3;8;147000;rebuilt;manual;4wd;full-size;42,8876;-112,4381;47
4500;1998;1;8;126700;clean;manual;rwd;full-size;37,099509;-85,316384;50
3200;1989;3;8;98000;clean;manual;4wd;full-size;39,091925;-108,455544;45
7900;2007;3;8;143000;clean;automatic;4wd;full-size;40,756804;-73,985545;53
2250;1997;1;6;100000;clean;manual;rwd;full-size;30,6222;-81,5906;65
24000;2014;4;8;52000;clean;automatic;4wd;full-size;38,0045;-85,6888;50
11990;2007;3;8;132000;clean;automatic;;;46,450007;-95,12469;43
8988;2005;2;8;0;clean;automatic;4wd;full-size;30,520244;-89,647288;61
6000;2003;3;8;97116;clean;automatic;rwd;;32,9455;-96,90449;67
25000;2013;2;8;115000;clean;automatic;4wd;full-size;35,645438;-88,851003;59
30995;2015;3;8;49598;clean;automatic;4wd;full-size;38,671618;-94,36651;52
2000;1999;2;8;205000;clean;automatic;4wd;full-size;46,7546;-92,5408;43
27700;2013;4;6;61224;clean;automatic;4wd;;41,4787;-75,1978;53
7900;2005;3;8;101000;clean;automatic;4wd;full-size;42,484503;-92,324974;47
29500;2013;3;8;69000;clean;automatic;4wd;full-size;33,5535;-94,8992;67
8495;2007;3;8;170254;clean;automatic;4wd;full-size;40,179;-77,0036;53
14875;2012;3;8;91713;clean;automatic;4wd;full-size;38,584848;-89,985587;48
10770;2008;3;8;149218;clean;automatic;4wd;mid-size;44,54929;-88,04897;45
12995;2009;2;8;140455;clean;automatic;4wd;full-size;42,477134;-82,949564;45
3900;2003;2;8;174500;clean;automatic;4wd;full-size;47,4156;-92,9356;43
5500;2006;2;8;232470;clean;automatic;;full-size;32,0404;-84,2153;59
4500;2001;2;8;144000;clean;automatic;rwd;full-size;48,9372;-122,4592;50
34989;2015;3;8;42249;clean;automatic;4wd;full-size;43,573149;-96,778125;38
2800;2001;2;8;355000;clean;automatic;4wd;;38,8161;-94,5328;52
20800;2014;3;8;99465;clean;automatic;4wd;mid-size;36,2535;-95,33257;57
21000;2014;3;6;94000;lien;automatic;fwd;full-size;31,5051;-97,2311;67
21999;2013;3;8;97000;clean;automatic;rwd;full-size;30,3649;-97,6827;67
2500;1994;1;8;207000;clean;manual;4wd;;43,988486;-121,377268;50
6900;2004;2;8;174000;clean;automatic;4wd;;36,918015;-94,275927;52
3900;1992;2;8;90000;clean;automatic;4wd;;30,5169;-86,4822;65
23800;2014;3;8;93580;clean;automatic;4wd;full-size;33,066044;-89,593906;61
16995;2002;2;8;65336;clean;automatic;rwd;full-size;33,711509;-78,909582;60
34000;2015;4;6;50200;clean;automatic;4wd;full-size;32,7678;-96,6082;67
20299;2012;3;6;120691;clean;automatic;4wd;mid-size;43,78124;-88,50265;45
1100;1984;1;6;63646;clean;automatic;rwd;;34,571326;-112,104943;71
6995;2001;2;8;124461;clean;automatic;rwd;full-size;39,743252;-121,886107;59
4200;1988;2;8;86000;clean;automatic;rwd;;31,4745;-106,1589;67
24500;2010;4;8;68524;clean;automatic;4wd;full-size;61,166353;-149,847206;29
42000;2015;5;6;26000;clean;automatic;4wd;;34,714;-86,394;61
4950;2005;2;8;195115;clean;automatic;rwd;;35,421;-97,5616;57
1795;2001;3;6;220000;clean;automatic;rwd;;39,746091;-84,38766;49
27992;2014;3;6;31438;clean;automatic;4wd;mid-size;35,821163;-90,671453;59
19950;2013;3;6;120020;clean;automatic;4wd;;35,035021;-80,597076;56
27965;2015;3;6;75578;clean;automatic;4wd;full-size;33,843197;-87,248745;61
10500;2006;3;8;104000;clean;automatic;rwd;;30,6698;-87,1794;65
49980;2016;3;6;39200;clean;automatic;4wd;full-size;50,039134;-125,271671;
29500;2016;3;8;5905;clean;automatic;rwd;mid-size;34,74851;-77,41559;56
6995;2001;2;8;181780;clean;automatic;4wd;full-size;35,496578;-120,681118;59
1200;1994;2;8;173000;clean;manual;rwd;;42,901298;-112,422766;47
15990;2008;3;8;117500;clean;automatic;4wd;full-size;30,219472;-97,759417;67
7500;1988;2;8;123627;clean;automatic;4wd;;30,126638;-85,591496;65
33977;2018;3;8;12598;clean;automatic;4wd;mid-size;34,25343;-77,85125;56
3550;2007;3;6;133000;clean;automatic;rwd;full-size;42,484503;-92,324974;47
16900;2014;2;6;64368;clean;automatic;rwd;full-size;31,316064;-89,437114;61
3999;2003;2;8;143000;clean;automatic;;;36,0948;-95,9655;57
15394;2008;3;8;136085;clean;automatic;4wd;mid-size;35,77523;-77,99926;56
20880;2015;3;8;124371;clean;automatic;4wd;mid-size;44,57437;-88,16024;45
8100;2008;3;8;160;clean;automatic;rwd;full-size;28,3932;-81,3622;65
12950;2011;2;6;130105;clean;automatic;rwd;full-size;33,512633;-86,79777;61
10874;2007;3;8;171071;clean;automatic;4wd;full-size;44,071509;-123,146095;50
42499;2014;3;8;25658;clean;automatic;4wd;mid-size;43,78124;-88,50265;45
5500;2004;3;8;175;clean;automatic;rwd;full-size;32,5927;-86,2153;61
24900;2014;4;8;33878;clean;automatic;4wd;;41,69929;-93,24175;47
32599;2015;2;8;28433;clean;automatic;4wd;full-size;40,335245;-76,488033;53
9770;2007;3;8;170320;clean;automatic;4wd;mid-size;44,57437;-88,16024;45
7950;2005;2;8;131500;clean;automatic;rwd;;35,1506;-106,569;45
5000;1994;2;8;166000;clean;automatic;4wd;;36,84;-76,269997;55
1;2018;3;10;20983;clean;other;4wd;full-size;28,466088;-81,396429;65
4990;2003;3;8;208000;clean;automatic;;;46,450007;-95,12469;43
5000;1988;2;8;89600;clean;automatic;rwd;full-size;41,9293;-83,4448;45
6950;2009;3;8;181722;clean;automatic;4wd;mid-size;42,64387;-84,0733;45
2750;2002;1;8;305958;clean;automatic;4wd;full-size;41,5636;-81,5733;49
32995;2017;3;8;11077;clean;automatic;4wd;;46,870626;-114,018477;40
9250;2006;2;8;175614;clean;automatic;4wd;full-size;30,621073;-87,043047;65
25988;2014;3;6;114477;clean;automatic;4wd;;45,121187;-92,693325;45
21900;2010;2;8;122275;clean;automatic;4wd;full-size;31,316064;-89,437114;61
10000;2011;2;8;263400;clean;automatic;4wd;full-size;40,902588;-81,150479;49
3500;1999;2;8;229000;clean;automatic;4wd;full-size;35,0271;-85,2356;59
24995;2015;3;8;85585;clean;automatic;4wd;;40,007891;-104,818353;45
5900;2005;2;8;172200;clean;automatic;fwd;full-size;31,23477;-89,271656;61
17950;2014;2;8;82400;clean;automatic;rwd;full-size;33,512633;-86,79777;61
9950;2008;3;8;125500;clean;automatic;rwd;full-size;39,9727;-82,8329;49
7995;2007;2;8;168491;clean;automatic;4wd;full-size;45,52882;-93,369298;43
11700;2010;2;8;144570;clean;automatic;4wd;full-size;42,892121;-85,665539;45
500;1999;0;8;210000;clean;manual;rwd;;38,21949;-84,876192;50
39999;2016;3;6;23667;clean;automatic;4wd;;47,830597;-110,662694;40
2100;2000;2;8;160000;clean;automatic;;;33,725167;-116,227541;59
7999;2009;2;8;168700;clean;automatic;4wd;full-size;43,5667;-91,913;43
32000;2016;3;8;51900;lien;automatic;4wd;;39,3701;-78,0242;52
25493;2013;3;8;41952;clean;automatic;4wd;mid-size;44,52039;-88,06645;45
13880;2009;3;8;154597;clean;automatic;4wd;mid-size;44,87313;-87,89568;45
2000;1994;2;6;179035;clean;manual;4wd;;44,0909;-115,8243;47
2990;2001;4;8;168022;clean;automatic;4wd;;42,57992;-87,820874;45
4850;2008;2;6;196000;clean;automatic;rwd;full-size;36,9663;-86,3933;50
6800;2007;2;8;125000;clean;automatic;4wd;full-size;44,486728;-73,191558;44
20950;2016;2;8;148224;clean;automatic;4wd;full-size;38,692648;-82,857744;49
8495;2010;2;8;154000;clean;automatic;4wd;full-size;44,2622;-72,4224;44
40000;2017;4;8;6000;lien;automatic;4wd;full-size;34,734919;-87,640796;61
30995;2016;3;8;120988;clean;automatic;4wd;full-size;38,671618;-94,36651;52
14000;2009;3;8;168000;clean;automatic;4wd;;35,2309;-101,806;67
3900;2008;2;8;121700;clean;manual;fwd;full-size;31,222977;-89,266819;61
18985;2014;2;6;86900;clean;automatic;rwd;full-size;31,453312;-100,464064;67
29990;2015;3;8;37271;clean;automatic;4wd;full-size;43,154184;-75,931063;53
25999;2013;3;6;61637;clean;automatic;4wd;mid-size;43,78124;-88,50265;45
18500;2012;2;8;62000;clean;automatic;4wd;full-size;46,772234;-92,167976;43
17800;2011;3;8;172952;clean;automatic;4wd;;40,007891;-104,818353;45
5300;2006;2;8;165000;clean;automatic;4wd;full-size;40,0315;-98,0779;46
2000;1995;3;6;205000;clean;manual;rwd;full-size;39,0405;-95,7178;51
16995;2008;3;8;100593;clean;automatic;4wd;full-size;41,781722;-72,533825;51
21999;2014;2;6;115405;clean;automatic;4wd;;30,665776;-88,105149;61
22995;2014;3;8;133929;clean;automatic;;full-size;31,732124;-106,364833;67
32658;2015;3;8;31422;clean;automatic;4wd;mid-size;44,52039;-88,06645;45
16995;2010;3;8;70816;clean;automatic;4wd;full-size;43,223552;-77,372473;53
12000;2011;3;6;132000;clean;automatic;rwd;;29,7914;-95,1317;67
33000;2015;4;8;58000;clean;automatic;4wd;full-size;40,4659;-88,3609;48
18900;2009;2;8;161634;clean;automatic;4wd;full-size;31,217814;-82,357716;59
33900;2018;3;8;32028;clean;automatic;4wd;full-size;44,227258;-88,467902;45
2800;2002;1;8;256133;clean;automatic;4wd;full-size;38,7492;-77,4878;55
9490;2005;3;8;161000;clean;automatic;;;46,450007;-95,12469;43
8995;2005;2;8;145612;clean;automatic;rwd;full-size;37,084348;-94,524269;52
17985;2012;3;6;126347;clean;automatic;4wd;;37,167749;-113,415403;50
22894;2010;4;8;101071;clean;automatic;4wd;full-size;32,18182;-90,137611;61
7988;2009;2;8;188000;clean;automatic;4wd;full-size;30,520244;-89,647288;61
19800;2013;3;8;107000;clean;automatic;4wd;;42,7496;-83,5358;45
13995;2008;3;8;94739;clean;automatic;4wd;full-size;41,781722;-72,533825;51
7500;1994;3;8;169000;clean;automatic;rwd;full-size;40,7399;-84,1459;49
14770;2010;3;8;149100;clean;automatic;4wd;mid-size;44,57437;-88,16024;45
10849;2013;3;6;103603;clean;automatic;rwd;mid-size;41,24643;-81,35853;49
21900;2011;4;8;138338;clean;automatic;4wd;;36,188821;-94,137985;59
10900;2004;2;8;120300;clean;automatic;4wd;;34,843084;-77,531462;56
6800;2010;2;6;248438;clean;automatic;rwd;full-size;36,019557;-80,389626;56
1100;2002;1;8;96000;clean;automatic;4wd;full-size;45,2052;-85,0183;45
6900;2005;3;8;142000;clean;automatic;rwd;;27,447286;-80,351343;65
26900;2013;3;8;95208;clean;automatic;4wd;full-size;36,277213;-80,339822;56
5999;2004;2;8;168460;clean;automatic;4wd;;40,2352;-76,9291;53
6995;1998;2;8;170000;clean;automatic;4wd;full-size;35,571611;-80,654669;56
25685;2013;3;6;73646;clean;automatic;4wd;mid-size;43,271073;-89,724397;45
2450;2003;2;6;174;clean;automatic;rwd;;41,8383;-71,4377;49
17900;2010;3;8;150114;clean;automatic;4wd;mid-size;38,88358;-94,79383;51
4500;2006;3;8;174000;clean;automatic;4wd;;45,656384;-95,425959;43
2000;2004;1;8;275000;clean;automatic;4wd;;41,456365;-90,728016;47
5950;2001;3;8;186021;clean;automatic;4wd;full-size;42,114874;-75,954992;53
10500;2010;3;8;132347;rebuilt;automatic;4wd;;40,851;-96,711;46
24995;2012;2;6;75118;clean;automatic;4wd;full-size;34,947213;-89,440953;61
25880;2014;3;6;104226;clean;automatic;4wd;mid-size;44,57437;-88,16024;45
5000;2001;3;8;140800;clean;automatic;fwd;full-size;39,3402;-84,3998;49
18900;2009;2;8;161634;clean;automatic;4wd;full-size;31,217814;-82,357716;59
12488;2010;2;8;144570;clean;automatic;4wd;full-size;42,892121;-85,665539;45
73055;2018;3;6;1;clean;automatic;4wd;full-size;47,830597;-110,662694;40
13000;2009;2;8;143000;clean;automatic;4wd;full-size;41,5817;-83,6628;49
1600;1995;1;8;215120;clean;automatic;4wd;full-size;46,8737;-113,8783;40
14900;2010;3;8;123224;clean;automatic;4wd;mid-size;43,61176;-84,75844;45
6999;2006;3;8;130244;clean;automatic;rwd;full-size;27,873066;-82,786729;65
26029;2015;3;8;98185;clean;automatic;4wd;;45,121187;-92,693325;45
1;1997;1;8;247500;clean;automatic;;full-size;26,6281;-82,0182;65
6995;2005;2;8;145145;clean;automatic;4wd;full-size;39,834179;-75,124291;52
1800;1996;2;8;183;clean;automatic;rwd;full-size;31,1164;-97,7278;67
13450;2008;3;8;95680;clean;automatic;4wd;full-size;42,8697;-85,6628;45
6150;2004;2;8;156297;clean;automatic;rwd;full-size;32,91055;-96,702594;67
4850;2007;2;8;160000;clean;automatic;4wd;full-size;41,915301;-76,044859;53
18499;2010;3;8;81032;clean;automatic;4wd;full-size;42,989707;-78,873274;53
1;2004;3;8;182000;clean;automatic;rwd;full-size;37,2962;-93,4259;52
1800;1985;2;6;70000;clean;automatic;rwd;full-size;42,590443;-78,459315;53
21995;2014;2;6;81275;clean;automatic;rwd;full-size;36,08996;-96,05206;57
32995;2016;3;8;40403;clean;automatic;4wd;full-size;38,671618;-94,36651;52
18998;2010;3;8;121000;clean;automatic;4wd;full-size;44,053757;-121,302076;50
19999;2011;2;6;81281;clean;automatic;4wd;full-size;38,976487;-88,160859;48
31995;2013;2;8;86005;clean;automatic;4wd;full-size;34,947213;-89,440953;61
24995;2015;3;6;68849;clean;automatic;4wd;full-size;42,701772;-89,008858;45
22900;2012;2;8;125874;clean;automatic;4wd;full-size;31,316064;-89,437114;61
7400;2005;2;8;212900;clean;automatic;4wd;;32,58978;-114,746704;71
14900;2014;3;6;77000;clean;automatic;rwd;full-size;28,9806;-81,2334;65
1500;2004;2;8;270000;clean;automatic;4wd;full-size;40,8495;-99,2609;46
2900;1999;2;8;169000;clean;automatic;rwd;full-size;34,3308;-119,3584;59
25324;2013;3;6;69400;lien;automatic;4wd;full-size;44,9382;-93,6561;43
12550;2007;3;8;139848;clean;automatic;4wd;mid-size;44,57437;-88,16024;45
26900;2013;3;8;95208;clean;automatic;4wd;full-size;36,277213;-80,339822;56
40593;2016;3;8;10225;clean;automatic;4wd;;43,852883;-88,855927;45
16995;2010;3;8;88402;rebuilt;automatic;4wd;full-size;44,409698;-89,880948;45
34984;2015;3;6;70939;clean;automatic;4wd;full-size;45,750271;-111,184096;40
6500;2006;2;8;160000;clean;automatic;4wd;;28,178;-80,602;65
3500;2013;2;6;83114;lien;automatic;4wd;;26,000278;-80,20369;65
3500;1995;2;8;115500;clean;automatic;4wd;full-size;42,319555;-85,498251;45
10888;2010;2;8;190000;clean;automatic;4wd;full-size;30,520244;-89,647288;61
25000;2014;3;6;54088;clean;automatic;4wd;mid-size;44,4737;-88,06308;45
475;1993;0;6;426000;clean;manual;rwd;full-size;38,160481;-76,912735;55
13500;2009;2;8;106448;clean;automatic;4wd;full-size;42,235513;-85,794456;45
34000;2015;4;6;60220;clean;automatic;4wd;;43,044;-75,1072;53
14490;2011;2;8;126724;clean;automatic;rwd;full-size;35,325853;-82,465413;56
8995;2005;3;8;110080;clean;automatic;rwd;full-size;42,032203;-91,611698;47
6000;2001;2;8;156000;clean;automatic;4wd;full-size;40,0642;-74,6899;52
42499;2014;3;8;25658;clean;automatic;4wd;mid-size;43,78124;-88,50265;45
12000;2007;3;8;155000;clean;automatic;4wd;full-size;38,9884;-78,3386;55
1900;1996;1;8;208000;clean;manual;4wd;full-size;39,2839;-106,0628;45
3200;2002;4;8;147000;clean;automatic;;;25,4906;-80,438;65
21997;2014;4;8;99000;clean;automatic;4wd;;43,356951;-112,06192;47
7800;2007;2;6;142977;clean;automatic;rwd;full-size;39,93702;-75,088111;52
13995;2008;3;8;105033;clean;automatic;4wd;full-size;43,223552;-77,372473;53
24559;2013;2;8;108062;clean;automatic;4wd;full-size;35,01845;-85,204983;59
5000;2006;1;8;130000;clean;automatic;4wd;full-size;40,476836;-81,353934;49
4800;2002;3;6;150490;clean;automatic;rwd;full-size;31,530273;-97,183866;67
5300;1992;3;8;52000;clean;automatic;rwd;full-size;39,006436;-121,429009;59
7988;2009;2;8;188000;clean;automatic;4wd;full-size;30,520244;-89,647288;61
23900;2013;2;6;98605;clean;automatic;4wd;full-size;43,091932;-75,19597;53
18790;2013;3;6;120000;clean;automatic;;;46,450007;-95,12469;43
12999;2009;2;8;117000;clean;automatic;4wd;full-size;40,958575;-81,359512;49
23500;2013;3;8;132566;clean;automatic;4wd;full-size;38,8237;-97,6421;51
23950;2011;4;8;58093;clean;automatic;4wd;full-size;41,344632;-75,688506;53
10974;2007;3;8;132448;clean;automatic;4wd;full-size;45,750271;-111,184096;40
19550;2011;3;8;95372;clean;automatic;4wd;mid-size;44,57437;-88,16024;45
9660;2006;3;8;179931;clean;automatic;4wd;mid-size;44,87313;-87,89568;45
26900;2013;3;6;112902;clean;automatic;4wd;full-size;35,887189;-78,265568;56
4900;2007;3;6;161000;clean;automatic;;;35,6069;-90,3359;59
2700;1999;3;8;191;clean;automatic;4wd;full-size;39,836078;-83,987895;49
13950;2011;2;8;146746;clean;automatic;;full-size;38,692648;-82,857744;49
10500;2010;2;8;88700;clean;automatic;4wd;;42,4706;-82,9022;45
32000;2015;3;6;31052;clean;automatic;4wd;mid-size;46,59003;-95,57416;43
5200;2001;3;8;149000;clean;automatic;;;40,121;-74,3017;52
1500;1993;1;8;230000;clean;automatic;4wd;mid-size;46,8233;-101,8223;38
17995;2010;2;8;75063;clean;automatic;4wd;full-size;42,477134;-82,949564;45
31990;2018;3;8;17621;clean;automatic;rwd;full-size;43,154309;-75,931063;53
21995;2013;2;8;131535;clean;automatic;4wd;full-size;37,837488;-84,852078;50
11977;2008;3;8;171488;clean;automatic;4wd;mid-size;44,87313;-87,89568;45
19995;2013;2;6;107739;clean;automatic;4wd;full-size;41,686718;-86,012028;48
20995;2013;2;8;131535;clean;automatic;4wd;full-size;37,837488;-84,852078;50
500;1983;1;6;163000;clean;manual;4wd;full-size;46,8564;-96,8123;38
6950;2002;4;8;87891;clean;automatic;rwd;full-size;41,659345;-73,082609;51
15999;2010;3;4;113088;clean;automatic;;;42,686373;-73,796132;53
12995;2014;2;6;155425;clean;automatic;rwd;full-size;42,477134;-82,949564;45
29600;2015;3;6;24753;clean;automatic;rwd;mid-size;34,74851;-77,41559;56
9795;2004;3;8;149347;clean;automatic;4wd;full-size;38,611926;-121,423565;59
7480;2007;2;8;190279;clean;automatic;rwd;;36,357877;-94,210499;59
25490;2014;4;6;16561;clean;automatic;4wd;full-size;42,955669;-91,817379;47
4200;2006;2;6;184000;clean;automatic;;;33,9531;-116,5219;59
20995;2013;2;8;131535;clean;automatic;4wd;full-size;37,837488;-84,852078;50
13900;2009;3;8;207000;clean;automatic;4wd;full-size;49,03404;-122,307211;
32886;2018;3;6;18517;clean;automatic;4wd;mid-size;43,78124;-88,50265;45
20999;2012;2;6;95030;clean;automatic;4wd;full-size;35,01845;-85,204983;59
26750;2014;3;6;58500;clean;automatic;4wd;;34,6209;-120,1922;59
12995;2010;2;8;91664;clean;automatic;rwd;full-size;41,680677;-86,126046;48
19463;2010;3;8;95484;clean;automatic;4wd;mid-size;28,03978;-81,94071;65
38995;2012;3;8;70274;clean;automatic;4wd;full-size;38,611926;-121,423565;59
4500;1998;1;8;126700;clean;manual;rwd;full-size;37,099509;-85,316384;50
19870;2010;3;8;72573;clean;automatic;4wd;full-size;49,184885;-122,801111;
23600;2013;2;6;75000;clean;automatic;4wd;full-size;43,1479;-93,0002;47
8995;2006;3;8;138975;clean;automatic;4wd;full-size;40,842755;-96,694022;46
2100;1999;2;8;131;clean;automatic;4wd;;42,9731;-87,8687;45
6499;2006;3;8;130244;clean;automatic;rwd;full-size;27,873066;-82,786729;65
11995;2006;3;8;121978;clean;automatic;rwd;full-size;38,159627;-85,697708;50
3495;2002;2;8;201803;clean;automatic;4wd;full-size;42,477134;-82,949564;45
8333;2018;3;8;192097;clean;automatic;4wd;;35,904364;-78,600905;56
37995;2015;3;6;48800;clean;automatic;4wd;;47,830597;-110,662694;40
8500;2006;2;8;180000;clean;automatic;4wd;;33,8043;-102,1652;67
11895;2006;3;8;108538;clean;automatic;4wd;mid-size;43,271073;-89,724397;45
20990;2012;3;6;70444;clean;automatic;4wd;full-size;43,154434;-75,931578;53
4200;2004;3;6;138000;clean;manual;fwd;full-size;37,3178;-76,7634;55
5990;2004;4;8;210445;clean;automatic;4wd;full-size;38,731803;-90,073678;48
3900;2007;2;6;250000;clean;automatic;rwd;full-size;28,0384;-82,3949;65
4500;2006;1;8;143000;clean;automatic;4wd;full-size;43,405559;-85,799446;45
22900;2015;3;8;99108;clean;automatic;4wd;full-size;33,066044;-89,593906;61
22888;2010;3;8;48745;clean;automatic;4wd;;47,830597;-110,662694;40
6700;2010;2;8;105668;clean;automatic;fwd;;43,099009;-76,097939;53
29000;2010;3;8;95000;clean;automatic;4wd;full-size;41,67139;-74,091282;53
30795;2014;3;6;24880;clean;automatic;4wd;full-size;38,588302;-89,923783;48
6995;2004;2;8;121000;clean;automatic;4wd;full-size;44,9588;-123,0753;50
31000;2015;3;6;24753;clean;automatic;rwd;mid-size;34,74851;-77,41559;56
8000;2004;3;8;190000;clean;automatic;4wd;;41,931382;-73,878625;53
16995;2002;2;8;65336;clean;automatic;rwd;full-size;33,711509;-78,909582;60
3200;2000;2;8;233000;clean;automatic;4wd;full-size;29,356712;-98,486214;67
4500;1997;2;8;263048;clean;automatic;4wd;full-size;38,062801;-97,931464;51
14995;2011;2;8;122000;clean;automatic;4wd;full-size;39,91533;-94,808774;52
24999;2011;4;8;67000;clean;automatic;4wd;full-size;42,868175;-85,862086;45
1;1994;2;8;148000;clean;automatic;4wd;;43,005072;-85,955153;45
6800;2006;2;8;213000;clean;automatic;4wd;full-size;43,077111;-83,59822;45
5200;2005;2;8;150000;clean;automatic;rwd;full-size;34,386;-102,9901;67
6995;2003;3;8;167662;clean;automatic;4wd;full-size;45,518031;-122,578752;50
9892;2006;2;8;165650;clean;automatic;4wd;full-size;41,46389;-81,7693;49
18995;2012;3;8;57000;rebuilt;automatic;4wd;full-size;40,2688;-76,1013;53
5995;1999;3;8;235430;clean;automatic;4wd;full-size;45,518031;-122,578752;50
16888;2010;3;8;88755;clean;automatic;4wd;;47,830597;-110,662694;40
4500;2006;2;6;185000;clean;automatic;rwd;full-size;32,818049;-115,366363;59
24000;2014;3;8;49000;clean;automatic;rwd;;32,2434;-111,0179;71
1950;1985;1;8;150521;clean;automatic;rwd;full-size;40,1779;-105,1009;45
7900;2005;3;8;101000;clean;automatic;4wd;full-size;42,484503;-92,324974;47
5980;2005;2;8;113098;clean;automatic;rwd;;30,258544;-89,78735;67
6500;2004;3;8;64000;rebuilt;automatic;rwd;full-size;42,690461;-73,564391;53
14985;2013;3;6;74692;clean;automatic;rwd;full-size;35,844256;-79,938755;56
11000;2008;2;8;153000;lien;automatic;4wd;;43,124894;-86,174485;45
20984;2013;3;8;57242;clean;automatic;4wd;full-size;45,750271;-111,184096;40
8000;2007;2;8;181000;clean;automatic;rwd;full-size;34,9535;-85,2968;59
2100;1993;2;8;116000;clean;automatic;4wd;full-size;37,278145;-107,859476;45
27995;2014;3;6;64290;clean;automatic;4wd;;47,830597;-110,662694;40
4000;2004;2;8;214000;clean;automatic;4wd;full-size;41,213368;-91,540017;47
8998;2009;2;8;184376;clean;automatic;4wd;mid-size;39,691327;-104,987625;45
4800;2002;2;8;188850;clean;automatic;rwd;;33,4321;-111,6426;71
2500;1990;2;8;5;clean;manual;4wd;;39,583102;-77,878329;52
5;2006;3;8;97000;clean;automatic;4wd;full-size;41,7759;-111,8068;50
37995;2015;3;6;48800;clean;automatic;4wd;;47,830597;-110,662694;40
9770;2007;3;8;170320;clean;automatic;4wd;mid-size;44,57437;-88,16024;45
28999;2013;3;6;88485;clean;automatic;4wd;full-size;35,839694;-86,387087;59
24999;2011;4;8;67000;clean;automatic;4wd;full-size;42,868175;-85,862086;45
12900;2010;4;8;36137;salvage;automatic;4wd;mid-size;34,9803;-81,9168;60
6990;2010;3;8;185629;clean;automatic;4wd;full-size;41,117453;-81,349004;49
9995;2009;2;8;164552;clean;automatic;4wd;full-size;43,634;-116,3419;47
12999;2013;3;8;146189;clean;automatic;rwd;;27,495926;-82,614216;65
2600;1998;2;8;136200;clean;automatic;rwd;full-size;39,940362;-82,987461;49
19999;2008;3;8;104674;clean;automatic;4wd;;46,312912;-119,976139;50
29300;2015;4;6;45000;lien;automatic;4wd;;38,2481;-77,4681;55
21990;2014;3;8;96079;clean;automatic;4wd;full-size;43,154058;-75,931063;53
14750;2014;3;6;124800;clean;automatic;rwd;full-size;33,6819;-112,0996;71
23800;2014;3;8;93580;clean;automatic;4wd;full-size;33,066044;-89,593906;61
1500;1993;1;8;151000;clean;automatic;4wd;full-size;41,2382;-95,9336;46
7500;2005;4;8;130000;clean;automatic;rwd;;33,7207;-116,2168;59
17400;2007;3;8;30415;clean;automatic;4wd;full-size;47,830597;-110,662694;40
5483;2004;2;8;152816;clean;automatic;4wd;full-size;41,46389;-81,7693;49
28888;2014;3;6;64290;clean;automatic;4wd;;47,830597;-110,662694;40
37999;2016;3;8;13202;clean;automatic;4wd;mid-size;43,75891;-87,75358;45
4200;2000;2;8;214000;clean;automatic;4wd;;37,5564;-77,8798;55
8950;2010;2;8;168260;clean;automatic;4wd;;40,120838;-77,028586;53
4900;2007;2;6;90000;clean;automatic;rwd;full-size;40,616946;-75,441782;53
2495;1997;1;8;197193;clean;automatic;4wd;full-size;31,119086;-97,737989;67
2000;1995;2;8;293000;clean;automatic;rwd;full-size;29,518949;-98,819103;67
8500;2004;1;8;119818;clean;automatic;4wd;full-size;43,521608;-88,220791;45
3000;2008;3;8;91000;clean;automatic;rwd;;43,6221;-91,4837;43
18989;2010;3;8;52206;clean;automatic;4wd;mid-size;41,03056;-80,72808;49
7995;2006;2;8;154002;clean;automatic;rwd;full-size;35,661076;-78,703988;56
1600;2003;1;8;278000;clean;automatic;rwd;full-size;30,356138;-87,181149;65
8464;2008;3;8;169457;clean;automatic;4wd;mid-size;41,10224;-81,48186;49
25452;2013;3;8;37419;clean;automatic;4wd;mid-size;43,75891;-87,75358;45
14000;2008;3;8;116000;clean;automatic;4wd;full-size;37,3951;-94,7105;51
5;2006;3;8;97000;clean;automatic;4wd;full-size;64,8378;-147,7164;29
34990;2016;2;6;29659;clean;automatic;4wd;full-size;45,978572;-94,342018;43
28495;2012;2;8;52315;clean;automatic;4wd;full-size;39,831608;-74,653007;52
2000;1999;2;8;240000;clean;manual;4wd;full-size;37,904;-83,3888;50
5000;2002;3;8;150000;clean;automatic;4wd;full-size;27,3908;-80,3246;65
6995;2003;3;8;167662;clean;automatic;4wd;full-size;45,518031;-122,578752;50
6900;2004;3;8;155000;clean;automatic;rwd;compact;38,1381;-85,6953;50
5500;2005;2;8;145000;clean;automatic;4wd;full-size;42,426;-83,15;45
40000;2015;4;6;28600;clean;automatic;4wd;full-size;47,3845;-122,0574;50
31412;2016;3;8;43813;clean;automatic;4wd;mid-size;43,75891;-87,75358;45
2500;1998;1;8;14500;clean;automatic;4wd;full-size;40,0422;-87,600339;48
16000;2012;3;8;145000;clean;automatic;4wd;full-size;44,100683;-91,812674;43
19500;2010;2;8;95000;clean;automatic;4wd;full-size;35,364836;-82,378235;56
22000;2013;3;8;142245;clean;automatic;4wd;full-size;35,887189;-78,265568;56
23800;2014;3;8;93580;clean;automatic;4wd;full-size;33,066044;-89,593906;61
39999;2016;3;6;23667;clean;automatic;4wd;;47,830597;-110,662694;40
9880;2006;3;8;112213;clean;automatic;4wd;mid-size;44,87313;-87,89568;45
11995;2006;3;8;121978;clean;automatic;rwd;full-size;38,159627;-85,697708;50
5900;2010;2;6;136000;clean;automatic;rwd;full-size;41,6825;-71,2676;49
38496;2015;3;6;40359;clean;automatic;4wd;mid-size;44,52039;-88,06645;45
6000;2007;3;8;130000;clean;automatic;4wd;;28,1367;-82,461;65
9550;2006;3;8;168942;clean;automatic;4wd;mid-size;44,87313;-87,89568;45
9995;2006;2;8;95429;clean;automatic;rwd;;34,7448;-86,6704;61
17500;1991;2;8;98000;clean;automatic;4wd;full-size;42,894302;-85,881979;45
8200;2006;3;8;206000;rebuilt;automatic;4wd;full-size;40,7939;-74,0258;52
5800;2006;3;6;112413;clean;automatic;rwd;full-size;28,079232;-80,674959;65
5496;2003;2;8;141021;clean;automatic;4wd;full-size;44,602263;-73,16141;44
19995;2012;2;6;110300;clean;automatic;4wd;full-size;37,678867;-97,070307;51
7500;2008;2;8;258000;clean;automatic;;;44,0138;-107,9563;41
19966;2014;3;8;77955;clean;automatic;4wd;mid-size;44,73188;-93,2162;43
27000;2015;3;8;29000;clean;automatic;4wd;full-size;43,2193;-75,4498;53
10800;2011;3;6;116000;clean;automatic;4wd;full-size;48,0853;-97,1943;38
24999;2011;4;8;67000;clean;automatic;4wd;full-size;42,868175;-85,862086;45
8500;2008;2;8;172000;lien;automatic;4wd;full-size;43,8673;-92,4547;43
10500;2011;4;8;210000;clean;automatic;4wd;full-size;47,17734;-96,805456;43
5995;1999;3;8;235430;clean;automatic;4wd;full-size;45,518031;-122,578752;50
21995;2015;2;6;103407;clean;automatic;4wd;full-size;35,661076;-78,703988;56
33495;2016;3;6;27000;clean;automatic;4wd;full-size;42,069349;-76,122861;53
8000;1998;2;8;150000;clean;automatic;4wd;;29,635034;-82,619247;65
3500;1999;3;8;141000;clean;automatic;fwd;full-size;35,247862;-80,742989;56
9995;2008;3;8;94657;clean;automatic;4wd;;45,2617;-88,078;45
3999;2004;3;6;182815;clean;manual;rwd;;38,135234;-77,519136;55
25999;2014;3;8;35231;clean;automatic;4wd;mid-size;44,52039;-88,06645;45
10900;2012;2;8;100500;rebuilt;automatic;rwd;;36,0526;-95,7908;57
16995;2002;2;8;65336;clean;automatic;rwd;full-size;33,711509;-78,909582;60
9995;2010;2;8;160000;clean;automatic;rwd;full-size;35,4897;-78,7249;56
27995;2014;3;8;64765;clean;automatic;4wd;full-size;39,522059;-119,78845;46
39999;2016;3;6;53773;clean;automatic;4wd;mid-size;44,52039;-88,06645;45
16000;2007;4;8;140000;clean;automatic;4wd;;46,539781;-112,176499;40
7750;2010;2;8;215000;clean;automatic;rwd;full-size;39,344248;-84,538508;49
25000;2013;3;8;105000;clean;automatic;4wd;full-size;30,8668;-88,649;61
18995;2012;3;8;0;clean;automatic;;full-size;32,788557;-117,098278;59
28000;2015;3;6;103000;clean;automatic;4wd;full-size;43,826793;-111,817984;47
18600;2012;3;6;147000;clean;automatic;4wd;full-size;41,648507;-93,564034;47
7950;2009;3;8;115000;clean;automatic;rwd;;41,2949;-96,0546;46
41750;2018;4;6;4500;clean;automatic;4wd;full-size;35,3192;-82,5;56
18990;2011;3;8;128000;clean;automatic;4wd;;46,450007;-95,12469;43
8495;2006;3;8;152536;clean;automatic;4wd;full-size;38,159627;-85,697708;50
7300;2011;3;6;56000;rebuilt;automatic;rwd;full-size;26,132511;-98,212747;67
18900;2013;2;8;68288;clean;automatic;rwd;full-size;31,316064;-89,437114;61
4999;2007;3;8;111650;clean;automatic;rwd;mid-size;29,683989;-95,289917;67
4990;2004;3;8;156830;clean;automatic;4wd;full-size;40,857729;-96,645223;46
29450;2015;2;8;76669;clean;automatic;4wd;full-size;35,273684;-93,120968;59
14995;2014;2;6;109845;clean;automatic;4wd;full-size;41,203996;-96,115593;46
5895;2006;3;8;169987;clean;automatic;4wd;;45,2617;-88,078;45
32992;2017;3;6;36882;clean;automatic;4wd;mid-size;35,821163;-90,671453;59
30620;2015;3;6;73300;clean;automatic;4wd;full-size;49,184885;-122,801111;
21000;2011;3;6;124000;clean;automatic;4wd;;32,5622;-86,0994;61
7900;2005;2;8;130;clean;automatic;4wd;;45,6693;-111,0431;40
33000;2016;3;6;41500;clean;automatic;4wd;full-size;43,6042;-88,2729;45
11995;2006;3;8;144388;clean;automatic;4wd;full-size;38,159627;-85,697708;50
27998;2015;3;8;73893;clean;automatic;4wd;full-size;49,184885;-122,801111;
7500;2004;4;8;29500;clean;manual;rwd;full-size;35,600509;-82,381496;56
1050;2006;3;8;98000;clean;automatic;4wd;full-size;41,747;-111,8226;50
7995;2000;3;8;183000;clean;automatic;rwd;full-size;39,363221;-121,686417;59
13977;2013;2;6;106454;clean;automatic;rwd;full-size;42,345504;-88,269936;48
24500;2010;4;8;68524;clean;automatic;4wd;full-size;61,166353;-149,847206;29
5995;1997;2;8;109673;clean;automatic;rwd;full-size;32,212026;-89,888615;61
3500;1994;2;8;172000;clean;automatic;4wd;full-size;37,321038;-86,078864;50
3600;2001;3;8;214000;clean;automatic;rwd;full-size;38,9536;-92,745;52
3500;1999;3;6;151000;clean;automatic;fwd;mid-size;38,0891;-85,6548;50
29995;2015;3;8;35254;clean;automatic;4wd;full-size;40,158958;-105,031313;45
1000;1996;1;8;214000;clean;automatic;4wd;full-size;43,4825;-89,7462;45
900;1991;2;6;131000;clean;manual;4wd;;45,1157;-123,1744;50
20400;2014;3;6;79579;clean;automatic;rwd;mid-size;34,74851;-77,41559;56
3999;2003;3;6;244649;clean;automatic;rwd;full-size;39,982579;-74,795374;52
14995;2011;2;6;119764;clean;automatic;4wd;full-size;42,477134;-82,949564;45
10900;2006;3;8;7000;clean;automatic;4wd;full-size;40,3958;-111,8506;50
8995;2006;3;8;159000;clean;automatic;4wd;full-size;37,118052;-93,480523;52
5300;1994;3;6;85000;clean;automatic;rwd;full-size;34,7256;-111,9086;71
1500;2001;1;8;198000;clean;automatic;4wd;full-size;42,884789;-78,814219;53
49890;2018;4;6;3073;clean;automatic;4wd;;49,204598;-123,139205;
10900;2004;3;8;146000;clean;automatic;4wd;full-size;36,6955;-93,115;52
5900;2005;1;8;211500;clean;automatic;4wd;;30,6474;-88,2292;61
34999;2016;4;8;7250;clean;automatic;4wd;;25,798114;-100,456297;
9000;1994;2;8;83230;clean;manual;4wd;full-size;36,4248;-84,0907;59
16900;2010;3;8;125985;clean;automatic;4wd;full-size;35,887189;-78,265568;56
23988;2014;3;8;63368;clean;automatic;4wd;mid-size;42,22969;-83,48548;45
18900;2015;3;6;120000;clean;automatic;4wd;mid-size;42,539295;-82,978535;45
27993;2016;3;6;17312;clean;automatic;4wd;mid-size;44,52039;-88,06645;45
4800;1998;2;8;131000;rebuilt;automatic;4wd;;37,0169;-93,2022;52
2950;2005;3;8;220000;clean;automatic;rwd;full-size;56,195588;-96,450281;
9500;2005;3;8;130000;clean;automatic;rwd;full-size;35,6884;-81,3612;56
16997;2014;3;8;143737;clean;automatic;4wd;;42,999243;-85,689022;45
28900;2014;3;6;75756;clean;automatic;4wd;;44,105887;-121,170965;50
8995;2003;2;8;183976;clean;automatic;;full-size;41,8896;-91,0605;47
12999;2008;2;8;122898;clean;automatic;rwd;full-size;36,56571;-119,613004;59
1995;1999;2;8;200000;clean;automatic;4wd;full-size;45,124807;-93,126571;43
5495;1999;3;8;235430;clean;automatic;4wd;full-size;45,518031;-122,578752;50
12999;2011;3;8;130000;clean;automatic;rwd;full-size;43,072739;-78,856726;53
12488;2010;2;8;144570;clean;automatic;4wd;full-size;42,892121;-85,665539;45
35995;2011;2;8;64719;clean;automatic;4wd;full-size;33,946412;-117,295118;59
5250;2004;2;8;112344;clean;automatic;4wd;full-size;42,5951;-73,6826;53
27500;2016;3;6;57000;clean;automatic;4wd;full-size;37,7773;-90,4094;52
29998;2013;3;6;45641;clean;automatic;4wd;mid-size;42,67438;-82,81765;45
13988;2013;2;6;48459;clean;automatic;rwd;full-size;45,553434;-94,231841;43
31990;2018;3;8;17621;clean;automatic;rwd;full-size;43,154434;-75,931063;53
9498;2009;2;8;184376;clean;automatic;4wd;mid-size;39,691327;-104,987625;45
9000;1994;3;8;83230;clean;manual;4wd;;36,4248;-84,0907;59
24999;2011;4;8;67000;clean;automatic;4wd;full-size;42,868175;-85,862086;45
15999;2008;4;8;59100;clean;automatic;4wd;full-size;43,2291;-77,3088;53
22894;2010;4;8;101071;clean;automatic;4wd;full-size;32,18182;-90,137611;61
17995;2014;2;6;122043;clean;automatic;4wd;full-size;42,477134;-82,949564;45
1;2016;2;6;27144;clean;automatic;4wd;full-size;38,172315;-85,711007;50
8950;2005;2;8;172244;clean;automatic;rwd;full-size;30,649625;-88,127994;61
3700;2001;2;6;143000;clean;manual;;;36,885645;-76,413866;55
8695;2009;3;8;120951;clean;automatic;4wd;full-size;41,024539;-80,730694;49
4800;2004;2;8;141399;clean;manual;rwd;full-size;38,2683;-85,4845;50
14999;2013;3;6;147829;clean;automatic;4wd;full-size;44,282878;-121,173875;50
16900;2009;4;8;139000;clean;automatic;4wd;full-size;36,009333;-88,399276;59
4700;2006;2;6;147652;clean;manual;;;33,99881;-85,050488;59
20981;2013;3;8;135332;clean;automatic;4wd;mid-size;39,11632;-94,75917;51
8495;2006;3;8;152536;clean;automatic;4wd;full-size;38,159627;-85,697708;50
20388;2010;3;8;0;clean;automatic;4wd;;42,099255;-72,60989;50
5220;2004;2;8;157000;clean;automatic;4wd;;41,736436;-92,717669;47
6250;2004;2;8;163000;clean;automatic;4wd;;42,556438;-83,79356;45
6000;1979;3;8;123456;clean;automatic;4wd;;40,4015;-74,0309;52
35403;2016;3;6;22375;clean;automatic;4wd;mid-size;43,75891;-87,75358;45
24770;2014;3;6;78543;clean;automatic;4wd;mid-size;44,57437;-88,16024;45
7988;2009;2;8;188000;clean;automatic;4wd;full-size;30,520244;-89,647288;61
16500;2014;3;6;147;clean;automatic;4wd;;47,8392;-122,2855;50
10495;2004;3;8;102900;clean;automatic;4wd;full-size;32,754615;-97,062343;67
1;2018;3;10;20983;clean;other;4wd;full-size;28,466088;-81,396429;65
1995;1998;2;8;203930;clean;automatic;4wd;full-size;41,680321;-86,160307;48
1500;2005;1;8;1000000;clean;automatic;4wd;full-size;36,8437;-76,811;55
6987;2001;3;8;168953;clean;automatic;4wd;full-size;37,911918;-84,559276;50
5400;2002;4;8;60367;clean;automatic;rwd;full-size;37,715083;-122,444;59
2800;2000;2;8;266000;clean;automatic;4wd;full-size;42,490663;-83,280453;45
21500;2012;3;8;57500;lien;automatic;rwd;full-size;40,879;-83,8914;49
33890;2018;3;8;17621;clean;automatic;rwd;full-size;43,154434;-75,931063;53
28860;2015;3;6;75000;clean;automatic;4wd;full-size;49,184885;-122,801111;
5996;2003;2;8;141021;clean;automatic;4wd;full-size;44,602263;-73,16141;44
33994;2015;3;6;47779;clean;automatic;4wd;mid-size;43,78124;-88,50265;45
3000;1997;2;6;118000;clean;manual;;full-size;41,5097;-73,9634;53
9995;2010;3;8;144375;clean;automatic;rwd;full-size;38,611926;-121,423565;59
6995;2001;2;8;181780;clean;automatic;4wd;full-size;35,496578;-120,681118;59
10788;2010;3;8;161072;clean;automatic;4wd;mid-size;42,22969;-83,48548;45
8995;2004;2;8;189601;clean;automatic;rwd;;35,148916;-89,922439;59
12995;2006;3;8;95125;clean;automatic;rwd;full-size;33,886283;-98,486391;67
11995;2008;2;8;128613;clean;automatic;4wd;full-size;45,049163;-93,035945;43
14995;2010;3;8;120715;clean;automatic;4wd;full-size;43,223552;-77,372473;53
35832;2016;3;6;29136;clean;automatic;4wd;mid-size;44,52039;-88,06645;45
32995;2017;2;8;36362;clean;automatic;4wd;full-size;44,354956;-106,680348;41
1500;1998;1;8;204000;clean;automatic;4wd;full-size;46,5065;-94,9676;43
3900;2008;2;8;140234;clean;automatic;rwd;full-size;41,669017;-86,014473;48
3500;1994;2;8;248000;clean;automatic;rwd;;36,4677;-94,3209;59
8000;2004;3;8;129420;clean;automatic;4wd;;42,5593;-83,79443;45
3500;1997;3;8;135159;clean;automatic;4wd;full-size;39,913356;-76,682951;53
18000;2012;3;8;135000;lien;automatic;4wd;full-size;42,7529;-84,7373;45
5499;2004;3;8;116824;clean;automatic;rwd;full-size;27,873066;-82,786729;65
18995;2014;2;6;108026;clean;automatic;4wd;full-size;41,686718;-86,012028;48
32988;2016;4;8;24073;clean;automatic;4wd;full-size;44,0496;-92,4896;43
25000;2015;4;8;45000;clean;automatic;rwd;full-size;42,26066;-84,403866;45
27995;2016;3;6;42207;clean;automatic;4wd;full-size;40,83598;-96,725713;46
24600;2010;3;8;63970;clean;automatic;4wd;mid-size;38,88358;-94,79383;51
6500;2010;3;8;209432;clean;automatic;4wd;;31,923468;-102,292436;67
6000;2008;1;8;241886;clean;automatic;4wd;;45,629671;-89,369985;45
2200;2002;2;8;252000;clean;automatic;rwd;;38,113072;-121,14903;59
8995;2005;3;8;110080;clean;automatic;rwd;full-size;42,032203;-91,611698;47
9777;2006;3;8;152536;clean;automatic;4wd;full-size;38,159627;-85,697708;50
46499;2017;3;6;9989;clean;automatic;4wd;mid-size;43,78124;-88,50265;45
5483;2004;2;8;152816;clean;automatic;4wd;full-size;41,46389;-81,7693;49
9980;2006;3;8;127000;clean;automatic;4wd;;37,062438;-94,477444;52
3999;2003;3;6;244649;clean;automatic;rwd;full-size;39,982579;-74,795374;52
35500;2017;4;8;20500;clean;automatic;4wd;;40,8224;-76,8683;53
7400;2001;2;8;200;clean;automatic;rwd;full-size;39,1237;-121,6611;59
9490;2005;3;8;161000;clean;automatic;;;46,450007;-95,12469;43
9400;2007;3;8;228524;clean;automatic;4wd;full-size;34,2596;-85,161113;59
17995;2014;2;6;108026;clean;automatic;4wd;full-size;41,686718;-86,012028;48
22500;2011;2;8;130205;clean;automatic;4wd;full-size;32,2604;-90,0897;61
11900;2013;3;6;133000;clean;automatic;rwd;full-size;25,7763;-80,2919;65
9550;2006;3;8;168942;clean;automatic;4wd;mid-size;44,87313;-87,89568;45
30860;2015;4;6;53250;clean;automatic;4wd;;44,826368;-88,785879;45
24759;2013;2;6;101357;clean;automatic;4wd;full-size;36,137597;-86,761799;59
19550;2011;3;8;95372;clean;automatic;4wd;mid-size;44,57437;-88,16024;45
1750;1989;2;6;75000;clean;manual;rwd;;36,5686;-82,1819;59
1800;1997;2;8;240000;clean;automatic;rwd;full-size;39,45438;-77,977233;52
27499;2016;3;6;14734;clean;automatic;4wd;mid-size;43,78124;-88,50265;45
13500;2011;2;6;97000;clean;automatic;4wd;compact;40,5;-80,1996;53
25995;2013;3;8;48407;clean;automatic;4wd;mid-size;34,53446;-86,97407;61
5900;1979;2;8;139000;clean;automatic;rwd;full-size;40,710157;-86,752395;48
10988;2008;2;8;104430;clean;automatic;rwd;full-size;42,892121;-85,665539;45
17880;2010;3;8;130338;clean;automatic;4wd;mid-size;44,57437;-88,16024;45
3500;1997;3;8;135159;clean;automatic;4wd;full-size;39,913356;-76,682951;53
20499;2014;3;6;90286;clean;automatic;4wd;mid-size;44,52039;-88,06645;45
11977;2008;3;8;171488;clean;automatic;4wd;mid-size;44,87313;-87,89568;45
25000;2012;2;4;103000;clean;automatic;4wd;full-size;34,8825;-87,7398;61
43900;2018;3;8;1000;clean;automatic;;full-size;42,484503;-92,324974;47
19975;2014;3;8;95101;clean;automatic;4wd;full-size;43,204762;-75,440834;53
25988;2014;3;6;114477;clean;automatic;4wd;;45,121187;-92,693325;45
4700;2001;2;8;228800;clean;automatic;4wd;full-size;35,593602;-106,107622;45
33900;2012;3;8;86271;clean;automatic;4wd;full-size;44,227258;-88,467902;45
10995;2007;3;8;139137;clean;automatic;4wd;full-size;43,19959;-77,636273;53
3399;1998;3;8;198000;clean;automatic;4wd;full-size;46,0153;-95,6951;43
7495;2003;2;8;142533;clean;automatic;rwd;full-size;32,195597;-110,874466;71
9000;1976;3;8;109700;clean;manual;4wd;full-size;39,171727;-119,779472;46
2500;1997;3;8;125000;clean;automatic;4wd;full-size;40,0752;-80,7747;49
7995;2003;2;8;259131;clean;automatic;4wd;full-size;39,928215;-105,148438;45
13500;2012;2;8;155000;clean;automatic;4wd;full-size;46,591444;-94,233341;43
15490;2007;3;8;87664;clean;automatic;4wd;full-size;35,715601;-84,017923;59
5000;2002;3;8;225000;clean;automatic;4wd;;43,009197;-85,697823;45
31249;2017;3;8;8921;clean;automatic;4wd;mid-size;43,78124;-88,50265;45
6900;2004;2;8;150657;clean;automatic;fwd;full-size;34,948006;-82,157307;60
28454;2014;3;6;87272;clean;automatic;4wd;;50,045346;-125,269028;
2000;1999;2;8;230000;clean;manual;4wd;full-size;37,904;-83,3888;50
9550;2006;3;8;168942;clean;automatic;4wd;mid-size;44,87313;-87,89568;45
1;2001;3;8;160399;clean;automatic;4wd;full-size;35,5335;-97,9591;57
8500;2004;3;8;17000;clean;automatic;rwd;full-size;33,579176;-86,351509;61
675;1997;1;8;192000;clean;automatic;rwd;full-size;46,260789;-86,928205;45
2800;1988;2;8;141000;clean;automatic;4wd;full-size;43,6498;-116,4306;47
35500;2017;4;8;20500;clean;automatic;4wd;;40,8224;-76,8683;53
4999;1997;2;8;154162;clean;automatic;rwd;full-size;43,372639;-124,212531;50
15995;2009;3;8;136101;clean;automatic;4wd;full-size;38,159627;-85,697708;50
14000;2010;3;8;152000;clean;automatic;4wd;;42,9234;-71,121;43
10950;2008;2;8;175295;clean;automatic;4wd;full-size;34,614367;-97,967015;57
4500;1998;2;8;146000;clean;automatic;4wd;full-size;43,284108;-96,273708;47
9000;2010;2;8;133000;rebuilt;automatic;4wd;full-size;40,006974;-76,372662;53
11500;2014;4;6;67000;clean;automatic;rwd;full-size;36,8764;-94,8719;57
34500;2016;3;6;24000;clean;automatic;4wd;;46,270716;-119,184108;50
8500;2006;3;8;133400;clean;automatic;rwd;;41,704;-88,1952;48
1000;1998;1;8;280000;clean;automatic;4wd;full-size;37,065862;-94,48019;52
11995;2004;4;8;124047;clean;automatic;4wd;full-size;26,173143;-98,002489;67
10985;2010;3;8;82629;clean;automatic;4wd;full-size;44,463351;-73,119023;44
5500;2006;2;8;113000;clean;automatic;fwd;full-size;39,5988;-82,93;49
27199;2014;3;8;31576;clean;automatic;4wd;mid-size;43,78124;-88,50265;45
995;2001;4;6;113523;clean;automatic;4wd;;39,198094;-84,737327;49
24999;2011;4;8;67000;clean;automatic;4wd;full-size;42,868175;-85,862086;45
42890;2017;4;6;13615;clean;automatic;4wd;;49,204598;-123,139205;
13000;2010;2;8;16700;clean;automatic;rwd;full-size;36,454813;-94,113865;59
16995;2010;3;8;70816;clean;automatic;4wd;full-size;43,223552;-77,372473;53
16997;2011;2;8;110334;clean;automatic;4wd;full-size;42,8802;-85,5352;45
16950;2013;2;6;140363;clean;automatic;4wd;full-size;38,692648;-82,857744;49
14900;2009;3;8;94000;clean;automatic;4wd;;42,7496;-83,5358;45
11995;2007;3;8;166440;clean;automatic;4wd;full-size;43,0601;-85,9517;45
9000;2004;3;8;100982;salvage;automatic;4wd;full-size;32,852209;-116,917461;59
10450;2010;3;8;149560;clean;automatic;4wd;;45,2202;-93,9638;43
45900;2016;4;6;20000;clean;automatic;4wd;;35,1591;-85,2182;59
12900;2014;2;6;242190;clean;automatic;4wd;full-size;37,10833;-93,054936;52
3595;1998;2;8;167000;clean;automatic;4wd;full-size;40,0724;-82,4046;49
22995;2013;2;6;106000;clean;automatic;4wd;full-size;41,951531;-91,677091;47
14995;2012;3;6;162070;clean;automatic;4wd;full-size;39,19911;-96,08325;51
32995;2015;3;6;63373;clean;automatic;4wd;full-size;45,832678;-95,388622;43
2000;2001;2;8;300000;clean;automatic;4wd;full-size;46,1966;-118,9017;50
5800;2006;3;6;112413;clean;automatic;rwd;full-size;28,079232;-80,674959;65
5300;2006;2;8;165000;clean;automatic;4wd;full-size;40,0315;-98,0779;46
17990;2010;3;8;129000;clean;automatic;4wd;;46,450007;-95,12469;43
30996;2014;3;6;48725;clean;automatic;4wd;mid-size;44,52039;-88,06645;45
3000;1998;1;6;180000;clean;automatic;rwd;compact;34,140281;-117,473394;59
1200;2004;2;8;192659;clean;automatic;rwd;full-size;41,680321;-86,160307;48
2350;1993;3;8;175000;clean;manual;rwd;full-size;37,3489;-120,6028;59
2900;2003;3;6;59707;salvage;manual;rwd;full-size;25,90552;-97,473786;67
5900;2007;1;8;184121;clean;automatic;4wd;;44,3056;-96,7914;38
28995;2012;3;8;111882;clean;automatic;4wd;full-size;38,671618;-94,36651;52
300;1998;0;8;180000;clean;automatic;4wd;;41,8966;-72,2622;51
7488;2010;2;8;103470;clean;automatic;rwd;full-size;28,665045;-82,111604;65
24995;2015;3;8;85585;clean;automatic;4wd;;39,53018;-104,767626;45
13990;2012;3;8;164000;clean;automatic;;;46,450007;-95,12469;43
5995;2004;4;8;0;clean;automatic;rwd;full-size;35,376217;-118,948822;59
20995;2011;2;8;63246;clean;automatic;4wd;full-size;42,970214;-90,112347;45
16995;2010;2;8;124539;clean;automatic;4wd;full-size;45,049163;-93,035945;43
11700;2010;2;8;144570;clean;automatic;4wd;full-size;42,892121;-85,665539;45
27550;2011;3;8;46096;clean;automatic;4wd;mid-size;43,75891;-87,75358;45
16600;2011;3;6;145360;clean;automatic;4wd;full-size;45,1512;-90,3503;45
15500;2013;3;8;173000;clean;automatic;4wd;full-size;31,36;-89,5777;61
7950;2010;2;8;201694;clean;automatic;4wd;full-size;34,2745;-88,3793;61
32995;2017;3;8;11077;clean;automatic;4wd;;46,870626;-114,018477;40
12500;2008;3;8;118800;salvage;automatic;4wd;;40,7626;-86,755;48
2800;2002;2;8;183000;clean;automatic;rwd;full-size;43,1388;-83,9851;45
20000;2012;3;8;61439;clean;automatic;rwd;mid-size;35,725717;-97,981122;57
255;2007;3;8;90611;clean;automatic;4wd;full-size;38,584848;-89,985587;48
15897;2010;2;8;125351;clean;automatic;4wd;full-size;40,335245;-76,488033;53
2800;1994;1;8;148000;clean;automatic;rwd;full-size;34,8624;-77,5863;56
1400;1997;1;8;285000;clean;automatic;4wd;full-size;38,213;-94,9934;51
4995;2004;2;8;138072;clean;automatic;;full-size;42,03519;-91,559347;47
3200;2002;2;8;169048;clean;automatic;4wd;;43,653565;-90,728703;45
22995;2013;2;6;112872;clean;automatic;4wd;full-size;37,678867;-97,070307;51
20800;2013;3;6;106273;clean;automatic;4wd;full-size;44,138399;-70,225926;44
3900;2010;2;8;200000;clean;automatic;rwd;full-size;42,9051;-82,5679;45
17500;2012;3;8;102000;clean;automatic;4wd;full-size;43,561752;-116,612663;47
9950;2011;2;8;223648;clean;automatic;4wd;full-size;38,692648;-82,857744;49
4995;2003;3;6;165000;clean;automatic;rwd;full-size;29,683363;-98,137007;67
1500;1993;2;6;96000;clean;manual;rwd;;41,8697;-71,982;51
18467;2011;3;6;59000;clean;automatic;rwd;full-size;35,848;-78,6317;56
8000;2004;3;8;129420;clean;automatic;4wd;;42,5593;-83,79443;45
8950;2008;3;8;160430;clean;automatic;4wd;full-size;42,944251;-83,730441;45
600;1995;2;6;245000;clean;automatic;rwd;full-size;39,737718;-75,568601;54
4500;1998;1;8;126700;clean;manual;rwd;full-size;37,099509;-85,316384;50
21900;2015;2;6;149616;clean;automatic;4wd;full-size;31,316064;-89,437114;61
3500;2004;2;8;215000;clean;automatic;4wd;full-size;39,2081;-121,0069;59
14000;2010;2;8;248000;clean;automatic;rwd;full-size;35,2521;-96,6683;57
10800;2007;2;8;180262;clean;automatic;4wd;full-size;35,250553;-91,711354;59
14000;2014;2;8;113000;clean;automatic;rwd;full-size;27,693803;-97,403476;67
10995;2009;3;8;141880;clean;automatic;4wd;full-size;42,70335;-84,548468;45
22990;2011;3;8;129649;clean;automatic;rwd;full-size;32,867351;-97,262497;67
34855;2016;2;8;15829;clean;automatic;4wd;full-size;43,078373;-92,317804;47
19700;2011;3;6;28000;clean;automatic;4wd;full-size;35,562336;-82,605195;56
15995;2010;3;8;90260;clean;automatic;4wd;full-size;43,223552;-77,372473;53
22994;2012;3;6;73737;clean;automatic;4wd;mid-size;44,52039;-88,06645;45
5500;2004;2;8;60000;clean;automatic;fwd;full-size;37,7383;-121,4345;59
1600;1999;2;8;187000;clean;automatic;rwd;full-size;37,9743;-121,3154;59
21995;2011;3;6;124507;clean;automatic;4wd;full-size;42,701772;-89,008858;45
3000;1994;2;8;233000;clean;automatic;rwd;full-size;38,2995;-77,4772;55
16979;2011;3;8;110236;clean;automatic;4wd;full-size;45,750271;-111,184096;40
24500;2010;4;8;68524;clean;automatic;4wd;full-size;61,166353;-149,847206;29
21990;2014;3;6;156927;clean;automatic;4wd;full-size;35,715852;-84,017537;59
23750;2013;3;6;74272;clean;automatic;4wd;mid-size;41,51968;-81,45457;49
13995;2008;2;8;122898;clean;automatic;rwd;full-size;36,56571;-119,613004;59
15000;2011;3;8;194000;clean;automatic;4wd;full-size;40,3944;-74,1157;52
23997;2010;3;8;58600;clean;automatic;4wd;full-size;47,65845;-117,165241;50
2800;2004;2;8;120066;clean;automatic;4wd;;39,8353;-84,1123;49
27750;2015;3;6;58546;clean;automatic;4wd;;47,805889;-122,327968;50
50;2008;5;8;10;clean;automatic;4wd;full-size;43,2817;-71,6595;43
3099;1997;2;8;160000;clean;automatic;4wd;;42,5293;-87,8855;45
11500;2008;2;8;133000;clean;automatic;fwd;;40,4574;-122,3282;59
27000;2016;4;6;36000;clean;automatic;rwd;full-size;37,13284;-95,78558;51
21995;2014;3;6;157556;clean;automatic;;full-size;42,701772;-89,008858;45
8995;2011;2;8;192145;clean;automatic;4wd;full-size;39,073454;-95,664519;51
6500;1993;2;8;217000;clean;automatic;4wd;full-size;35,9872;-106,0717;45
5950;2004;3;8;300000;clean;automatic;rwd;full-size;28,704796;-81,868418;65
30961;2015;3;6;83987;clean;automatic;4wd;full-size;38,671618;-94,36651;52
3100;2002;1;8;180000;clean;automatic;4wd;full-size;42,146;-76,088;53
16785;2009;2;8;125962;clean;automatic;4wd;full-size;40,335245;-76,488033;53
6995;2005;2;8;154024;clean;automatic;4wd;;39,918359;-77,583785;53
8995;2006;3;8;115500;clean;automatic;rwd;full-size;39,183608;-96,571669;51
4999;2001;3;8;252336;clean;automatic;4wd;;33,43243;-117,62824;59
24995;2014;3;8;106588;clean;automatic;4wd;mid-size;34,59723;-112,3173;71
28900;2016;2;8;33307;clean;automatic;4wd;full-size;43,029559;-89,397796;45
9850;2005;3;8;213195;clean;automatic;4wd;full-size;36,030812;-80,166818;56
6900;2006;2;6;101000;clean;automatic;fwd;mid-size;36,6224;-76,0249;55
4900;2001;2;8;206000;clean;automatic;4wd;;41,6067;-93,7457;47
9950;2004;2;8;137677;clean;automatic;4wd;full-size;39,253225;-75,586968;54
17990;2010;3;8;129000;clean;automatic;4wd;;46,450007;-95,12469;43
12550;2007;3;8;139848;clean;automatic;4wd;mid-size;44,57437;-88,16024;45
13200;2008;3;8;111102;clean;automatic;rwd;mid-size;34,83092;-87,62284;61
9880;2006;3;8;112213;clean;automatic;4wd;mid-size;44,87313;-87,89568;45
800;1994;2;6;18700;clean;manual;rwd;;42,675769;-72,038151;50
31990;2018;3;8;17621;clean;automatic;rwd;full-size;43,154309;-75,931063;53
35984;2015;3;6;70939;clean;automatic;4wd;full-size;45,750271;-111,184096;40
30000;2015;4;6;40000;lien;automatic;4wd;full-size;42,3453;-85,2178;45
5995;2000;3;6;113435;clean;manual;rwd;full-size;31,732124;-106,364833;67
1000;1989;1;8;157000;clean;automatic;rwd;;43,3769;-112,1075;47
26995;2013;3;6;136542;clean;automatic;;full-size;31,732124;-106,364833;67
32700;2015;3;6;88500;clean;automatic;4wd;full-size;50,039078;-125,271628;
6995;2005;2;8;154024;clean;automatic;4wd;;39,918359;-77,583785;53
29995;2013;3;6;82900;clean;automatic;;full-size;39,522059;-119,78845;46
12499;2013;3;8;140855;clean;automatic;4wd;full-size;47,6421;-117,1977;50
7900;2007;2;8;146000;clean;automatic;rwd;full-size;33,3299;-101,7122;67
13995;2013;4;6;73929;clean;automatic;rwd;full-size;37,0512;-93,2972;52
28995;2014;3;6;136873;clean;automatic;4wd;full-size;31,732124;-106,364833;67
4500;2005;2;8;183000;clean;automatic;rwd;compact;32,789372;-80,020509;60
11990;2007;3;8;132000;clean;automatic;;;46,450007;-95,12469;43
27500;2014;3;8;85000;clean;automatic;;full-size;40,762032;-73,770297;53
17000;2011;2;8;151000;rebuilt;automatic;4wd;full-size;38,555755;-86,277308;48
11995;2006;3;8;144388;clean;automatic;4wd;full-size;38,159627;-85,697708;50
15973;2001;3;8;128895;clean;automatic;rwd;mid-size;32,287394;-95,356951;67
1400;1993;2;6;165000;clean;automatic;rwd;full-size;43,7379;-85,3219;45
1400;2001;1;6;218000;clean;automatic;rwd;;38,1768;-85,5218;50
8000;1999;3;6;71000;clean;automatic;rwd;full-size;37,522788;-77,802086;55
1800;1999;2;8;206000;clean;automatic;4wd;full-size;46,7546;-92,5408;43
22895;2013;2;6;98605;clean;automatic;4wd;full-size;43,091932;-75,19597;53
17200;2009;3;8;66000;lien;automatic;4wd;full-size;36,153849;-79,835522;56
1500;1997;1;8;170000;clean;automatic;rwd;full-size;33,8632;-81,2351;60
15993;2011;3;6;152706;clean;automatic;rwd;full-size;38,052548;-85,676488;50
15995;2009;3;8;136101;clean;automatic;4wd;full-size;38,159627;-85,697708;50
1100;1995;1;8;180000;clean;automatic;4wd;;46,6484;-92,471;43
9888;2005;2;8;119000;clean;automatic;rwd;full-size;30,520244;-89,647288;61
4500;2005;3;8;190000;clean;automatic;;full-size;33,561423;-101,856411;67
850;2000;1;8;180000;clean;automatic;4wd;full-size;41,31028;-75,796088;53
9888;2005;2;8;119000;clean;automatic;rwd;full-size;30,520244;-89,647288;61
28888;2014;3;6;64290;clean;automatic;4wd;;47,830597;-110,662694;40
39;2001;2;8;166;clean;automatic;4wd;;37,323234;-120,497676;59
11995;2009;2;8;140455;clean;automatic;4wd;full-size;42,477134;-82,949564;45
23995;2012;3;8;101102;clean;automatic;4wd;full-size;30,371985;-88,539206;61
30650;2015;3;8;38943;clean;automatic;4wd;mid-size;43,75891;-87,75358;45
5800;2003;2;8;136000;rebuilt;automatic;rwd;full-size;36,409679;-82,47591;59
13988;2011;2;6;146699;clean;automatic;4wd;full-size;42,892121;-85,665539;45
18625;2010;2;8;197338;clean;automatic;4wd;full-size;40,1779;-105,1009;45
19995;2012;3;6;75000;clean;automatic;rwd;full-size;32,25;-110,8869;71
19490;2010;3;8;98470;clean;automatic;4wd;full-size;39,972619;-82,010975;49
13995;2008;3;8;105033;clean;automatic;4wd;full-size;43,223552;-77,372473;53
7995;2003;2;8;259131;clean;automatic;4wd;full-size;39,928215;-105,148438;45
9900;2007;3;8;125856;clean;automatic;rwd;mid-size;34,82834;-87,63558;61
4888;1999;2;6;183400;clean;automatic;4wd;;36,147807;-95,933602;57
30795;2014;3;6;24880;clean;automatic;4wd;full-size;38,588302;-89,923783;48
12500;2006;3;8;134000;clean;automatic;;full-size;38,6093;-121,4443;59
18900;2013;2;8;68288;clean;automatic;rwd;full-size;31,316064;-89,437114;61
10995;2010;2;8;170505;clean;automatic;4wd;full-size;45,049163;-93,035945;43
21994;2014;3;8;96551;clean;automatic;4wd;mid-size;30,43955;-91,08613;67
1500;1989;2;6;140000;clean;manual;rwd;full-size;27,9611;-81,9398;65
800;1994;0;8;250000;clean;automatic;rwd;full-size;34,0112;-85,2459;59
7900;2001;2;8;174000;clean;automatic;4wd;full-size;37,093076;-85,302831;50
16900;2009;2;8;161634;clean;automatic;4wd;full-size;31,217814;-82,357716;59
5975;1995;3;6;141000;clean;automatic;rwd;full-size;30,5116;-92,3985;67
18974;2011;3;6;114267;clean;automatic;4wd;full-size;45,750271;-111,184096;40
13990;2010;3;8;144000;clean;automatic;4wd;;46,450007;-95,12469;43
28000;2014;3;6;55800;clean;automatic;4wd;full-size;39,626481;-106,0728;45
22895;2013;2;6;98605;clean;automatic;4wd;full-size;43,091932;-75,19597;53
22988;2012;2;6;126832;clean;automatic;4wd;full-size;36,137597;-86,761799;59
12750;2014;3;8;38397;salvage;automatic;rwd;;46,136342;-100,16963;38
18900;2011;2;6;123386;clean;automatic;4wd;full-size;31,316064;-89,437114;61
35890;2016;3;6;73560;clean;automatic;4wd;;49,204598;-123,139205;
2600;1999;3;8;200;clean;automatic;rwd;full-size;28,99232;-82,174923;65
15500;2005;3;8;136000;clean;automatic;rwd;full-size;34,9549;-78,7408;56
28400;2014;3;8;28795;clean;automatic;4wd;mid-size;36,47793;-79,7389;56
23899;2014;2;6;120278;clean;automatic;4wd;;30,665776;-88,105149;61
20900;2011;4;6;97724;clean;automatic;4wd;full-size;44,210732;-88,397884;45
19550;2011;3;8;95372;clean;automatic;4wd;mid-size;44,57437;-88,16024;45
999;2011;2;8;85000;clean;automatic;rwd;;41,0334;-81,4385;49
19995;2014;2;6;102069;clean;automatic;4wd;full-size;41,680677;-86,126046;48
23999;2011;4;8;67000;clean;automatic;4wd;full-size;42,868175;-85,862086;45
995;2001;4;6;113523;clean;automatic;4wd;;39,198094;-84,737327;49
20900;2014;3;8;42438;rebuilt;automatic;4wd;full-size;45,0614;-92,8474;43
995;2001;4;6;113523;clean;automatic;4wd;;39,198094;-84,737327;49
4500;2003;2;6;158000;clean;automatic;4wd;full-size;43,246044;-78,208665;53
1;2018;3;10;20983;clean;other;4wd;full-size;28,466088;-81,396429;65
27995;2016;3;8;42956;clean;automatic;4wd;full-size;40,83598;-96,725713;46
33000;2018;4;8;12500;clean;automatic;rwd;full-size;33,6819;-112,0996;71
14522;2007;3;8;121431;clean;automatic;4wd;full-size;45,750271;-111,184096;40
30989;2016;3;8;56220;clean;automatic;4wd;mid-size;43,75891;-87,75358;45
3395;2006;2;8;243738;clean;automatic;;full-size;39,073454;-95,664519;51
9300;2006;4;8;174000;clean;automatic;4wd;;32,848424;-83,671828;59
22500;2011;3;6;35896;clean;automatic;4wd;;38,716343;-90,705925;52
1100;1989;1;8;96596;clean;automatic;4wd;;40,72385;-76,187261;53
21900;2011;2;6;122882;clean;automatic;4wd;full-size;31,316064;-89,437114;61
19950;2013;3;8;98000;clean;automatic;4wd;full-size;49,20292;-124,006449;
18998;2012;2;8;95340;clean;automatic;4wd;full-size;42,3899;-122,9222;50
37995;2015;3;6;48800;clean;automatic;4wd;;47,830597;-110,662694;40
12699;2008;3;8;102476;clean;automatic;4wd;mid-size;44,73188;-93,2162;43
10998;2008;3;8;132614;clean;automatic;4wd;mid-size;43,78124;-88,50265;45
18450;2010;2;8;123000;clean;automatic;4wd;full-size;43,5566;-96,8028;38
3250;1999;2;8;144000;clean;automatic;rwd;;42,3615;-83,3649;45
8700;2006;2;8;231000;clean;automatic;;;30,5092;-86,5009;65
11880;2008;3;8;162820;clean;automatic;4wd;mid-size;44,57437;-88,16024;45
21995;2012;4;6;173221;clean;automatic;4wd;full-size;38,220529;-90,384202;52
23995;2015;3;8;108142;clean;automatic;4wd;full-size;38,671618;-94,36651;52
30900;2014;3;6;89671;clean;automatic;4wd;mid-size;34,74851;-77,41559;56
35000;2016;3;6;21059;clean;automatic;4wd;mid-size;44,4737;-88,06308;45
2000;1998;2;6;175000;clean;automatic;;full-size;36,3432;-79,6642;56
19900;2014;4;8;108007;clean;automatic;4wd;;36,188737;-94,138069;59
37998;2017;3;6;41067;clean;automatic;4wd;full-size;49,184885;-122,801111;
31960;2014;3;8;46945;clean;automatic;4wd;full-size;43,573149;-96,778125;38
29975;2014;3;8;50481;clean;automatic;4wd;full-size;43,204762;-75,440834;53
625;1994;1;6;64719;missing;automatic;rwd;full-size;41,5371;-72,0849;51
14995;2009;3;8;136101;clean;automatic;4wd;full-size;38,159627;-85,697708;50
29995;2014;3;6;89082;clean;automatic;4wd;mid-size;34,59723;-112,3173;71
22890;2014;3;8;80930;clean;automatic;4wd;full-size;43,154684;-75,930719;53
12000;2011;3;8;170000;clean;automatic;;;39,959182;-75,615974;53
14650;2010;2;8;92919;clean;automatic;rwd;full-size;34,851898;-106,69071;45
11500;2007;3;8;106747;clean;automatic;;full-size;41,153;-88,6502;48
29500;2015;4;6;45000;lien;automatic;4wd;;38,2481;-77,4681;55
12950;2011;2;8;163169;clean;automatic;4wd;full-size;38,692648;-82,857744;49
32950;2016;4;6;15500;clean;automatic;4wd;full-size;47,7374;-117,4352;50
9550;2006;3;8;168942;clean;automatic;4wd;mid-size;44,87313;-87,89568;45
17991;2013;2;8;76685;clean;automatic;4wd;full-size;37,650441;-97,335104;51
17995;2013;2;8;134523;clean;automatic;4wd;full-size;35,796126;-78,554108;56
18500;2012;3;6;76000;rebuilt;automatic;4wd;full-size;37,5085;-92,7891;52
20000;2012;4;6;122000;clean;automatic;;;43,0887;-86,1915;45
3900;2007;2;6;250000;clean;automatic;rwd;full-size;28,0384;-82,3949;65
17000;2014;3;6;140000;clean;automatic;4wd;full-size;37,4194;-76,9027;55
18983;2013;3;6;161929;clean;automatic;4wd;;45,121187;-92,693325;45
9660;2006;3;8;179931;clean;automatic;4wd;mid-size;44,87313;-87,89568;45
7000;2007;2;8;184000;clean;automatic;4wd;full-size;40,8601;-74,1283;52
13995;2010;3;8;151185;clean;automatic;4wd;;38,257745;-77,495224;55
33994;2016;3;6;23632;clean;automatic;4wd;mid-size;43,75891;-87,75358;45
35000;2014;4;8;52000;lien;automatic;rwd;full-size;32,9522;-96,6654;67
3000;2001;2;8;204000;clean;automatic;4wd;full-size;47,572;-94,8013;43
17950;2014;2;6;119166;clean;automatic;rwd;full-size;33,512633;-86,79777;61
15300;2013;2;8;123416;clean;automatic;rwd;full-size;35,661076;-78,703988;56
12999;2007;3;8;121;clean;automatic;4wd;full-size;36,914782;-76,243681;55
21995;2012;3;6;44782;clean;automatic;rwd;mid-size;27,15356;-80,21936;65
7800;2007;2;6;142977;clean;automatic;rwd;full-size;39,93702;-75,088111;52
8900;2010;2;8;142774;clean;automatic;4wd;full-size;28,079232;-80,674959;65
18900;2011;2;6;123386;clean;automatic;4wd;full-size;31,316064;-89,437114;61
29900;2014;3;8;39817;clean;automatic;4wd;;40,007891;-104,818353;45
5500;2001;2;8;211113;clean;automatic;fwd;full-size;48,195663;-114,486178;40
16998;2009;3;8;110516;clean;automatic;4wd;mid-size;43,78124;-88,50265;45
8497;2007;2;8;133652;clean;automatic;;full-size;38,5669;-77,2921;55
6950;2011;2;6;169257;clean;automatic;rwd;full-size;38,692648;-82,857744;49
7450;2007;3;8;143074;clean;automatic;4wd;mid-size;42,64387;-84,0733;45
2990;2001;4;8;168022;clean;automatic;4wd;;42,57992;-87,820874;45
26999;2012;3;6;50811;clean;automatic;4wd;full-size;45,654462;-110,570728;40
4500;1996;2;6;185000;clean;manual;rwd;;36,2098;-86,3024;59
18900;2013;2;8;68284;clean;automatic;rwd;full-size;31,316064;-89,437114;61
21900;2011;3;8;111000;clean;automatic;4wd;;35,1591;-85,2182;59
14000;2007;2;8;123000;clean;automatic;4wd;full-size;36,3313;-78,6134;56
2900;1999;3;8;176;clean;automatic;rwd;full-size;37,1654;-93,2522;52
17900;2013;2;6;156657;clean;automatic;4wd;full-size;43,029559;-89,397796;45
5975;1995;3;6;141000;clean;automatic;rwd;full-size;30,5116;-92,3985;67
39998;2013;3;8;45329;clean;automatic;4wd;mid-size;43,75891;-87,75358;45
14985;2013;3;6;74692;clean;automatic;rwd;full-size;35,844127;-79,938248;56
1500;1997;2;6;110874;clean;manual;rwd;full-size;38,421101;-82,30738;52
1000;1990;2;8;314000;clean;automatic;rwd;full-size;41,0282;-82,3384;49
2500;1995;1;8;212000;clean;automatic;4wd;full-size;39,012648;-104,700565;45
9900;2012;3;6;108555;clean;automatic;rwd;;33,362838;-84,793821;59
8777;2009;3;8;189000;clean;automatic;4wd;full-size;43,894386;-75,675025;53
1800;1986;1;6;150000;clean;manual;4wd;full-size;41,004563;-85,768725;48
28995;2012;3;8;125065;clean;automatic;4wd;full-size;38,671618;-94,36651;52
24770;2014;3;6;78543;clean;automatic;4wd;mid-size;44,57437;-88,16024;45
25995;2017;3;6;7427;salvage;automatic;4wd;full-size;42,636563;-85,284333;45
34990;2015;3;6;60480;clean;automatic;4wd;full-size;43,15481;-75,931406;53
14995;2008;3;8;110500;clean;automatic;rwd;;45,616419;-122,513935;50
15500;2013;2;6;235000;clean;automatic;4wd;full-size;49,676725;-124,935278;
13100;2011;2;6;184500;clean;automatic;4wd;full-size;41,60808;-81,480381;49
2500;1993;2;6;142000;clean;automatic;;;47,269303;-120,881474;50
25990;2014;3;8;123577;clean;automatic;4wd;;34,262801;-84,465092;59
16950;2010;3;8;88402;rebuilt;automatic;4wd;full-size;44,409554;-89,88115;45
35000;2017;4;6;24000;clean;automatic;4wd;full-size;43,8977;-93,0608;43
3900;2007;2;6;250000;clean;automatic;rwd;full-size;28,0384;-82,3949;65
1500;1994;1;8;186000;clean;manual;rwd;full-size;28,0339;-97,5196;67
14950;2011;3;6;122000;clean;automatic;4wd;full-size;37,230881;-80,417514;55
28918;2014;3;6;84100;clean;automatic;4wd;full-size;50,039161;-125,2718;
2900;1998;3;8;154000;clean;automatic;rwd;full-size;28,592721;-81,380624;65
5995;1998;2;8;169722;clean;automatic;4wd;full-size;31,217814;-82,357716;59
4800;2006;2;8;225850;clean;automatic;4wd;full-size;44,762952;-85,626693;45
21890;2016;3;6;74111;clean;automatic;rwd;full-size;43,154309;-75,931406;53
1;2017;2;8;6172;clean;automatic;4wd;full-size;38,172315;-85,711007;50
18880;2013;3;6;123674;clean;automatic;4wd;mid-size;44,57437;-88,16024;45
25495;2013;3;8;41952;clean;automatic;4wd;mid-size;44,52039;-88,06645;45
8500;2008;2;8;199000;clean;automatic;rwd;;30,1055;-82,6878;65
32595;2016;3;6;33143;clean;automatic;rwd;mid-size;42,58998;-83,03095;45
2500;1997;2;8;140000;clean;automatic;;;30,4478;-84,3211;65
17500;2016;2;8;21000;rebuilt;automatic;4wd;full-size;61,5923;-149,3959;29
11995;2008;3;8;148484;clean;automatic;4wd;full-size;45,518031;-122,578752;50
34500;2017;4;6;18000;lien;automatic;4wd;full-size;60,425956;-151,055832;29
7900;1997;3;8;93000;clean;automatic;rwd;full-size;44,633134;-75,251276;53
25493;2013;3;8;41952;clean;automatic;4wd;mid-size;44,52039;-88,06645;45
9995;2006;3;6;106000;clean;automatic;rwd;full-size;32,25;-110,8869;71
30795;2014;3;6;24880;clean;automatic;4wd;full-size;38,588302;-89,923783;48
27995;2013;3;6;41196;clean;automatic;4wd;full-size;38,671618;-94,36651;52
2750;2001;2;8;187000;clean;automatic;4wd;full-size;44,422948;-86,146889;45
4400;2008;2;8;234000;salvage;automatic;4wd;;29,952331;-90,12775;67
15950;2013;2;8;99470;clean;automatic;rwd;full-size;33,512633;-86,79777;61
5495;2004;3;8;166000;clean;automatic;rwd;full-size;37,504659;-97,504327;51
10998;2008;3;8;132614;clean;automatic;4wd;mid-size;43,78124;-88,50265;45
9995;2004;3;8;174801;clean;automatic;4wd;full-size;38,084394;-89,339761;48
35995;2011;2;8;64719;clean;automatic;4wd;full-size;33,946412;-117,295118;59
28454;2014;3;6;87272;clean;automatic;4wd;;50,045346;-125,269028;
31990;2016;3;6;22726;clean;automatic;4wd;full-size;43,154559;-75,935354;53
7500;2001;4;8;154;clean;automatic;rwd;full-size;34,077506;-81,132224;60
24500;2011;4;6;93000;clean;automatic;4wd;full-size;43,1943;-112,3615;47
27988;2013;2;6;71485;clean;automatic;4wd;full-size;36,137597;-86,761799;59
15995;2008;3;8;100593;clean;automatic;4wd;full-size;41,781722;-72,533825;51
17800;2011;3;8;142500;clean;automatic;4wd;full-size;30,181608;-97,971268;67
20990;2013;3;6;56000;clean;automatic;;;46,450007;-95,12469;43
27900;2016;2;6;36099;clean;automatic;4wd;full-size;31,316064;-89,437114;61
12950;2011;2;6;130105;clean;automatic;rwd;full-size;33,512633;-86,79777;61
18950;2013;3;6;80400;clean;automatic;4wd;full-size;42,175886;-83,430519;45
7995;2000;3;8;183000;clean;automatic;rwd;full-size;39,363221;-121,686417;59
19476;2009;2;8;51116;clean;automatic;4wd;full-size;39,572482;-104,993195;45
20950;2012;3;8;130316;clean;automatic;4wd;mid-size;35,725717;-97,981122;57
14500;2009;2;8;135000;lien;automatic;4wd;;34,864398;-76,898332;56
43900;2016;3;6;57250;clean;automatic;4wd;full-size;32,965063;-96,913304;67
30000;2016;4;8;20800;lien;automatic;4wd;full-size;45,8813;-87,1152;45
6450;2005;3;8;116116;clean;automatic;rwd;full-size;27,873066;-82,786729;65
34299;2016;3;6;23632;clean;automatic;4wd;mid-size;43,75891;-87,75358;45
10000;1979;2;6;98517;clean;manual;4wd;full-size;47,9034;-91,857;43
18000;2002;4;8;710000;clean;automatic;;full-size;30,4034;-81,7635;65
25994;2014;3;6;55017;clean;automatic;4wd;mid-size;43,78124;-88,50265;45
2995;2002;2;6;191000;clean;manual;fwd;full-size;30,8673;-93,9977;67
29995;2014;3;6;89082;clean;automatic;4wd;mid-size;34,59723;-112,3173;71
25000;2014;3;6;36000;lien;automatic;4wd;full-size;38,5462;-92,1525;52
25900;2013;3;8;95208;clean;automatic;4wd;full-size;36,277213;-80,339822;56
29500;2014;3;6;38000;clean;automatic;4wd;;41,4304;-91,0509;47
3500;1995;1;8;115500;clean;automatic;4wd;full-size;42,319555;-85,498251;45
16999;2008;5;8;101000;clean;automatic;4wd;full-size;44,0612;-123,1555;50
650;1997;1;8;185000;clean;automatic;4wd;full-size;35,958768;-94,44683;59
39000;2017;4;8;18000;clean;automatic;4wd;;32,0535;-95,5163;67
21897;2011;3;8;99133;clean;automatic;4wd;mid-size;44,52039;-88,06645;45
17979;2010;2;8;86872;clean;automatic;4wd;full-size;43,122774;-88,52791;45
7950;2007;3;6;160000;clean;automatic;fwd;full-size;31,752046;-106,390308;67
6500;2006;2;8;180000;salvage;automatic;4wd;;42,8114;-93,445;47
21490;2013;3;8;64412;rebuilt;automatic;4wd;full-size;44,409987;-89,880544;45
5000;2004;2;8;167;lien;automatic;rwd;;32,7253;-114,6244;71
2000;1994;1;8;190000;missing;automatic;4wd;full-size;35,4958;-86,0816;59
30996;2014;3;6;48725;clean;automatic;4wd;mid-size;44,52039;-88,06645;45
9995;2006;3;8;152536;clean;automatic;4wd;full-size;38,159627;-85,697708;50
6888;2004;2;8;2368940;clean;automatic;4wd;full-size;41,614356;-93,600567;47
6450;2006;2;8;166983;clean;automatic;4wd;full-size;44,861013;-91,647877;45
13250;2008;2;8;151929;clean;automatic;4wd;full-size;35,757308;-84,03497;59
26000;2014;3;6;102000;clean;automatic;4wd;full-size;43,5045;-88,4478;45
33995;2015;3;6;76195;clean;automatic;4wd;full-size;38,671618;-94,36651;52
900;1988;1;8;110000;clean;automatic;rwd;full-size;40,772148;-97,050371;46
7000;2001;3;8;161000;clean;automatic;4wd;;45,979927;-111,139788;40
21990;2014;3;8;96079;clean;automatic;4wd;full-size;43,153808;-75,930719;53
11990;2006;3;8;116000;clean;automatic;;;46,450007;-95,12469;43
4500;2000;2;8;89000;rebuilt;automatic;rwd;full-size;36,3169;-94,1545;59
32870;2015;2;8;28433;clean;automatic;4wd;full-size;40,335245;-76,488033;53
750;1991;1;8;261702;clean;automatic;rwd;full-size;49,69762;-124,97854;
15880;2010;3;8;127094;clean;automatic;4wd;mid-size;44,54929;-88,04897;45
38500;2015;4;8;46624;clean;automatic;4wd;;28,8675;-96,999;67
13995;2007;3;8;145819;clean;automatic;4wd;full-size;35,616097;-78,541161;56
4500;2005;2;8;146000;clean;automatic;rwd;full-size;43,2014;-96,3103;47
19000;2010;3;8;86000;clean;automatic;4wd;;45,749408;-119,204348;50
5600;2006;2;8;183764;clean;automatic;rwd;full-size;40,902588;-81,150479;49
33500;2015;3;6;26768;clean;automatic;4wd;full-size;40,768927;-111,854469;50
8995;2005;2;6;120611;clean;automatic;rwd;full-size;32,292782;-95,350543;67
35749;2015;3;8;22993;clean;automatic;4wd;mid-size;43,78124;-88,50265;45
13950;2009;2;8;161590;clean;automatic;4wd;full-size;30,649625;-88,127994;61
42000;2015;4;8;15600;clean;automatic;4wd;;40,6669;-73,9828;53
37000;2016;4;6;33000;clean;automatic;4wd;full-size;35,222439;-113,974922;71
29959;2013;3;6;50617;clean;automatic;4wd;mid-size;44,52039;-88,06645;45
32624;2018;3;6;11;clean;automatic;4wd;;47,830597;-110,662694;40
13500;2010;2;8;132400;clean;automatic;4wd;;32,790132;-95,45272;67
22994;2012;3;6;82716;clean;automatic;4wd;mid-size;41,22815;-95,85953;47
2900;2003;3;6;59707;salvage;manual;rwd;full-size;25,90552;-97,473786;67
2995;1998;1;8;173486;clean;automatic;rwd;full-size;28,8454;-82,0347;65
6300;2007;2;8;101000;clean;automatic;4wd;full-size;43,6441;-75,4132;53
27995;2014;3;6;64290;clean;automatic;4wd;;47,830597;-110,662694;40
7250;2011;2;8;375528;clean;automatic;4wd;full-size;36,307707;-95,605861;57
8995;2005;2;8;145612;clean;automatic;rwd;full-size;37,084348;-94,524269;52
17500;2010;2;8;45000;clean;automatic;4wd;full-size;40,55984;-74,3368;52
5800;2006;2;8;170;salvage;automatic;;;38,547763;-121,306229;59
1;2018;3;10;11049;clean;other;4wd;full-size;28,466088;-81,396429;65
18950;2010;3;8;145278;clean;automatic;4wd;full-size;37,286501;-80,056719;55
1200;1993;2;6;130000;clean;manual;rwd;full-size;42,19285;-84,580066;45
5500;2004;3;8;235983;clean;automatic;rwd;;38,88358;-94,79383;51
6999;2005;3;8;145000;clean;automatic;4wd;full-size;42,484503;-92,324974;47
42890;2017;4;6;13615;clean;automatic;4wd;;49,204598;-123,139205;
17950;2014;2;6;119166;clean;automatic;rwd;full-size;33,512633;-86,79777;61
1495;2000;2;6;125788;clean;automatic;rwd;full-size;42,477134;-82,949564;45
26900;2015;3;6;94380;clean;automatic;4wd;full-size;33,066044;-89,593906;61
5000;2002;3;8;245000;clean;automatic;rwd;full-size;35,625024;-120,687904;59
22900;2012;2;8;125874;clean;automatic;4wd;full-size;31,316064;-89,437114;61
14770;2010;3;8;149100;clean;automatic;4wd;mid-size;44,57437;-88,16024;45
19977;2015;3;6;80941;clean;automatic;rwd;full-size;27,848654;-82,690316;65
1650;1986;2;6;56564;clean;manual;rwd;full-size;37,3428;-77,9841;55
29990;2015;3;8;37271;clean;automatic;4wd;full-size;43,154434;-75,931234;53
38496;2015;3;6;40359;clean;automatic;4wd;mid-size;44,52039;-88,06645;45
3550;2007;3;6;133000;clean;automatic;rwd;full-size;42,484503;-92,324974;47
6000;2004;2;8;180000;clean;automatic;4wd;;42,521658;-90,725298;47
9900;2006;2;8;161000;clean;automatic;4wd;;43,0348;-83,5268;45
6000;2006;2;8;151996;clean;automatic;4wd;full-size;41,652648;-83,587634;49
6500;2006;2;8;2003191;salvage;automatic;rwd;full-size;39,2418;-84,5437;49
35901;2014;3;8;16416;clean;automatic;4wd;mid-size;44,52039;-88,06645;45
23750;2010;3;8;80000;clean;automatic;4wd;full-size;42,4755;-92,2812;47
15900;2012;3;6;72000;lien;automatic;4wd;full-size;44,9689;-90,9389;45
8995;2012;3;8;170710;clean;automatic;rwd;;38,257745;-77,495224;55
12995;2011;2;6;100797;clean;automatic;rwd;full-size;35,916681;-84,075898;59
23950;2017;2;8;35115;clean;automatic;rwd;full-size;33,512633;-86,79777;61
1750;1993;2;6;145962;clean;manual;rwd;full-size;37,0927;-82,6016;55
5999;2004;3;8;113784;clean;automatic;4wd;full-size;27,875196;-82,786723;65
5483;2004;2;8;152816;clean;automatic;4wd;full-size;41,46389;-81,7693;49
3200;2007;1;8;205000;clean;automatic;4wd;full-size;61,5923;-149,3959;29
32000;2014;3;6;32000;lien;automatic;4wd;full-size;38,64;-79,3538;52
9550;2006;3;8;168942;clean;automatic;4wd;mid-size;44,87313;-87,89568;45
14995;2012;3;6;148086;clean;automatic;4wd;full-size;43,4883;-76,393469;53
11500;2006;3;8;140000;clean;automatic;4wd;full-size;39,088635;-84,285736;49
14950;2008;2;8;93425;clean;automatic;4wd;;46,124733;-122,934758;50
31995;2016;3;8;31311;clean;automatic;4wd;full-size;38,671618;-94,36651;52
16999;2009;2;8;119789;clean;automatic;4wd;full-size;37,677679;-97,060261;51
12500;2008;2;8;114654;clean;automatic;4wd;full-size;38,942665;-95,219078;51
23800;2014;3;8;93580;clean;automatic;4wd;full-size;33,066044;-89,593906;61
16995;2007;3;8;30415;clean;automatic;4wd;full-size;47,830597;-110,662694;40
4988;1999;2;8;207084;clean;automatic;rwd;full-size;35,223897;-80,881463;56
14000;2006;2;8;49000;clean;automatic;4wd;;41,3166;-81,6261;49
8900;2007;2;8;174000;clean;automatic;4wd;full-size;30,2933;-81,5092;65
4000;2005;2;8;211750;clean;automatic;4wd;;31,1496;-89,4623;61
14500;2011;2;8;114514;clean;automatic;4wd;;45,7753;-108,6519;40
25000;2014;3;6;54088;clean;automatic;4wd;mid-size;44,4737;-88,06308;45
14995;2009;3;8;140149;clean;automatic;4wd;full-size;38,159627;-85,697708;50
35778;2018;3;6;13;clean;automatic;4wd;;47,830597;-110,662694;40
16995;2010;3;8;70816;clean;automatic;4wd;full-size;43,223552;-77,372473;53
7500;2004;3;8;129420;clean;automatic;4wd;;42,5593;-83,79443;45
9995;2007;2;8;177415;clean;other;4wd;full-size;45,049163;-93,035945;43
15990;2013;3;6;155387;clean;automatic;4wd;;27,2866;-82,477;65
2500;1999;3;8;186000;clean;automatic;4wd;full-size;41,7591;-70,8523;50
2800;2002;2;8;183000;clean;automatic;rwd;full-size;43,134288;-83,991423;45
2200;1993;1;6;172;clean;manual;rwd;full-size;36,863;-86,3632;50
21900;2012;2;8;146700;clean;automatic;4wd;full-size;31,429279;-100,454347;67
37500;2015;3;8;36000;clean;automatic;4wd;full-size;46,5934;-120,5311;50
7900;2007;2;8;138000;clean;automatic;4wd;full-size;43,2196;-77,4616;53
32500;2016;3;8;32279;clean;automatic;4wd;mid-size;43,75891;-87,75358;45
995;2001;2;8;1;clean;automatic;4wd;full-size;45,683596;-92,964836;43
6995;2003;3;8;91200;clean;automatic;fwd;;28,101094;-80,621776;65
19000;2010;3;8;129929;clean;automatic;rwd;full-size;35,887189;-78,265568;56
3500;1994;2;8;248000;clean;automatic;rwd;;36,4677;-94,3209;59
13950;2011;3;6;128026;clean;automatic;4wd;mid-size;42,64387;-84,0733;45
10999;2008;3;8;132614;clean;automatic;4wd;mid-size;43,78124;-88,50265;45
8550;2005;3;8;164628;clean;automatic;4wd;mid-size;44,57437;-88,16024;45
9250;2008;2;8;144603;clean;automatic;rwd;full-size;29,956665;-89,978381;67
25870;2014;3;6;67630;clean;automatic;4wd;full-size;38,584848;-89,985587;48
30995;2016;3;8;41503;clean;automatic;4wd;full-size;38,671776;-94,367098;52
18977;2015;3;6;87679;clean;automatic;rwd;full-size;27,848654;-82,690316;65
24999;2011;4;8;67000;clean;automatic;4wd;full-size;42,868175;-85,862086;45
4700;2005;3;8;209000;clean;automatic;4wd;full-size;41,2335;-96,1188;46
20950;2016;2;8;148224;clean;automatic;4wd;full-size;38,692648;-82,857744;49
1600;1999;2;6;214950;clean;automatic;rwd;full-size;40,6693;-75,3349;53
33975;2015;3;6;30142;clean;automatic;4wd;mid-size;43,204762;-75,440834;53
1;2018;3;10;20983;clean;other;4wd;full-size;28,466088;-81,396429;65
11995;2009;2;8;140455;clean;automatic;4wd;full-size;42,477134;-82,949564;45
13450;2013;2;8;194866;clean;automatic;4wd;full-size;43,156576;-83,700959;45
17995;2012;2;6;125325;clean;automatic;rwd;full-size;35,661076;-78,703988;56
33300;2016;3;6;32419;clean;automatic;4wd;full-size;49,184885;-122,801111;
34990;2015;3;6;60480;clean;automatic;4wd;full-size;43,15481;-75,931406;53
1800;1994;1;6;95500;clean;automatic;rwd;full-size;44,9993;-91,7357;45
6000;1986;2;8;59000;clean;automatic;4wd;full-size;40,8035;-74,1891;52
6995;2003;3;8;167662;clean;automatic;4wd;full-size;45,518031;-122,578752;50
1600;2000;1;8;261667;clean;automatic;rwd;full-size;36,638506;-121,811085;59
19700;2015;2;6;142282;clean;automatic;4wd;full-size;42,504823;-92,405569;47
11293;2004;2;8;251001;clean;automatic;4wd;;50,045346;-125,269028;
10399;2006;2;8;108311;clean;automatic;rwd;full-size;35,325853;-82,465413;56
38925;2016;3;6;42490;clean;automatic;4wd;mid-size;42,18631;-71,83726;50
40593;2016;3;8;9516;clean;automatic;4wd;;43,852883;-88,855927;45
18000;2012;2;8;109000;lien;automatic;4wd;full-size;44,8308;-92,9393;43
37995;2015;3;6;47286;clean;automatic;4wd;;47,830597;-110,662694;40
12500;2013;2;6;80000;salvage;automatic;;;32,7059;-117,0524;59
32999;2015;4;6;39798;clean;automatic;4wd;compact;38,976487;-88,160859;48
18888;2010;3;8;85811;clean;automatic;4wd;;47,830597;-110,662694;40
20950;2016;2;8;148224;clean;automatic;4wd;full-size;38,692648;-82,857744;49
3300;2005;2;8;172621;clean;automatic;4wd;full-size;43,0226;-75,2656;53
3000;2008;3;8;91000;clean;automatic;rwd;;43,6221;-91,4837;43
13900;2012;3;6;167000;clean;automatic;4wd;;37,669393;-97,389279;51
14985;2013;3;6;74692;clean;automatic;rwd;full-size;35,844127;-79,938248;56
9988;2006;2;8;83100;clean;automatic;4wd;full-size;40,018701;-79,599127;53
12488;2010;2;8;144570;clean;automatic;4wd;full-size;42,892121;-85,665539;45
8975;2007;3;8;85000;clean;automatic;4wd;;38,3796;-77,5349;55
22988;2012;3;6;132010;clean;automatic;4wd;;45,121187;-92,693325;45
13875;2011;2;6;77437;clean;automatic;rwd;full-size;35,616478;-95,962025;57
16995;2002;2;8;65336;clean;automatic;rwd;full-size;33,711509;-78,909582;60
27992;2014;3;6;31438;clean;automatic;4wd;mid-size;35,821163;-90,671453;59
7495;2008;3;8;194337;clean;automatic;4wd;;45,2617;-88,078;45
4800;2001;2;8;209000;clean;automatic;4wd;full-size;33,5059;-81,6951;60
14495;2011;3;6;228801;clean;automatic;4wd;full-size;30,314778;-81,525888;65
13990;2012;3;8;164000;clean;automatic;;;46,450007;-95,12469;43
32995;2015;3;6;63373;clean;automatic;4wd;full-size;45,832707;-95,388536;43
5999;2006;3;8;130244;clean;automatic;rwd;full-size;27,873066;-82,786729;65
19000;2013;3;8;115350;clean;automatic;4wd;full-size;44,755754;-85,63478;45
5000;2005;3;8;190000;clean;automatic;;full-size;33,561423;-101,856239;67
21900;2011;2;6;122882;clean;automatic;4wd;full-size;31,316064;-89,437114;61
17880;2010;3;8;130338;clean;automatic;4wd;mid-size;44,57437;-88,16024;45
16000;2008;3;8;91000;clean;automatic;rwd;full-size;38,30324;-104,581003;45
6999;2003;2;8;120364;clean;automatic;4wd;full-size;39,410814;-81,443564;49
18900;2013;2;8;68284;clean;automatic;rwd;full-size;31,316064;-89,437114;61
23800;2014;3;8;93580;clean;automatic;4wd;full-size;33,066044;-89,593906;61
2500;1999;2;8;1549400;clean;manual;4wd;full-size;30,60548;-81,491629;65
9999;2011;2;8;212407;clean;automatic;4wd;full-size;45,3903;-93,3598;43
11500;2007;3;8;106747;clean;automatic;;full-size;41,153;-88,6502;48
10000;2004;4;8;235;clean;automatic;4wd;;30,4507;-81,6626;65
28900;2014;4;8;45000;clean;automatic;4wd;;43,4775;-96,7041;38
6950;2004;4;8;50425;clean;automatic;rwd;full-size;27,873066;-82,786729;65
7500;2007;2;8;244000;clean;automatic;4wd;full-size;36,261768;-118,764016;59
32482;2016;3;8;38205;clean;automatic;4wd;full-size;41,274884;-95,937209;46
9900;2013;3;8;62000;salvage;automatic;;full-size;33,2553;-116,5664;59
8995;2006;2;8;121601;clean;automatic;4wd;full-size;45,049163;-93,035945;43
3550;2001;3;8;220000;clean;automatic;rwd;;33,1101;-117,07;59
7995;2006;3;8;172000;clean;automatic;rwd;;30,0098;-90,163;67
3500;1994;2;8;281000;clean;automatic;4wd;;40,520917;-78,387228;53
7250;2004;3;8;155132;clean;automatic;rwd;full-size;27,875196;-82,786723;65
1500;1992;2;8;100000;clean;automatic;rwd;full-size;39,521044;-118,857923;46
19995;2010;4;8;51754;clean;automatic;rwd;;38,530671;-121,386606;59
40488;2018;3;6;2235;clean;automatic;4wd;mid-size;42,58998;-83,03095;45
13990;2010;3;8;144000;clean;automatic;4wd;;46,450007;-95,12469;43
4999;2002;3;8;150000;clean;automatic;;full-size;29,4589;-98,5699;67
18995;2010;2;8;113256;clean;automatic;4wd;full-size;39,733601;-94,828925;52
27495;2013;3;6;95891;clean;automatic;4wd;full-size;42,701772;-89,008858;45
2000;1999;3;6;167000;clean;manual;;full-size;36,5349;-119,3909;59
37995;2015;3;6;47286;clean;automatic;4wd;;47,830597;-110,662694;40
13690;2012;3;8;148078;clean;automatic;rwd;full-size;35,732847;-78,850136;56
17995;2014;2;6;108026;clean;automatic;4wd;full-size;41,686718;-86,012028;48
25500;2016;4;6;35000;clean;automatic;4wd;full-size;37,0169;-93,2022;52
13000;2005;2;8;69282;clean;automatic;4wd;full-size;36,2142;-81,666;56
15995;2009;3;8;0;clean;automatic;;full-size;32,788557;-117,098278;59
18994;2013;3;6;75295;clean;automatic;4wd;mid-size;43,78124;-88,50265;45
11995;2007;3;8;137153;clean;automatic;4wd;full-size;36,3356;-94,1963;59
34731;2015;3;6;33587;clean;automatic;4wd;mid-size;44,52039;-88,06645;45
12498;2013;3;6;178446;clean;automatic;4wd;mid-size;42,22969;-83,48548;45
1695;2001;3;6;220000;clean;automatic;rwd;;39,746091;-84,38766;49
8495;2008;3;8;169990;clean;automatic;rwd;full-size;32,895161;-96,894589;67
18000;2010;2;8;152000;rebuilt;automatic;4wd;;25,950376;-97,321693;67
21995;2011;2;8;128156;clean;automatic;4wd;full-size;34,947213;-89,440953;61
24993;2012;3;6;73737;clean;automatic;4wd;mid-size;44,52039;-88,06645;45
8000;2007;2;8;158000;lien;automatic;rwd;full-size;37,147654;-98,026167;51
49890;2018;4;6;3073;clean;automatic;4wd;;49,204598;-123,139205;
26797;2011;3;8;46096;clean;automatic;4wd;mid-size;43,75891;-87,75358;45
15880;2010;3;8;127094;clean;automatic;4wd;mid-size;44,54929;-88,04897;45
5500;2004;2;8;234000;clean;automatic;4wd;full-size;36,06;-90,5251;59
16995;2010;3;8;88402;rebuilt;automatic;4wd;full-size;44,410276;-89,880948;45
18880;2013;3;6;123674;clean;automatic;4wd;mid-size;44,57437;-88,16024;45
3495;2002;2;8;201803;clean;automatic;4wd;full-size;42,477134;-82,949564;45
4000;1995;2;8;80000;clean;automatic;4wd;mid-size;40,2279;-89,8903;48
28995;2012;3;8;111882;clean;automatic;4wd;full-size;38,671618;-94,36651;52
14850;2010;3;8;131664;clean;automatic;4wd;mid-size;42,64387;-84,0733;45
22900;2013;2;6;81420;clean;automatic;4wd;full-size;42,973137;-85,788973;45
13880;2009;3;8;154597;clean;automatic;4wd;mid-size;44,87313;-87,89568;45
15800;2006;3;8;80498;clean;automatic;4wd;;38,4184;-96,1871;51
8795;2010;2;8;154000;clean;automatic;4wd;full-size;44,2622;-72,4224;44
17770;2011;3;6;118517;clean;automatic;4wd;mid-size;44,57437;-88,16024;45
33000;2015;4;8;20000;clean;automatic;4wd;;42,4073;-124,4218;50
5995;2001;3;8;154946;clean;automatic;4wd;;48,9372;-122,4592;50
6500;2010;3;8;200000;clean;automatic;4wd;full-size;42,291;-83,465;45
14995;2010;3;8;80246;clean;automatic;4wd;full-size;43,223552;-77,372473;53
9490;2005;3;8;161000;clean;automatic;;;46,450007;-95,12469;43
8900;2011;3;6;187000;clean;automatic;;;24,5552;-81,7816;65
8500;2006;3;6;92745;clean;automatic;rwd;mid-size;34,83092;-87,62284;61
5500;2005;3;8;197000;clean;automatic;rwd;full-size;35,1969;-78,6625;56
25900;2012;3;8;62689;clean;automatic;rwd;;35,81221;-78,697121;56
8995;2014;2;6;126053;clean;automatic;rwd;full-size;34,903619;-82,346156;60
9999;2007;2;8;110007;clean;automatic;rwd;full-size;37,647619;-97,279835;51
29249;2013;3;8;65523;clean;automatic;4wd;mid-size;43,78124;-88,50265;45
7900;2008;3;8;150185;clean;automatic;4wd;;37,13284;-95,78558;51
8988;2005;2;8;0;clean;automatic;4wd;full-size;30,520244;-89,647288;61
30800;2015;3;6;75000;clean;automatic;4wd;full-size;49,184885;-122,801111;
15490;2009;2;8;98131;clean;automatic;4wd;full-size;40,468826;-74,281734;52
2200;1995;2;8;210000;clean;automatic;rwd;;39,169271;-86,538659;48
10900;2004;3;8;146000;clean;automatic;4wd;full-size;36,6955;-93,115;52
18900;2013;2;8;68284;clean;automatic;rwd;full-size;31,316064;-89,437114;61
21795;2015;2;6;103217;clean;automatic;4wd;full-size;35,796126;-78,554108;56
23900;2012;3;8;112000;clean;automatic;4wd;full-size;45,097908;-87,614964;45
26000;2015;4;8;45000;clean;automatic;rwd;full-size;42,2634;-84,4083;45
32995;2015;3;8;23822;clean;automatic;4wd;mid-size;43,78124;-88,50265;45
29300;2015;4;6;30000;clean;automatic;rwd;;38,943523;-95,258606;51
10500;2009;2;8;115000;clean;automatic;4wd;full-size;43,6897;-85,4797;45
14995;2012;3;6;129876;clean;automatic;4wd;;45,2617;-88,078;45
18950;2014;2;6;56527;clean;automatic;rwd;full-size;33,512633;-86,79777;61
13100;2011;2;6;184500;clean;automatic;4wd;full-size;41,60808;-81,480381;49
30989;2016;3;8;56220;clean;automatic;4wd;mid-size;43,75891;-87,75358;45
6999;2005;3;8;116116;clean;automatic;rwd;full-size;27,873066;-82,786729;65
7500;2002;3;8;122000;clean;automatic;4wd;;41,3914;-75,6657;53
27299;2015;3;6;56128;clean;automatic;4wd;mid-size;43,78124;-88,50265;45
18950;2010;3;8;145278;clean;automatic;4wd;full-size;37,286501;-80,056719;55
33995;2015;3;6;76195;clean;automatic;4wd;full-size;38,671618;-94,36651;52
10500;2008;3;8;115414;clean;automatic;rwd;mid-size;38,88358;-94,79383;51
28900;2013;3;8;95208;clean;automatic;4wd;full-size;36,277213;-80,339822;56
9880;2006;3;8;112490;clean;automatic;4wd;mid-size;44,87313;-87,89568;45
34599;2016;3;6;55812;clean;automatic;4wd;mid-size;43,75891;-87,75358;45
14990;2012;3;8;149993;clean;automatic;4wd;full-size;43,154684;-75,931578;53
24987;2013;3;8;110879;clean;automatic;4wd;full-size;37,911918;-84,559276;50
18500;2013;3;6;98000;rebuilt;automatic;4wd;full-size;40,2688;-76,1013;53
4100;2004;2;8;215000;clean;automatic;rwd;full-size;36,003;-96,1106;57
750;1992;1;6;170000;clean;manual;4wd;full-size;39,3414;-80,0285;52
24900;2014;2;8;115117;clean;automatic;4wd;full-size;31,316064;-89,437114;61
13880;2009;3;8;154597;clean;automatic;4wd;mid-size;44,87313;-87,89568;45
1200;1996;1;6;99000;clean;manual;rwd;;41,0449;-83,6457;49
24595;2013;3;6;95891;clean;automatic;4wd;full-size;42,701772;-89,008858;45
10900;2011;2;8;164000;clean;automatic;4wd;full-size;43,1406;-93,385;47
18997;2011;3;6;99511;clean;automatic;4wd;full-size;45,750271;-111,184096;40
8995;1999;3;8;103000;clean;automatic;4wd;full-size;47,984262;-123,361813;50
15000;2016;3;6;109356;clean;automatic;rwd;mid-size;34,21788;-118,48452;59
30543;2015;3;8;60269;clean;automatic;4wd;mid-size;43,78124;-88,50265;45
27900;2012;3;6;74716;clean;automatic;4wd;full-size;44,227258;-88,467902;45
16998;2009;3;8;110516;clean;automatic;4wd;mid-size;43,78124;-88,50265;45
2900;1997;2;8;258198;clean;automatic;4wd;;36,918014;-94,275825;52
3500;1995;2;8;133531;clean;manual;4wd;full-size;40,902588;-81,150479;49
30995;2016;3;8;40403;clean;automatic;4wd;full-size;38,671618;-94,36651;52
5200;2006;3;8;147000;rebuilt;automatic;;;31,6446;-106,2737;67
5900;2008;2;8;180000;clean;automatic;rwd;;33,2549;-84,2728;59
16788;2014;2;6;127865;clean;automatic;4wd;full-size;42,892121;-85,665539;45
2495;2002;2;8;201803;clean;automatic;4wd;full-size;42,477134;-82,949564;45
995;2001;4;6;113523;clean;automatic;4wd;;39,198094;-84,737327;49
11977;2008;3;8;171488;clean;automatic;4wd;mid-size;44,87313;-87,89568;45
13880;2009;3;8;154597;clean;automatic;4wd;mid-size;44,87313;-87,89568;45
19999;2010;3;8;80669;clean;automatic;4wd;full-size;38,976487;-88,160859;48
3900;2005;2;8;220000;clean;automatic;;;35,1527;-86,5664;59
7800;2004;3;8;169991;clean;automatic;4wd;full-size;39,4567;-76,9696;56
10900;2012;3;6;108555;clean;automatic;rwd;;33,362838;-84,793821;59
12900;2005;4;8;155520;clean;automatic;4wd;full-size;40,001536;-76,621914;53
800;1997;2;6;200000;clean;automatic;rwd;full-size;30,322709;-91,909206;67
5995;1997;2;8;136776;clean;automatic;4wd;full-size;35,638642;-120,693396;59
3500;2003;2;8;158000;clean;automatic;rwd;full-size;30,5301;-87,2793;65
9880;2006;3;8;112213;clean;automatic;4wd;mid-size;44,87313;-87,89568;45
7950;2008;2;8;169000;clean;automatic;4wd;full-size;46,8147;-92,1998;43
1950;1999;1;8;300000;clean;automatic;rwd;full-size;26,1771;-98,252;67
11995;2007;3;8;237627;clean;automatic;4wd;mid-size;35,55495;-77,40627;56
24888;2014;3;8;73671;clean;automatic;4wd;;47,830597;-110,662694;40
9550;2006;3;8;168942;clean;automatic;4wd;mid-size;44,87313;-87,89568;45
1900;1995;2;8;210000;clean;automatic;rwd;full-size;39,9147;-74,1905;52
23900;2013;2;6;98605;clean;automatic;4wd;full-size;43,091932;-75,19597;53
22000;2011;3;8;63831;clean;automatic;4wd;full-size;37,275426;-80,132728;55
10500;2010;4;8;194000;clean;automatic;rwd;full-size;29,548693;-98,365574;67
1;1995;1;6;110000;clean;manual;rwd;full-size;32,5143;-95,9047;67
17900;2011;3;6;144695;clean;automatic;4wd;;40,007891;-104,818353;45
30925;2015;3;6;60087;clean;automatic;4wd;mid-size;42,18631;-71,83726;50
3200;2000;3;8;144600;clean;automatic;rwd;full-size;38,137112;-121,260756;59
10990;2010;3;8;186000;clean;automatic;;;46,450007;-95,12469;43
15300;2010;4;8;102000;clean;automatic;4wd;;42,7008;-84,549;45
29975;2014;3;8;50481;clean;automatic;4wd;full-size;43,204762;-75,440834;53
25994;2014;3;6;55017;clean;automatic;4wd;mid-size;43,78124;-88,50265;45
40600;2016;3;8;13202;clean;automatic;4wd;mid-size;43,75891;-87,75358;45
10500;2008;3;8;124;clean;automatic;4wd;full-size;33,8796;-84,5023;59
5000;2006;2;8;198;lien;automatic;4wd;full-size;38,477388;-87,603785;48
9999;2013;3;8;225000;clean;automatic;4wd;;35,1361;-84,8457;59
33995;2017;3;6;22050;clean;automatic;4wd;full-size;42,069349;-76,122861;53
9995;1992;4;6;73640;clean;manual;rwd;full-size;39,967;-76,2752;53
1080;2006;3;8;96000;clean;automatic;4wd;full-size;41,872;-103,6619;46
10865;2008;3;8;138831;clean;automatic;4wd;full-size;33,843197;-87,248745;61
27000;2008;3;8;79000;clean;automatic;4wd;full-size;40,129383;-74,091969;52
22995;2014;2;6;87366;clean;automatic;4wd;full-size;41,680677;-86,126046;48
38995;2012;3;8;70274;clean;automatic;4wd;full-size;38,611926;-121,423565;59
16995;2010;2;8;169161;clean;automatic;4wd;;35,806558;-81,428688;56
26585;2015;3;8;57112;clean;automatic;4wd;mid-size;43,271073;-89,724397;45
18499;2004;3;8;65053;clean;manual;4wd;full-size;42,550206;-114,462303;47
7750;2004;3;8;122138;clean;automatic;rwd;full-size;27,875196;-82,786723;65
17988;2012;3;6;103919;clean;automatic;4wd;full-size;45,750271;-111,184096;40
25909;2014;3;6;68599;clean;automatic;4wd;mid-size;44,52039;-88,06645;45
13000;2006;3;8;112500;clean;automatic;4wd;;35,593602;-106,107622;45
6499;2006;3;8;130244;clean;automatic;rwd;full-size;27,875196;-82,786723;65
12000;2011;2;6;83300;clean;automatic;4wd;full-size;29,7728;-82,3782;65
3999;2007;2;8;267509;rebuilt;automatic;4wd;;36,952701;-94,184264;52
9990;2005;2;8;138215;clean;automatic;4wd;full-size;40,468826;-74,281734;52
16900;2011;3;8;130000;clean;automatic;4wd;full-size;42,7496;-83,5358;45
4500;2002;2;8;133651;clean;automatic;rwd;full-size;39,7813;-76,7477;53
9770;2007;3;8;170320;clean;automatic;4wd;mid-size;44,57437;-88,16024;45
35976;2016;3;6;22375;clean;automatic;4wd;mid-size;43,75891;-87,75358;45
5500;2005;3;8;190000;clean;automatic;;full-size;33,561423;-101,856239;67
10995;2012;4;8;144368;clean;automatic;;full-size;32,222;-95,2266;67
13900;2011;3;8;126000;clean;automatic;4wd;full-size;43,3047;-96,4363;47
12500;2005;4;8;104000;clean;automatic;4wd;;48,789879;-122,413788;50
26750;2014;3;6;43848;clean;automatic;4wd;mid-size;46,59003;-95,57416;43
19995;2014;3;8;35840;clean;automatic;4wd;full-size;42,636595;-85,284698;45
3200;1995;1;8;186000;clean;automatic;4wd;;45,991281;-112,493838;40
32988;2016;4;8;24073;clean;automatic;4wd;full-size;44,0496;-92,4896;43
11550;2007;2;8;163000;clean;automatic;4wd;full-size;32,802448;-96,802294;67
14000;2011;2;8;130000;clean;automatic;fwd;full-size;42,4935;-122,8088;50
3200;2001;3;8;163000;clean;automatic;rwd;full-size;34,081731;-117,620157;59
1500;1992;1;8;160000;clean;automatic;4wd;full-size;36,7504;-89,6918;52
16995;2010;3;8;70816;clean;automatic;4wd;full-size;43,223552;-77,372473;53
26995;2017;3;6;7427;salvage;automatic;4wd;full-size;42,636106;-85,284119;45
11000;2011;3;8;165000;clean;automatic;4wd;full-size;40,215;-74,4404;52
4500;1999;2;8;226000;clean;automatic;4wd;full-size;44,830771;-92,939615;43
1;2016;2;6;27144;clean;automatic;4wd;full-size;38,172315;-85,711007;50
39998;2013;3;8;45329;clean;automatic;4wd;mid-size;43,75891;-87,75358;45
22559;2014;3;8;65152;clean;automatic;rwd;;43,591171;-116,505942;47
19999;2010;3;8;80669;clean;automatic;4wd;full-size;38,976487;-88,160859;48
5995;2001;2;6;123068;clean;automatic;rwd;full-size;37,36;-79,6522;55
2500;2005;2;8;212000;clean;automatic;4wd;full-size;43,2609;-76,2395;53
4999;2005;3;8;131;clean;automatic;;;39,0147;-94,7414;51
16900;2014;2;6;64368;clean;automatic;rwd;full-size;31,316064;-89,437114;61
2495;2003;2;8;217217;clean;manual;;full-size;42,03519;-91,559347;47
29500;2014;3;6;80319;clean;automatic;4wd;mid-size;34,74851;-77,41559;56
34455;2016;4;6;28916;clean;automatic;4wd;full-size;41,274884;-95,937166;46
2000;1995;2;6;171000;clean;automatic;;full-size;33,846951;-78,700562;60
3800;1996;2;8;203000;clean;automatic;4wd;full-size;40,593561;-122,286873;59
9250;2006;2;8;175614;clean;automatic;4wd;full-size;30,621073;-87,043047;65
4500;2006;3;8;174000;clean;automatic;4wd;;45,656264;-95,425444;43
14900;2011;2;6;149610;clean;automatic;rwd;full-size;31,316064;-89,437114;61
43900;2018;3;8;1000;clean;automatic;;full-size;42,484503;-92,324974;47
32795;2014;3;6;70850;clean;automatic;4wd;mid-size;34,59723;-112,3173;71
21900;2015;2;6;149616;clean;automatic;4wd;full-size;31,316064;-89,437114;61
5800;2004;3;8;175;clean;automatic;rwd;full-size;32,5927;-86,2153;61
4600;2005;2;8;270000;clean;automatic;4wd;full-size;45,011416;-88,168007;45
8550;2005;3;8;164628;clean;automatic;4wd;mid-size;44,57437;-88,16024;45
2000;1998;2;8;166145;clean;automatic;rwd;;40,123648;-83,090115;49
3200;2001;1;8;191000;clean;automatic;4wd;;38,4218;-82,7173;50
19900;2016;2;6;99811;clean;automatic;rwd;full-size;31,316064;-89,437114;61
15000;2008;3;8;134450;clean;automatic;4wd;full-size;44,482375;-73,084046;44
18500;2012;2;8;111000;salvage;automatic;4wd;full-size;43,58461;-96,710639;38
12990;2014;3;8;120187;clean;automatic;rwd;full-size;35,732847;-78,850136;56
7977;2005;2;8;123745;clean;automatic;4wd;full-size;42,345504;-88,269936;48
44500;2015;4;6;25000;clean;automatic;fwd;full-size;33,9724;-81,2359;60
39000;2016;3;6;51748;clean;automatic;4wd;mid-size;46,59003;-95,57416;43
20000;2012;2;6;95030;clean;automatic;4wd;full-size;35,01845;-85,204983;59
18000;2011;3;6;128000;clean;automatic;4wd;full-size;43,2193;-75,4498;53
11977;2008;3;8;171488;clean;automatic;4wd;mid-size;44,87313;-87,89568;45
38504;2016;3;8;23735;clean;automatic;4wd;mid-size;43,75891;-87,75358;45
11500;2007;3;8;103863;clean;automatic;4wd;full-size;34,1419;-118,6641;59
4000;1998;2;8;140000;clean;automatic;fwd;full-size;44,021431;-88,55745;45
9891;2006;2;8;172299;clean;automatic;4wd;full-size;41,46389;-81,7693;49
8500;2013;2;6;142000;clean;automatic;rwd;full-size;45,1263;-94,5268;43
7500;1978;2;8;9925;clean;manual;4wd;full-size;42,3989;-123,3538;50
79299;2018;5;8;0;clean;automatic;4wd;;32,990494;-94,598465;67
4300;2007;3;6;126000;clean;automatic;rwd;;43,5994;-73,251;44
26495;2013;3;6;65160;clean;automatic;4wd;full-size;38,671776;-94,367098;52
2495;2002;2;8;201803;clean;automatic;4wd;full-size;42,477134;-82,949564;45
36998;2016;4;6;19881;clean;automatic;4wd;;50,045346;-125,269028;
31788;2015;2;6;28298;clean;automatic;4wd;full-size;42,611972;-97,2786;46
18750;2015;3;8;35321;clean;automatic;rwd;;46,136342;-100,16963;38
17900;2012;2;8;138753;clean;automatic;4wd;full-size;37,215898;-86,695229;50
11900;1990;2;8;10000;clean;automatic;4wd;full-size;39,657411;-91,734208;52
5995;2005;2;8;179000;clean;automatic;rwd;full-size;28,0496;-82,0069;65
16495;2014;2;6;122043;clean;automatic;4wd;full-size;42,477134;-82,949564;45
13988;2011;2;6;146699;clean;automatic;4wd;full-size;42,892121;-85,665539;45
7500;2002;3;8;122000;clean;automatic;4wd;;41,3914;-75,6657;53
31990;2016;3;6;9470;clean;automatic;4wd;mid-size;43,75891;-87,75358;45
3000;1998;2;6;124643;clean;manual;rwd;full-size;30,4896;-86,1684;65
4995;2005;2;8;176460;clean;automatic;4wd;full-size;42,03519;-91,559347;47
32380;2015;3;6;55000;clean;automatic;4wd;full-size;49,184885;-122,801111;
3800;1997;3;8;106000;clean;manual;fwd;;40,268192;-76,876608;53
8000;2004;2;8;170000;clean;automatic;rwd;full-size;27,0478;-82,2416;65
4200;2005;2;8;155000;rebuilt;automatic;4wd;mid-size;40,2084;-74,8291;53
1400;1997;2;8;251000;clean;automatic;;full-size;41,439188;-82,694145;49
16500;2009;3;8;117000;clean;automatic;4wd;full-size;40,7893;-96,6938;46
49890;2018;4;6;3073;clean;automatic;4wd;;49,204598;-123,139205;
10900;2004;3;8;146000;clean;automatic;4wd;full-size;36,6955;-93,115;52
1;2013;3;8;67808;clean;automatic;4wd;full-size;28,466088;-81,396429;65
46000;2015;3;8;36225;clean;automatic;4wd;full-size;38,496277;-90,16539;48
14770;2010;3;8;149100;clean;automatic;4wd;mid-size;44,57437;-88,16024;45
8995;2006;3;8;63000;clean;automatic;4wd;;41,0408;-81,5598;49
15950;2014;2;8;122545;clean;automatic;4wd;full-size;38,692648;-82,857744;49
11990;2006;3;8;116000;clean;automatic;;;46,450007;-95,12469;43
15600;2014;4;8;74000;rebuilt;automatic;;;25,6694;-80,4085;65
1900;1985;1;8;84000;clean;automatic;4wd;full-size;41,5118;-90,4321;48
34500;2016;3;6;17959;clean;automatic;4wd;mid-size;34,74851;-77,41559;56
33482;2016;3;8;42995;clean;automatic;4wd;full-size;38,671776;-94,367098;52
14983;2010;2;8;56239;clean;automatic;rwd;full-size;43,122774;-88,52791;45
19000;2011;3;8;132000;clean;automatic;4wd;full-size;32,283126;-90,10081;61
4999;1998;3;8;150816;clean;automatic;4wd;full-size;39,014916;-92,322085;52
11995;2008;3;8;148484;clean;automatic;4wd;full-size;45,518031;-122,578752;50
33996;2015;2;8;46711;clean;automatic;4wd;full-size;40,335245;-76,488033;53
36300;2015;3;8;32400;clean;automatic;4wd;full-size;43,651753;-94,45321;43
11900;2010;2;8;207000;clean;automatic;4wd;full-size;40,2194;-76,1626;53
255;2007;3;8;90611;clean;automatic;4wd;full-size;38,584848;-89,985587;48
39900;2016;2;6;74544;clean;automatic;4wd;full-size;31,316064;-89,437114;61
32000;2015;3;6;31052;clean;automatic;4wd;mid-size;46,59003;-95,57416;43
21900;2011;2;6;122882;clean;automatic;4wd;full-size;31,316064;-89,437114;61
4048;2008;3;8;116;clean;automatic;4wd;full-size;40,8083;-73,1305;53
1500;2002;1;8;169000;clean;automatic;4wd;;41,5372;-74,0526;53
24900;2012;3;8;135592;clean;automatic;4wd;full-size;36,277213;-80,339822;56
3000;2008;3;8;91000;clean;automatic;rwd;;43,6221;-91,4837;43
4500;2005;3;8;190000;clean;automatic;;full-size;33,561423;-101,856239;67
7000;2008;2;6;157370;clean;automatic;rwd;;27,909504;-82,401448;65
18995;2010;2;8;113256;clean;automatic;4wd;full-size;39,733601;-94,828925;52
6500;2007;2;8;137795;clean;automatic;rwd;full-size;47,654698;-122,275721;50
26750;2014;2;6;90371;clean;automatic;4wd;full-size;35,273684;-93,120968;59
16990;2009;3;8;132155;clean;automatic;4wd;mid-size;44,54929;-88,04897;45
13988;2011;2;6;146699;clean;automatic;4wd;full-size;42,892121;-85,665539;45
15880;2009;3;8;113826;clean;automatic;4wd;mid-size;44,57437;-88,16024;45
73055;2018;3;6;1;clean;automatic;4wd;full-size;47,830597;-110,662694;40
13900;2008;3;8;57500;clean;automatic;4wd;full-size;43,204762;-75,440834;53
23995;2017;3;6;25322;salvage;automatic;4wd;full-size;42,636718;-85,28458;45
22900;2015;3;8;126513;clean;automatic;4wd;;40,007891;-104,818353;45
24770;2014;3;6;78543;clean;automatic;4wd;mid-size;44,57437;-88,16024;45
34000;2015;4;8;47000;clean;automatic;4wd;;30,395976;-88,946686;61
14900;2009;3;8;94000;clean;automatic;4wd;;42,7496;-83,5358;45
5500;2005;3;8;170000;clean;automatic;4wd;full-size;30,718686;-86,684612;65
5700;2007;2;8;145021;clean;automatic;4wd;full-size;44,82046;-91,478736;45
33670;2016;3;6;15736;clean;automatic;4wd;mid-size;43,75891;-87,75358;45
31995;2013;2;8;106606;clean;automatic;4wd;full-size;33,27424;-86,810883;61
6400;2003;2;8;108000;clean;automatic;4wd;full-size;43,0714;-71,7038;43
22969;2014;3;6;94486;clean;automatic;4wd;mid-size;29,80483;-94,98731;67
21990;2012;3;8;185543;clean;automatic;rwd;full-size;32,867351;-97,262497;67
10950;2006;3;8;154193;clean;automatic;4wd;;30,47553;-87,245404;65
13995;2014;4;8;82000;clean;automatic;rwd;full-size;31,615281;-97,108939;67
1000;2000;2;6;200000;clean;manual;rwd;;43,5513;-71,02;43
34212;2016;3;8;35381;clean;automatic;4wd;;43,852883;-88,855927;45
18500;2013;3;6;75295;clean;automatic;4wd;mid-size;43,78124;-88,50265;45
1;2014;3;6;117123;clean;automatic;rwd;full-size;29,975385;-90,172386;67
995;2001;4;6;113523;clean;automatic;4wd;;39,198094;-84,737327;49
2500;1995;2;8;217000;clean;automatic;rwd;full-size;42,6359;-73,7219;53
5700;2003;3;8;192000;clean;automatic;4wd;full-size;44,162701;-93,99868;43
33300;2016;3;6;32419;clean;automatic;4wd;full-size;49,184885;-122,801111;
3300;2001;2;8;175159;clean;automatic;4wd;full-size;40,46774;-85,588615;48
1;2013;3;8;67808;clean;automatic;4wd;full-size;28,466088;-81,396429;65
4000;1965;2;6;45000;clean;automatic;rwd;full-size;45,6693;-111,0431;40
6999;2006;3;8;130244;clean;automatic;rwd;full-size;27,875196;-82,786723;65
27500;2015;4;8;42000;clean;automatic;4wd;full-size;46,230178;-119,302198;50
11985;2009;3;8;156000;clean;automatic;4wd;full-size;42,979576;-82,433416;45
43900;2016;3;6;57250;clean;automatic;4wd;full-size;32,965063;-96,913304;67
27900;2016;2;6;36099;clean;automatic;4wd;full-size;31,316064;-89,437114;61
7499;2012;2;6;143000;clean;automatic;;;29,8159;-95,523;67
10000;2010;4;8;180;clean;automatic;;full-size;38,1768;-85,5218;50
12488;2010;2;8;144570;clean;automatic;4wd;full-size;42,892121;-85,665539;45
5500;2006;3;8;203000;clean;automatic;4wd;full-size;34,5839;-83,75;59
7649;2005;2;8;160000;clean;automatic;rwd;full-size;35,41141;-80,840321;56
3700;1994;1;8;154000;clean;automatic;4wd;full-size;35,2635;-120,6509;59
32750;2015;3;6;83680;clean;automatic;4wd;full-size;42,400862;-122,856032;50
2200;1995;2;8;173140;clean;automatic;rwd;full-size;33,400421;-86,966323;61
1;2013;3;8;67808;clean;automatic;4wd;full-size;28,466088;-81,396429;65
5400;2005;2;6;169000;clean;automatic;4wd;full-size;38,1381;-85,6953;50
7750;2004;3;8;122138;clean;automatic;rwd;full-size;27,873066;-82,786729;65
34999;2013;3;8;95000;lien;automatic;4wd;full-size;41,9255;-85,0057;45
27796;2014;2;8;22918;clean;automatic;4wd;full-size;40,335245;-76,488033;53
23000;2015;4;6;51000;lien;automatic;4wd;full-size;44,408666;-72,136024;44
27995;2012;2;6;73190;clean;automatic;4wd;full-size;44,354956;-106,680348;41
33796;2015;2;8;46711;clean;automatic;4wd;full-size;40,335245;-76,488033;53
32482;2016;3;8;38205;clean;automatic;4wd;full-size;41,274868;-95,937188;46
17999;2010;3;8;94600;clean;automatic;4wd;full-size;41,256198;-96,023393;46
9880;2006;3;8;112213;clean;automatic;4wd;mid-size;44,87313;-87,89568;45
24500;2013;3;8;52000;clean;automatic;4wd;full-size;37,859268;-77,464401;55
6500;2008;2;8;145000;clean;automatic;rwd;;30,703065;-86,553865;65
7450;2009;3;8;115000;clean;automatic;rwd;;41,2949;-96,0546;46
12500;2006;4;8;126700;clean;automatic;4wd;full-size;35,748406;-83,986387;59
14995;2009;3;8;140149;clean;automatic;4wd;full-size;38,159627;-85,697708;50
5995;2004;2;8;230036;clean;automatic;4wd;full-size;37,678867;-97,070307;51
28373;2015;3;8;48363;clean;automatic;4wd;full-size;41,274917;-95,937145;46
18995;2010;2;8;113256;clean;automatic;4wd;full-size;39,733601;-94,828925;52
10000;1995;3;8;40000;clean;automatic;4wd;full-size;46,915891;-102,834364;38
2500;1993;2;6;117900;clean;automatic;;full-size;37,1282;-113,676;50
1995;1998;2;8;203930;clean;automatic;4wd;full-size;41,680321;-86,160307;48
15950;2014;2;8;122545;clean;automatic;4wd;full-size;38,692648;-82,857744;49
17000;2014;3;6;70300;salvage;automatic;rwd;;32,5753;-117,0707;59
18550;2011;3;6;129594;clean;automatic;4wd;mid-size;44,57437;-88,16024;45
9550;2006;3;8;168942;clean;automatic;4wd;mid-size;44,87313;-87,89568;45
2300;1993;1;8;132000;clean;automatic;4wd;full-size;46,820737;-95,853481;43
1995;2001;3;8;158458;clean;automatic;4wd;full-size;39,333126;-76,44374;56
11950;2010;2;8;172103;clean;automatic;4wd;full-size;38,692648;-82,857744;49
28999;2013;3;6;88485;clean;automatic;4wd;full-size;35,839643;-86,386787;59
2995;1979;2;8;111111;clean;manual;4wd;;42,4638;-123,3457;50
4800;1976;1;8;280789;clean;automatic;rwd;full-size;36,0756;-79,0914;56
8650;2004;3;8;195087;clean;automatic;4wd;full-size;38,084394;-89,339761;48
2200;1992;2;6;99500;clean;automatic;rwd;full-size;41,8436;-79,1726;53
9995;2004;2;8;156000;clean;automatic;4wd;full-size;39,188599;-95,561907;51
5500;1992;3;8;1840351;clean;manual;rwd;;39,776003;-86,476197;48
11000;2008;2;8;49000;clean;automatic;4wd;;42,2008;-79,8332;53
24993;2012;3;6;73737;clean;automatic;4wd;mid-size;44,52039;-88,06645;45
2500;2004;1;8;206000;clean;automatic;;full-size;42,486731;-94,167734;47
19995;2011;3;8;132000;lien;automatic;4wd;full-size;43,005;-73,8486;53
24500;2010;4;8;68524;clean;automatic;4wd;full-size;61,124559;-149,909995;29
8450;2005;2;8;159500;clean;automatic;4wd;;39,3266;-84,5479;49
17850;2012;2;8;108841;clean;automatic;4wd;full-size;35,273684;-93,120968;59
26995;2013;3;8;43000;clean;automatic;4wd;full-size;32,25;-110,8869;71
7995;2002;2;6;113635;clean;automatic;4wd;full-size;29,918372;-81,325107;65
7000;2006;4;8;172000;clean;automatic;4wd;;40,046251;-75,442642;53
5700;2007;2;8;145021;clean;automatic;4wd;mid-size;44,820614;-91,478519;45
6800;2004;2;8;193605;clean;automatic;4wd;;44,38732;-69,966431;44
24975;2013;3;8;56482;clean;automatic;4wd;mid-size;43,204762;-75,440834;53
600;1997;1;6;179457;clean;manual;4wd;full-size;41,126565;-76,236019;53
3999;2012;4;6;262000;clean;automatic;4wd;full-size;32,85978;-79,984071;60
39999;2016;3;6;23667;clean;automatic;4wd;;47,830597;-110,662694;40
4900;2008;3;8;189450;clean;automatic;rwd;full-size;38,119829;-121,260241;59
18550;2011;3;6;129594;clean;automatic;4wd;mid-size;44,57437;-88,16024;45
9550;2006;3;8;168942;clean;automatic;4wd;mid-size;44,87313;-87,89568;45
13500;2011;2;8;196250;clean;automatic;rwd;full-size;36,294996;-119,02605;59
4990;1997;2;6;82946;clean;automatic;rwd;full-size;40,468826;-74,281734;52
11900;2005;2;6;174922;clean;automatic;4wd;full-size;31,217814;-82,357716;59
4500;2004;2;8;191420;clean;automatic;4wd;full-size;43,2566;-77,6652;53
24995;2014;3;8;106588;clean;automatic;4wd;mid-size;34,59723;-112,3173;71
25000;2013;3;6;52640;clean;automatic;rwd;full-size;27,848654;-82,690316;65
15986;2011;3;6;134031;clean;automatic;4wd;full-size;45,750271;-111,184096;40
6000;2004;2;8;180000;clean;automatic;rwd;full-size;34,425368;-85,274081;59
5400;2006;2;8;125000;clean;automatic;4wd;full-size;41,0293;-80,7564;49
7995;2005;2;8;86198;clean;automatic;4wd;full-size;40,352803;-79,768248;53
26400;2014;3;6;67630;clean;automatic;4wd;full-size;38,584848;-89,985587;48
13995;2008;3;8;112286;clean;automatic;4wd;full-size;42,701772;-89,008858;45
6995;2003;3;8;127000;clean;automatic;4wd;full-size;42,979576;-82,433416;45
21990;2014;3;8;96079;clean;automatic;4wd;full-size;43,154309;-75,930719;53
6450;2005;3;8;162000;clean;automatic;rwd;full-size;35,333;-94,3082;59
39800;2015;3;6;81233;clean;automatic;4wd;mid-size;34,74851;-77,41559;56
13775;2013;3;6;215000;lien;automatic;4wd;full-size;46,6257;-94,2684;43
15688;2010;3;8;0;clean;automatic;4wd;;42,099255;-72,60989;50
2300;1999;2;8;129000;clean;automatic;rwd;;44,868012;-93,507952;43
16900;2014;3;6;63000;rebuilt;automatic;4wd;full-size;25,8963;-80,3063;65
6950;2002;4;8;87891;clean;automatic;rwd;full-size;41,659345;-73,082609;51
3200;2002;2;6;212000;clean;automatic;rwd;;38,8518;-91,9605;52
17990;2010;3;8;129000;clean;automatic;4wd;;46,450007;-95,12469;43
10999;2006;2;8;99000;clean;automatic;rwd;full-size;37,677;-97,059059;51
28480;2014;3;6;47301;clean;automatic;4wd;;32,965063;-96,913304;67
19295;2013;3;6;161929;clean;automatic;4wd;;45,121187;-92,693325;45
14988;2012;2;8;123568;clean;automatic;4wd;full-size;42,912954;-85,680286;45
42900;2018;4;8;18786;clean;automatic;4wd;full-size;43,6013;-84,7736;45
31995;2015;4;6;29800;clean;automatic;4wd;full-size;43,204543;-75,4242;53
5995;2005;2;8;179000;clean;automatic;rwd;full-size;28,0496;-82,0069;65
25452;2013;3;8;37419;clean;automatic;4wd;mid-size;43,75891;-87,75358;45
4890;2002;3;8;206000;clean;automatic;;;46,450007;-95,12469;43
6990;1979;2;8;89000;clean;automatic;rwd;;33,8343;-78,6606;60
1000;2002;1;8;175000;clean;automatic;4wd;full-size;46,86113;-96,740112;43
2200;1998;1;6;109022;clean;automatic;rwd;full-size;35,9781;-78,8439;56
18790;2013;3;8;107000;clean;automatic;4wd;;42,7496;-83,5358;45
27500;2015;3;6;22473;clean;automatic;4wd;mid-size;43,78124;-88,50265;45
10500;2013;3;8;200000;clean;automatic;4wd;;38,912;-94,3517;52
27500;2016;3;6;44040;lien;automatic;fwd;full-size;34,6484;-99,3205;57
14500;2009;3;8;168124;clean;automatic;4wd;mid-size;36,2535;-95,33257;57
8995;2005;2;8;145612;clean;automatic;rwd;full-size;37,084348;-94,524269;52
13995;2014;2;6;156082;clean;automatic;4wd;full-size;35,661076;-78,703988;56
10800;2008;3;8;145639;clean;automatic;4wd;mid-size;36,28962;-95,31964;57
27200;2014;3;6;75514;clean;automatic;4wd;;38,0185;-92,7677;52
3900;2000;2;8;190013;clean;automatic;rwd;full-size;37,677378;-92,656734;52
14900;2010;4;8;91486;clean;automatic;4wd;full-size;42,51874;-70,90857;50
1;2018;3;10;20983;clean;other;4wd;full-size;28,466088;-81,396429;65
9900;2010;2;8;160000;clean;automatic;4wd;;42,851055;-83,45119;45
10900;2004;3;8;146000;clean;automatic;4wd;full-size;36,6955;-93,115;52
600;1997;1;8;141500;clean;automatic;rwd;;36,0557;-96,0602;57
29500;2015;3;6;45441;clean;automatic;4wd;mid-size;34,74851;-77,41559;56
59995;2017;2;6;24737;clean;automatic;4wd;full-size;42,504823;-92,405569;47
19900;2014;3;8;104829;clean;automatic;4wd;full-size;44,227258;-88,467902;45
27995;2016;3;8;42956;clean;automatic;4wd;full-size;40,83598;-96,725713;46
7900;2005;3;8;123000;clean;automatic;4wd;full-size;42,484503;-92,324974;47
3495;1997;3;8;62720;clean;automatic;fwd;full-size;42,902235;-78,62267;53
21999;2014;2;6;115405;clean;automatic;4wd;;30,665776;-88,105149;61
13880;2009;3;8;154597;clean;automatic;4wd;mid-size;44,87313;-87,89568;45
64990;2018;3;6;8023;clean;automatic;4wd;full-size;43,154309;-75,930033;53
35890;2016;3;6;73560;clean;automatic;4wd;;49,204598;-123,139205;
30000;2015;3;8;21000;clean;automatic;4wd;;42,5611;-73,158;50
1400;1999;2;8;350000;clean;automatic;4wd;full-size;36,088463;-95,928841;57
10000;2007;2;8;205000;clean;automatic;4wd;full-size;33,29323;-86,913271;61
10500;2008;3;8;120000;clean;automatic;fwd;full-size;34,7108;-86,7425;61
24888;2014;3;8;62084;clean;automatic;4wd;;47,830597;-110,662694;40
4700;2008;3;6;156000;clean;automatic;rwd;full-size;44,776612;-93,325182;43
17900;2010;3;8;150114;clean;automatic;4wd;mid-size;38,88358;-94,79383;51
22900;2014;4;6;95000;clean;automatic;4wd;full-size;31,6673;-97,3002;67
10900;2006;4;8;141000;clean;automatic;rwd;;29,5563;-98,3643;67
19550;2011;3;8;95372;clean;automatic;4wd;mid-size;44,57437;-88,16024;45
6000;2005;2;8;167000;clean;automatic;4wd;;25,950376;-97,321693;67
11995;2014;2;6;155425;clean;automatic;rwd;full-size;42,477134;-82,949564;45
2000;1999;2;8;0;clean;automatic;4wd;full-size;35,342876;-80,217805;56
1350;1997;2;8;202000;clean;automatic;4wd;;42,562;-89,086;45
3995;1999;3;8;131248;clean;automatic;rwd;;27,9873;-81,7625;65
21500;2014;3;8;121007;clean;automatic;4wd;;40,007891;-104,818353;45
35200;2016;4;6;46000;clean;automatic;4wd;full-size;43,615;-116,3975;47
3000;1986;2;8;154000;clean;automatic;rwd;full-size;30,9524;-86,4003;65
26000;2010;2;8;89000;clean;automatic;4wd;full-size;30,0948;-94,1648;67
17995;2010;3;8;141190;clean;automatic;4wd;full-size;38,084394;-89,339761;48
17950;2014;2;6;119166;clean;automatic;rwd;full-size;33,512633;-86,79777;61
16900;2009;2;8;161634;clean;automatic;4wd;full-size;31,217814;-82,357716;59
4000;2001;2;8;180000;clean;automatic;4wd;;28,888666;-82,468155;65
23800;2014;3;8;93580;clean;automatic;4wd;full-size;33,066044;-89,593906;61
36500;2015;3;6;36378;clean;automatic;4wd;mid-size;43,78124;-88,50265;45
2200;1998;2;8;218754;clean;automatic;rwd;full-size;32,8424;-83,6766;59
39000;2016;3;6;51748;clean;automatic;4wd;mid-size;46,59003;-95,57416;43
2500;2004;3;8;176795;clean;automatic;;full-size;36,104027;-95,898136;57
63990;2018;3;6;8023;clean;automatic;4wd;full-size;43,154309;-75,932093;53
7900;2007;4;8;66735;clean;automatic;rwd;full-size;41,7101;-85,9729;48
13880;2009;3;8;154597;clean;automatic;4wd;mid-size;44,87313;-87,89568;45
10999;2008;3;8;102000;clean;automatic;4wd;full-size;42,683256;-84,567626;45
18888;2010;3;8;85812;clean;automatic;4wd;;47,830597;-110,662694;40
32290;2016;3;8;43813;clean;automatic;4wd;mid-size;43,75891;-87,75358;45
22888;2010;3;8;48745;clean;automatic;4wd;;47,830597;-110,662694;40
1;2010;3;8;205000;clean;automatic;4wd;;29,398336;-98,409802;67
10500;2006;3;8;110000;clean;automatic;rwd;full-size;44,7997;-89,6845;45
18485;2012;2;6;82625;clean;automatic;4wd;full-size;43,122774;-88,52791;45
9550;2006;3;8;168942;clean;automatic;4wd;mid-size;44,87313;-87,89568;45
11250;2008;2;8;146144;clean;automatic;4wd;full-size;40,902588;-81,150479;49
7950;2010;3;8;230955;clean;automatic;4wd;mid-size;42,64387;-84,0733;45
3000;2000;3;6;600;clean;automatic;rwd;full-size;29,125773;-80,99237;65
18900;2011;2;6;109600;clean;automatic;4wd;full-size;37,13284;-95,78558;51
4000;1994;2;8;73000;clean;automatic;4wd;full-size;47,4156;-92,9356;43
1250;1992;1;6;47000;clean;automatic;rwd;full-size;41,039405;-92,440574;47
8950;2007;3;8;138582;clean;automatic;4wd;mid-size;36,28962;-95,31964;57
16995;2007;3;8;30415;clean;automatic;4wd;full-size;47,830597;-110,662694;40
29995;2016;4;6;38245;clean;automatic;4wd;;43,611197;-84,752827;45
14995;2010;3;8;162403;clean;automatic;4wd;full-size;42,701772;-89,008858;45
8995;2004;2;8;134285;clean;automatic;;;38,814626;-94,532522;52
31990;2018;3;8;17621;clean;automatic;rwd;full-size;43,154559;-75,932436;53
19998;2012;2;8;95340;clean;automatic;4wd;full-size;42,3899;-122,9222;50
5000;2001;2;8;328000;clean;automatic;rwd;full-size;34,1621;-119,2074;59
13995;2008;3;8;112286;clean;automatic;4wd;full-size;42,701772;-89,008858;45
15300;2013;2;8;123416;clean;automatic;rwd;full-size;35,661076;-78,703988;56
1;2013;3;8;67808;clean;automatic;4wd;full-size;28,466088;-81,396429;65
7500;2013;2;6;131000;clean;automatic;rwd;full-size;29,6364;-95,2216;67
6950;2007;3;8;126850;clean;automatic;fwd;full-size;30,260915;-97,713716;67
7600;2006;2;8;134988;clean;automatic;rwd;;35,334;-97,4768;57
19865;2013;3;8;151446;clean;automatic;4wd;full-size;33,843197;-87,248745;61
17990;2014;3;8;138000;clean;automatic;;;46,450007;-95,12469;43
30620;2015;3;6;73300;clean;automatic;4wd;full-size;49,184885;-122,801111;
5000;2003;2;8;160000;clean;automatic;4wd;full-size;38,311;-85,7645;48
3800;2000;2;8;118000;clean;manual;rwd;;35,454;-94,3278;59
18500;2011;2;8;135700;clean;automatic;4wd;full-size;42,6159;-83,9248;45
5900;2005;2;8;205266;clean;automatic;4wd;full-size;30,4277;-86,9271;65
4500;2002;1;8;201000;clean;automatic;4wd;full-size;41,485806;-88,276176;48
4500;2002;1;8;240000;clean;automatic;4wd;full-size;42,310905;-73,255722;50
13250;2010;3;8;78654;clean;automatic;4wd;;31,786207;-106,320594;67
12750;2014;3;6;85856;clean;automatic;4wd;;46,136342;-100,16963;38
11000;2008;3;8;134000;clean;manual;4wd;;41,7268;-80,1479;53
20000;2013;3;6;120000;clean;automatic;4wd;;40,3579;-94,6805;52
27796;2014;2;8;22918;clean;automatic;4wd;full-size;40,335245;-76,488033;53
27199;2014;3;8;31576;clean;automatic;4wd;mid-size;43,78124;-88,50265;45
14900;2011;3;6;123233;clean;other;;full-size;44,138399;-70,225926;44
2100;1992;2;6;99500;clean;automatic;rwd;full-size;41,8436;-79,1726;53
24888;2014;3;8;53355;clean;automatic;4wd;;47,830597;-110,662694;40
16995;2002;2;8;65336;clean;automatic;rwd;full-size;33,711509;-78,909582;60
25249;2012;3;8;93136;clean;automatic;4wd;mid-size;28,03978;-81,94071;65
33670;2016;3;6;15736;clean;automatic;4wd;mid-size;43,75891;-87,75358;45
1900;2004;1;6;275000;clean;manual;rwd;full-size;29,4861;-81,2045;65
1200;2002;1;8;283000;clean;automatic;4wd;;38,72202;-93,238141;52
3000;1990;3;6;160000;clean;manual;4wd;;43,1392;-115,6963;47
7995;2005;3;8;110112;clean;automatic;4wd;full-size;27,875196;-82,786723;65
9900;2005;3;8;0;clean;automatic;4wd;full-size;32,252974;-110,97871;71
29500;2014;3;6;80319;clean;automatic;4wd;mid-size;34,74851;-77,41559;56
5000;1988;2;8;89600;clean;automatic;rwd;full-size;41,9293;-83,4448;45
3800;1984;1;8;132055;clean;manual;4wd;full-size;42,9821;-76,3323;53
850;1995;1;6;174127;clean;automatic;;full-size;45,6914;-122,5805;50
6995;2004;2;8;121000;clean;automatic;4wd;full-size;44,9588;-123,0753;50
21995;2011;3;6;108029;clean;automatic;4wd;full-size;41,781722;-72,533825;51
12388;2005;4;8;99000;clean;automatic;4wd;;35,2204;-97,4577;57
6000;1997;2;8;122289;clean;automatic;4wd;full-size;37,274949;-79,048186;55
10990;2010;3;8;186000;clean;automatic;;;46,450007;-95,12469;43
8950;2004;3;8;202000;clean;automatic;4wd;full-size;33,233235;-97,083192;67
25452;2013;3;8;37419;clean;automatic;4wd;mid-size;43,75891;-87,75358;45
34988;2015;2;6;26170;clean;other;4wd;full-size;43,630744;-116,251228;47
10000;2006;2;8;82000;clean;automatic;rwd;full-size;33,640205;-104,374065;45
22995;2012;3;8;102266;clean;automatic;4wd;mid-size;34,59723;-112,3173;71
9800;2012;2;6;87000;rebuilt;automatic;4wd;;40,0475;-85,5368;48
16900;2012;3;6;134500;clean;automatic;4wd;;44,032679;-92,751131;43
31270;2015;3;6;59364;clean;automatic;4wd;full-size;49,184885;-122,801111;
26750;2014;3;6;43848;clean;automatic;4wd;mid-size;46,59003;-95,57416;43
17999;2008;3;8;94500;clean;automatic;4wd;full-size;61,198354;-149,921721;29
7500;2004;4;6;29800;clean;manual;rwd;full-size;35,601486;-82,379093;56
4000;2000;3;6;84700;clean;automatic;rwd;;44,9588;-123,0753;50
4200;2004;1;8;177000;clean;automatic;4wd;full-size;41,896197;-71,367179;50
8499;2005;3;8;132000;clean;automatic;4wd;;41,7473;-71,2122;50
5800;2006;2;8;149;clean;automatic;rwd;;32,866467;-116,961136;59
14300;2012;2;8;215300;clean;automatic;4wd;full-size;35,72101;-79,186357;56
9880;2006;3;8;112490;clean;automatic;4wd;mid-size;44,87313;-87,89568;45
13800;2014;3;6;123469;clean;automatic;;full-size;30,497368;-87,26316;65
9995;2006;2;8;137625;clean;automatic;4wd;full-size;29,918372;-81,325107;65
23800;2014;3;8;93580;clean;automatic;4wd;full-size;33,066044;-89,593906;61
34999;2011;3;10;64984;clean;other;4wd;full-size;28,466088;-81,396429;65
13450;2013;2;8;194866;clean;automatic;4wd;full-size;43,156576;-83,700959;45
5950;2004;4;8;176205;clean;automatic;;full-size;38,220529;-90,384202;52
5000;2007;2;8;145021;clean;automatic;4wd;full-size;44,82046;-91,478736;45
3999;2000;3;6;170000;clean;automatic;;;34,4369;-119,7285;59
22900;2015;3;8;126513;clean;automatic;4wd;;40,007891;-104,818353;45
11995;2006;3;8;144388;clean;automatic;4wd;full-size;38,159627;-85,697708;50
30795;2014;3;6;24880;clean;automatic;4wd;full-size;38,588302;-89,923783;48
1400;1997;2;8;232000;clean;automatic;rwd;full-size;42,951424;-83,596516;45
27000;2014;3;6;43848;clean;automatic;4wd;mid-size;46,59003;-95,57416;43
5300;2008;3;8;221000;clean;automatic;rwd;;33,961119;-84,115105;59
29940;2012;3;8;109423;clean;automatic;4wd;full-size;30,219472;-97,759417;67
30995;2015;3;6;0;clean;automatic;;full-size;32,788557;-117,098278;59
16995;2010;3;8;70816;clean;automatic;4wd;full-size;43,223552;-77,372473;53
18500;2012;3;8;57000;rebuilt;automatic;4wd;full-size;40,252804;-76,036506;53
19995;2011;3;8;116812;clean;automatic;rwd;mid-size;29,5563;-98,3643;67
8500;2005;3;8;201000;clean;automatic;4wd;full-size;39,961056;-86,04393;48
3500;2001;2;8;173000;clean;automatic;rwd;;32,7426;-117,0314;59
1500;2006;1;8;183000;clean;automatic;4wd;full-size;38,35326;-75,176182;56
5000;1992;2;8;173000;clean;automatic;4wd;mid-size;35,6201;-76,6988;56
3499;1998;3;8;198000;clean;automatic;4wd;full-size;46,0153;-95,6951;43
12975;2001;3;8;123471;clean;automatic;rwd;full-size;43,204762;-75,440834;53
7995;2006;2;8;154002;clean;automatic;rwd;full-size;35,661076;-78,703988;56
995;2002;2;8;172001;clean;automatic;rwd;full-size;42,3837;-71,4282;50
34995;2015;3;6;63373;clean;automatic;4wd;full-size;45,832678;-95,388622;43
9990;2005;2;8;138215;clean;automatic;4wd;full-size;40,468826;-74,281734;52
4500;2008;2;6;122359;rebuilt;automatic;fwd;full-size;40,0347;-82,8726;49
14522;2007;3;8;121431;clean;automatic;4wd;full-size;45,750271;-111,184096;40
19500;2011;3;8;142500;clean;automatic;4wd;full-size;30,180421;-97,972469;67
8995;2006;3;8;115500;clean;automatic;rwd;full-size;40,83598;-96,725713;46
26000;2011;3;8;48000;clean;automatic;4wd;full-size;37,361139;-94,732018;51
3000;2005;2;6;0;clean;automatic;rwd;full-size;40,0343;-75,1213;53
15897;2010;2;8;125351;clean;automatic;4wd;full-size;40,335245;-76,488033;53
14997;2009;3;8;92340;clean;automatic;;;43,624215;-83,897825;45
12950;2011;2;6;147164;clean;automatic;rwd;full-size;33,512633;-86,79777;61
1900;1993;2;8;180000;clean;automatic;rwd;full-size;39,5929;-75,6515;54
26950;2013;2;6;114305;clean;automatic;rwd;full-size;30,649625;-88,127994;61
12995;2008;3;8;108477;clean;automatic;4wd;full-size;45,004501;-90,317059;45
4200;1994;2;8;73000;clean;automatic;4wd;full-size;47,4156;-92,9356;43
10497;2005;2;8;111340;clean;automatic;4wd;full-size;40,335245;-76,488033;53
3500;2007;2;8;142695;clean;automatic;4wd;full-size;43,7989;-91,2175;45
1;1986;2;8;134000;clean;automatic;rwd;full-size;42,0831;-86,358824;45
8588;2007;3;8;138100;clean;automatic;4wd;mid-size;41,10224;-81,48186;49
20990;2013;3;6;56000;clean;automatic;;;46,450007;-95,12469;43
11900;2014;2;8;43334;salvage;automatic;4wd;full-size;45,553605;-122,601787;50
15997;2014;2;8;121722;clean;automatic;4wd;full-size;42,1621;-75,893726;53
9990;2002;2;8;150414;clean;automatic;4wd;full-size;41,111779;-83,203835;49
9995;2006;2;8;154124;clean;other;4wd;full-size;45,049163;-93,035945;43
22000;2012;2;8;58803;clean;automatic;4wd;full-size;43,286269;-76,134715;53
21500;2011;3;8;127000;clean;automatic;4wd;full-size;34,657607;-87,782814;61
22900;2012;2;8;125874;clean;automatic;4wd;full-size;31,316064;-89,437114;61
11995;2006;3;8;144388;clean;automatic;4wd;full-size;38,159627;-85,697708;50
29000;2010;3;8;68000;clean;automatic;4wd;full-size;36,2417;-93,1062;59
29976;2014;3;6;54449;clean;automatic;4wd;mid-size;44,52039;-88,06645;45
10888;2010;2;8;190000;clean;automatic;4wd;full-size;30,520244;-89,647288;61
2998;1999;2;6;103972;clean;automatic;rwd;full-size;42,3899;-122,9222;50
35890;2016;3;6;73560;clean;automatic;4wd;;49,204598;-123,139205;
13500;2007;3;8;76123;clean;automatic;4wd;full-size;39,87077;-84,137077;49
4495;2006;3;8;198786;clean;automatic;4wd;;45,2617;-88,078;45
10974;2007;3;8;132448;clean;automatic;4wd;full-size;45,750271;-111,184096;40
40990;2013;3;8;45329;clean;automatic;4wd;mid-size;43,75891;-87,75358;45
10550;2009;2;8;151115;clean;automatic;4wd;full-size;38,692648;-82,857744;49
8950;2009;3;8;115000;clean;automatic;rwd;;41,2949;-96,0546;46
28990;2015;3;8;37271;clean;automatic;4wd;full-size;43,154309;-75,931578;53
12988;2013;2;6;48459;clean;automatic;rwd;full-size;45,553434;-94,231841;43
24995;2014;3;8;95473;clean;automatic;4wd;;42,644633;-76,187862;53
9500;2004;3;8;124227;clean;automatic;4wd;full-size;37,9957;-120,3368;59
4000;2003;2;8;171000;clean;automatic;4wd;full-size;45,6151;-94,574;43
17125;2010;3;8;120000;clean;automatic;4wd;full-size;47,6143;-112,0015;40
33000;2016;3;6;49000;clean;automatic;4wd;full-size;45,629198;-94,581642;43
4500;2003;2;6;158600;clean;automatic;4wd;full-size;43,232527;-78,219481;53
14996;2007;3;8;108951;clean;automatic;4wd;mid-size;44,52039;-88,06645;45
26995;2011;3;8;119691;clean;automatic;4wd;mid-size;41,96378;-83,67195;45
9490;2005;3;8;161000;clean;automatic;;;46,450007;-95,12469;43
10500;2010;4;8;194000;clean;automatic;rwd;full-size;29,5563;-98,3643;67
15950;2012;4;6;114378;clean;automatic;4wd;full-size;41,659345;-73,082609;51
24900;2014;2;8;115117;clean;automatic;4wd;full-size;31,316064;-89,437114;61
2000;2005;1;8;194083;clean;automatic;rwd;full-size;41,6937;-91,5906;47
19995;2012;2;6;110301;clean;automatic;4wd;full-size;37,678867;-97,070307;51
1950;2003;2;8;193016;clean;automatic;4wd;full-size;44,861013;-91,647877;45
8790;2014;3;6;121000;clean;automatic;rwd;;34,835631;-82,319055;60
3000;2008;3;8;91000;clean;automatic;rwd;;43,6221;-91,4837;43
64000;2017;3;6;16622;clean;automatic;4wd;mid-size;42,638389;-83,132835;45
11500;2011;3;8;218000;clean;automatic;4wd;full-size;30,244314;-89,760504;67
32995;2016;3;8;40403;clean;automatic;4wd;full-size;38,671618;-94,36651;52
26995;2012;2;8;66850;clean;automatic;4wd;full-size;42,970214;-90,112347;45
2500;1998;2;6;196000;clean;automatic;rwd;full-size;33,8786;-79,9852;60
9995;2010;3;8;197064;clean;automatic;4wd;full-size;45,52882;-93,369298;43
9295;2013;2;6;162224;clean;automatic;rwd;full-size;42,102432;-75,845575;53
61900;2017;3;6;16622;clean;automatic;4wd;mid-size;42,638389;-83,132835;45
3200;2002;2;8;233000;clean;automatic;4wd;;42,916872;-82,661063;45
2900;2003;1;6;190000;clean;automatic;;;28,0758;-81,5929;65
17125;2010;3;8;120000;clean;automatic;4wd;full-size;47,6143;-112,0015;40
43900;2018;3;8;1000;clean;automatic;;full-size;42,484503;-92,324974;47
5200;2001;3;6;100500;clean;manual;rwd;;37,694228;-97,46418;51
5495;2001;2;6;123068;clean;automatic;rwd;full-size;37,36;-79,6522;55
6500;2001;2;8;165000;clean;automatic;rwd;full-size;35,684;-85,7782;59
22890;2014;3;8;80930;clean;automatic;4wd;full-size;43,154684;-75,930719;53
7950;2001;3;8;226000;clean;automatic;4wd;;37,6502;-98,73;51
12388;2005;4;8;99000;clean;automatic;4wd;;35,218162;-97,479593;57
3000;2008;3;8;91000;clean;automatic;rwd;;43,6221;-91,4837;43
20000;2017;4;6;14983;rebuilt;automatic;;;32,5541;-84,1011;59
950;1995;2;8;172000;clean;manual;4wd;full-size;45,992125;-123,926133;50
5500;2004;3;8;235983;clean;automatic;rwd;;38,88358;-94,79383;51
7995;2004;2;8;128153;clean;automatic;4wd;full-size;41,686718;-86,012028;48
26995;2014;3;6;85960;clean;automatic;4wd;full-size;43,4883;-76,393469;53
18990;2011;3;8;128000;clean;automatic;4wd;;46,450007;-95,12469;43
21890;2016;3;6;74111;clean;automatic;rwd;full-size;43,154479;-75,931492;53
14996;2007;3;8;108951;clean;automatic;4wd;mid-size;44,52039;-88,06645;45
19925;2011;3;8;74080;clean;automatic;4wd;mid-size;42,18631;-71,83726;50
4395;2000;3;8;178000;clean;automatic;rwd;compact;38,52468;-121,39676;59
1;2013;3;8;67808;clean;automatic;4wd;full-size;28,466088;-81,396429;65
22797;2011;2;6;96894;clean;automatic;4wd;full-size;36,137597;-86,761799;59
31888;2014;3;6;58748;clean;automatic;4wd;;47,830597;-110,662694;40
3800;2002;2;8;222000;clean;automatic;4wd;;43,407383;-73,269838;53
1100;1994;2;8;161000;clean;automatic;4wd;;37,8858;-87,077;48
15000;2010;3;8;108000;clean;automatic;rwd;;41,9521;-91,6853;47
33875;2018;4;6;2600;lien;automatic;4wd;full-size;36,6218;-79,4124;55
20995;2013;2;8;131535;clean;automatic;4wd;full-size;37,837488;-84,852078;50
25000;2007;4;8;43000;clean;automatic;4wd;;43,384154;-123,331833;50
17990;2014;3;8;138000;clean;automatic;;;46,450007;-95,12469;43
1900;1995;2;8;170000;clean;automatic;4wd;full-size;32,181;-110,819;71
24000;2013;3;8;61000;clean;automatic;4wd;;41,2942;-92,6439;47
5895;2006;2;6;117758;clean;manual;rwd;full-size;32,91055;-96,702594;67
32327;2014;3;8;88000;lien;automatic;4wd;;38,387;-104,7792;45
17880;2010;3;8;130338;clean;automatic;4wd;mid-size;44,57437;-88,16024;45
2;1997;1;8;247500;clean;automatic;;full-size;26,6281;-82,0182;65
15660;2008;3;8;90595;clean;automatic;4wd;mid-size;44,57437;-88,16024;45
29990;2015;3;8;37271;clean;automatic;4wd;full-size;43,154309;-75,931578;53
24900;2014;2;8;115117;clean;automatic;4wd;full-size;31,316064;-89,437114;61
1500;1982;2;6;79723;clean;manual;rwd;;45,541;-94,1819;43
14995;2010;3;8;120715;clean;automatic;4wd;full-size;43,223552;-77,372473;53
15450;2013;2;8;119698;clean;automatic;4wd;full-size;38,692648;-82,857744;49
9900;2005;3;8;0;clean;automatic;4wd;full-size;32,252974;-110,97871;71
25000;2015;2;8;51000;clean;automatic;4wd;;48,397468;-93,55648;43
12995;2014;2;6;155425;clean;automatic;rwd;full-size;42,477134;-82,949564;45
11750;1997;3;8;0;clean;automatic;rwd;full-size;30,174657;-85,495697;65
11000;2009;2;8;225000;clean;automatic;4wd;full-size;30,243111;-89,759974;67
31000;2016;3;6;28000;clean;automatic;4wd;full-size;43,7101;-92,5692;43
5950;2003;2;6;145428;clean;automatic;4wd;;38,814626;-94,532522;52
31975;2015;3;6;53240;clean;automatic;4wd;full-size;43,204762;-75,440834;53
13880;2009;3;8;154597;clean;automatic;4wd;mid-size;44,87313;-87,89568;45
39900;2016;2;8;29363;clean;automatic;rwd;full-size;31,316064;-89,437114;61
1800;1985;1;8;170000;clean;automatic;rwd;full-size;29,1989;-82,0874;65
3000;2001;1;8;185000;clean;automatic;4wd;full-size;44,6615;-90,1784;45
10000;1995;3;8;1;clean;automatic;rwd;full-size;43,292757;-86,275635;45
10998;2008;2;8;134838;clean;automatic;rwd;full-size;39,413087;-81,448684;49
16990;2008;3;8;79000;clean;automatic;;;46,450007;-95,12469;43
32914;2016;3;6;65706;clean;automatic;4wd;full-size;38,671618;-94,36651;52
21890;2016;3;6;74111;clean;automatic;rwd;full-size;43,154309;-75,931406;53
6500;2006;3;6;92000;lien;automatic;;full-size;39,095956;-84,62672;49
35000;2017;4;6;13265;clean;automatic;4wd;;38,437438;-78,850669;55
8500;2011;2;8;300000;clean;automatic;rwd;;25,950376;-97,321693;67
23400;2012;3;8;73000;clean;automatic;4wd;;44,786906;-111,145248;40
4950;2001;3;6;54000;clean;manual;rwd;;40,310459;-74,360387;52
1350;1997;2;8;202000;clean;automatic;4wd;;42,562;-89,086;45
39900;2016;2;6;74544;clean;automatic;4wd;full-size;31,316064;-89,437114;61
30533;2016;3;6;12292;clean;automatic;4wd;mid-size;41,24643;-81,35853;49
21995;2013;3;6;108000;rebuilt;automatic;rwd;;35,0604;-80,6958;56
20697;2010;2;8;46722;clean;automatic;4wd;full-size;40,335245;-76,488033;53
1;2013;3;8;67808;clean;automatic;4wd;full-size;28,466088;-81,396429;65
23800;2014;3;8;93580;clean;automatic;4wd;full-size;33,066044;-89,593906;61
10300;2009;2;8;185000;clean;automatic;4wd;;42,8627;-84,353;45
7499;2005;3;8;127806;clean;automatic;;full-size;27,875196;-82,786723;65
3000;1997;2;8;225000;clean;automatic;4wd;;42,0556;-76,1519;53
6600;2006;2;8;182000;clean;automatic;4wd;;33,5153;-112,1212;71
17376;2014;2;6;112675;clean;automatic;4wd;full-size;39,572482;-104,993195;45
4500;2004;2;8;200000;clean;automatic;4wd;;35,0869;-84,9892;59
6999;2005;3;8;145000;clean;automatic;4wd;full-size;42,484503;-92,324974;47
21795;2015;2;6;103217;clean;automatic;4wd;full-size;35,796126;-78,554108;56
22995;2014;3;8;133929;clean;automatic;;full-size;31,732124;-106,364833;67
3500;1976;2;8;55000;clean;automatic;rwd;;36,1214;-79,7733;56
5400;2005;2;8;110000;rebuilt;automatic;rwd;full-size;31,788559;-106,507135;67
3490;1999;3;8;237000;clean;automatic;;;46,450007;-95,12469;43
19799;2013;2;6;117000;lien;automatic;4wd;full-size;45,0342;-93,8016;43
12900;2010;4;8;36137;salvage;automatic;4wd;mid-size;34,9803;-81,9168;60
5700;2007;2;8;145021;clean;automatic;4wd;full-size;44,82046;-91,478736;45
3800;2004;2;6;208000;clean;automatic;rwd;;30,5118;-96,3171;67
36000;2016;3;6;18400;clean;automatic;4wd;full-size;34,393342;-80,102861;60
3200;1997;2;6;135000;clean;manual;rwd;mid-size;43,098225;-89,312153;45
12388;2005;4;8;99000;clean;automatic;4wd;;35,2204;-97,4577;57
7450;2005;3;8;110112;clean;automatic;4wd;full-size;27,872735;-82,787042;65
26320;2014;3;6;64947;clean;automatic;4wd;mid-size;43,75891;-87,75358;45
18550;2011;3;6;129594;clean;automatic;4wd;mid-size;44,57437;-88,16024;45
20899;2014;2;8;93338;clean;automatic;4wd;full-size;46,389893;-95,318941;43
7500;2002;3;8;122000;clean;automatic;4wd;;41,3914;-75,6657;53
6950;2011;2;6;169257;clean;automatic;rwd;full-size;38,692648;-82,857744;49
6800;2006;2;8;180000;clean;automatic;4wd;full-size;43,0444;-76,1758;53
3200;2004;2;8;135593;clean;automatic;rwd;full-size;39,66813;-83,940273;49
61955;2017;2;6;21946;clean;automatic;4wd;full-size;42,504823;-92,405569;47
29500;2013;3;8;68300;lien;manual;4wd;full-size;32,4672;-83,6128;59
3800;2000;2;8;161800;clean;automatic;4wd;full-size;35,3585;-93,5454;59
25600;2016;3;6;51000;clean;automatic;rwd;;32,236664;-110,866049;71
20000;2007;2;8;117000;clean;automatic;4wd;;30,3031;-81,4404;65
11485;2008;2;8;120571;clean;automatic;4wd;full-size;43,122774;-88,52791;45
2250;1996;2;8;216000;clean;automatic;4wd;full-size;39,970236;-74,271426;52
21995;2014;3;6;157556;clean;automatic;;full-size;42,701772;-89,008858;45
11977;2008;3;8;171488;clean;automatic;4wd;mid-size;44,87313;-87,89568;45
4400;1994;2;8;195061;clean;automatic;rwd;full-size;35,0312;-89,8124;59
6950;2011;2;6;155016;clean;automatic;rwd;full-size;38,692648;-82,857744;49
6000;2006;2;8;180;clean;automatic;rwd;full-size;36,128764;-86,71392;59
5990;2004;4;8;210445;clean;automatic;4wd;full-size;38,731803;-90,073678;48
32990;2018;3;8;17621;clean;automatic;rwd;full-size;43,15481;-75,932436;53
25900;2013;3;8;95208;clean;automatic;4wd;full-size;36,277213;-80,339822;56
13988;2011;2;6;146699;clean;automatic;4wd;full-size;42,892121;-85,665539;45
4400;2005;2;6;119340;clean;automatic;rwd;;26,2159;-98,3253;67
6000;2007;2;8;180000;rebuilt;automatic;4wd;full-size;35,8823;-101,968;67
5400;2006;3;6;132000;clean;automatic;rwd;;32,8023;-96,9597;67
14788;2009;2;8;153671;clean;automatic;4wd;full-size;42,892121;-85,665539;45
2700;1993;3;6;193000;clean;manual;rwd;full-size;38,880004;-95,347853;51
2300;1999;2;8;154999;clean;manual;4wd;full-size;41,387774;-73,741264;53
27850;2013;3;6;60852;clean;automatic;4wd;full-size;47,830597;-110,662694;40
12188;2011;2;6;146699;clean;automatic;4wd;full-size;42,892121;-85,665539;45
29249;2013;3;8;65523;clean;automatic;4wd;mid-size;43,78124;-88,50265;45
32850;2013;3;6;74144;clean;automatic;4wd;full-size;49,184885;-122,801111;
19900;2016;2;6;99811;clean;automatic;rwd;full-size;31,316064;-89,437114;61
2300;2002;2;8;238000;clean;automatic;4wd;;43,954;-90,8146;45
16990;2009;3;8;132155;clean;automatic;4wd;mid-size;44,54929;-88,04897;45
1600;1999;2;8;180000;clean;automatic;rwd;full-size;37,9743;-121,3154;59
7995;2005;3;6;87260;clean;automatic;rwd;;38,48057;-91,843571;52
3499;1998;3;8;198000;clean;automatic;4wd;full-size;46,0153;-95,6951;43
18995;2013;2;8;134431;clean;automatic;4wd;full-size;35,661076;-78,703988;56
3900;1997;3;8;152000;clean;automatic;rwd;full-size;35,377265;-119,042538;59
19870;2010;3;8;72573;clean;automatic;4wd;full-size;49,184885;-122,801111;
25900;2012;2;6;91413;clean;automatic;4wd;full-size;38,385563;-90,16386;48
12250;2010;2;8;108492;clean;automatic;4wd;;47,7797;-96,5931;43
9990;2007;4;8;105406;clean;automatic;rwd;full-size;38,731803;-90,073678;48
17000;2013;3;8;85000;clean;automatic;rwd;full-size;29,9694;-90,7097;67
19995;2011;3;6;108029;clean;automatic;4wd;full-size;41,781722;-72,533825;51
1500;1990;2;8;159000;clean;automatic;4wd;;47,4734;-114,893;40
14995;2010;3;8;116189;clean;automatic;;full-size;41,67233;-72,913432;51
10990;2010;3;8;186000;clean;automatic;;;46,450007;-95,12469;43
17990;2010;3;8;129000;clean;automatic;4wd;;46,450007;-95,12469;43
1500;1997;2;6;205000;clean;manual;;;34,3449;-86,2752;61
2800;1993;2;6;243898;clean;automatic;rwd;full-size;40,560507;-83,146555;49
14995;2010;3;8;120715;clean;automatic;4wd;full-size;43,223552;-77,372473;53
27996;2014;2;8;22918;clean;automatic;4wd;full-size;40,335245;-76,488033;53
6995;2007;3;8;121434;clean;automatic;rwd;full-size;27,873066;-82,786729;65
22995;2011;3;6;76592;clean;automatic;4wd;full-size;45,750271;-111,184096;40
7977;2005;2;8;159323;clean;automatic;4wd;full-size;42,345504;-88,269936;48
3000;1997;2;6;144181;rebuilt;automatic;rwd;full-size;38,478548;-82,666368;50
28000;2013;3;6;87000;clean;automatic;4wd;full-size;29,7964;-81,2649;65
18880;2013;3;6;123674;clean;automatic;4wd;mid-size;44,57437;-88,16024;45
32995;2016;3;6;31536;clean;automatic;4wd;full-size;38,671776;-94,367098;52
27000;2016;3;6;56000;salvage;automatic;4wd;;38,6626;-121,4834;59
23899;2014;2;6;120278;clean;automatic;4wd;;30,665776;-88,105149;61
1650;2003;1;6;132297;clean;automatic;rwd;full-size;41,544846;-83,642938;49
26499;2012;3;6;68000;clean;automatic;4wd;full-size;46,204;-85,6005;45
7000;2005;3;6;154000;clean;automatic;;;33,8542;-83,408;59
15891;2013;2;8;145279;clean;automatic;4wd;full-size;41,139572;-96,239355;46
49890;2018;4;6;3073;clean;automatic;4wd;;49,204598;-123,139205;
4500;2004;2;8;191420;clean;automatic;4wd;full-size;43,2566;-77,6652;53
2200;2003;1;6;123000;clean;automatic;rwd;;42,2539;-71,4583;50
16304;2011;3;8;136668;clean;automatic;4wd;mid-size;43,78124;-88,50265;45
11933;2012;3;6;99240;clean;automatic;rwd;full-size;38,052548;-85,676488;50
3000;1999;2;8;175517;clean;automatic;4wd;full-size;43,835837;-84,586108;45
3100;1998;1;8;164000;clean;automatic;4wd;;40,7977;-77,0468;53
19999;2011;2;6;81281;clean;automatic;4wd;full-size;38,9847;-88,1704;48
7850;2001;3;8;147681;clean;automatic;rwd;;30,475548;-87,24535;65
5995;1997;2;8;136776;clean;automatic;4wd;full-size;35,496578;-120,681118;59
23950;2017;2;8;35115;clean;automatic;rwd;full-size;33,512633;-86,79777;61
12188;2011;2;6;146699;clean;automatic;4wd;full-size;42,892121;-85,665539;45
13900;2013;2;6;110000;clean;automatic;rwd;full-size;33,3299;-101,7122;67
18500;2012;3;8;163727;clean;automatic;4wd;full-size;32,794767;-97,286973;67
6995;2008;3;6;111610;clean;automatic;rwd;full-size;29,01711;-81,303463;65
10495;2004;3;8;110435;clean;automatic;4wd;full-size;38,084394;-89,339761;48
3500;1997;2;6;200000;clean;manual;rwd;;34,0853;-80,9167;60
42;1986;1;6;42;clean;automatic;rwd;full-size;42,0763;-80,0668;53
23995;2011;2;8;51708;clean;automatic;4wd;full-size;39,928215;-105,148438;45
2450;2000;2;8;160000;clean;automatic;;;27,98497;-82,474738;65
14950;2014;2;8;139325;clean;other;4wd;full-size;38,692648;-82,857744;49
1950;2000;2;8;218200;clean;automatic;4wd;;45,8505;-91,9155;45
8588;2007;3;8;138100;clean;automatic;4wd;mid-size;41,10224;-81,48186;49
11350;2007;2;8;127432;clean;automatic;4wd;full-size;45,7813;-108,5727;40
5220;2004;2;8;157000;clean;automatic;4wd;;41,736436;-92,717669;47
3800;2000;2;8;161800;clean;automatic;4wd;full-size;35,3585;-93,5454;59
30995;2015;3;6;90971;clean;automatic;4wd;full-size;38,671618;-94,36651;52
6800;2007;3;8;125000;clean;automatic;4wd;full-size;44,486738;-73,191419;44
19500;2014;2;8;82918;clean;automatic;rwd;full-size;35,661076;-78,703988;56
31995;2016;3;6;98968;clean;automatic;4wd;full-size;38,671618;-94,36651;52
8500;2005;2;8;65000;clean;automatic;4wd;full-size;46,806501;-89,462032;45
2800;2002;2;8;183000;clean;automatic;rwd;full-size;43,1388;-83,9851;45
8995;2005;2;8;177194;clean;automatic;rwd;full-size;34,90352;-82,34607;60
9800;2005;2;8;155000;clean;automatic;4wd;;32,718;-79,9537;60
14500;2013;3;8;110000;clean;automatic;rwd;full-size;33,3299;-101,7122;67
4900;2010;2;8;156000;clean;automatic;rwd;;42,913667;-85,724773;45
9770;2007;3;8;170320;clean;automatic;4wd;mid-size;44,57437;-88,16024;45
29980;2014;3;6;51000;clean;automatic;4wd;full-size;38,210411;-84,548431;50
33975;2015;3;6;30142;clean;automatic;4wd;mid-size;43,204762;-75,440834;53
9995;2002;3;8;131017;clean;automatic;4wd;full-size;41,781722;-72,533825;51
4990;1997;2;6;82946;clean;automatic;rwd;full-size;40,468826;-74,281734;52
7500;2006;3;8;219918;clean;automatic;4wd;full-size;35,872198;-80,156966;56
2500;1999;1;8;170561;clean;automatic;4wd;;38,2189;-86,1145;48
6950;2009;3;8;115000;clean;automatic;rwd;;41,2949;-96,0546;46
3900;2008;2;8;140848;clean;automatic;rwd;full-size;41,669081;-86,014431;48
7999;2012;3;8;191355;clean;automatic;4wd;full-size;35,511639;-97,603648;57
15400;2012;3;6;134500;clean;automatic;4wd;;44,028428;-92,563362;43
13900;2010;3;8;80200;clean;automatic;;;40,5144;-112,0325;50
6700;2009;1;8;105000;clean;automatic;rwd;mid-size;42,91471;-89,234244;45
27900;2016;2;6;36099;clean;automatic;4wd;full-size;31,316064;-89,437114;61
1200;2004;2;8;202000;clean;automatic;rwd;full-size;36,955;-76,543;55
35000;2012;3;8;99000;clean;automatic;4wd;full-size;38,940947;-104,725113;45
16990;2014;3;6;107000;clean;automatic;4wd;;46,450007;-95,12469;43
17995;2010;2;8;189000;clean;automatic;4wd;full-size;49,832948;-119,446484;
27995;2016;3;6;42207;clean;automatic;4wd;full-size;38,951674;-92,332541;52
22994;2012;3;6;82716;clean;automatic;4wd;mid-size;41,22815;-95,85953;47
3000;1988;2;8;76000;clean;manual;4wd;;37,175631;-113,60824;50
3990;2001;3;8;0;clean;automatic;;;46,450007;-95,12469;43
12990;2013;3;8;176752;clean;automatic;;full-size;47,911024;-97,045022;38
10500;2004;3;5;140000;clean;automatic;4wd;;39,9771;-74,1565;52
16995;2013;2;8;163845;clean;automatic;4wd;full-size;35,586352;-77,605845;56
3500;2006;2;8;240000;clean;automatic;4wd;;43,6555;-79,3626;
15990;2014;3;6;99422;clean;automatic;4wd;full-size;47,911024;-97,045022;38
3600;2002;2;8;197658;clean;automatic;;;30,2407;-81,617;65
9990;2007;4;8;105406;clean;automatic;rwd;full-size;38,731803;-90,073678;48
33495;2016;3;6;27000;clean;automatic;4wd;full-size;42,069349;-76,122861;53
8900;2010;2;8;142774;clean;automatic;4wd;full-size;28,079232;-80,674959;65
5500;2008;2;6;113000;clean;automatic;;;37,7241;-93,796;52
25423;2014;3;8;96551;clean;automatic;4wd;mid-size;30,43955;-91,08613;67
21988;2014;2;6;110107;clean;automatic;4wd;full-size;36,137597;-86,761799;59
34900;2016;3;8;18800;lien;automatic;4wd;full-size;43,2297;-123,2343;50
2500;1982;2;6;208;clean;manual;4wd;;44,545145;-123,254963;50
8950;2010;2;8;168260;clean;automatic;4wd;;40,120838;-77,028586;53
6500;2004;4;8;175000;salvage;automatic;4wd;full-size;48,4786;-122,3345;50
12488;2010;2;8;144570;clean;automatic;4wd;full-size;42,892121;-85,665539;45
24500;2016;3;6;53000;clean;automatic;rwd;;27,1384;-82,4518;65
32000;2013;3;6;83000;clean;automatic;4wd;full-size;32,289715;-93,687973;67
21990;2015;3;6;100515;clean;automatic;rwd;full-size;32,746335;-96,988549;67
1250;2001;1;8;174000;clean;automatic;4wd;full-size;40,686003;-74,839863;52
23995;2014;3;8;61430;clean;automatic;4wd;full-size;42,032203;-91,611698;47
25000;2013;2;6;76500;clean;automatic;4wd;;43,6197;-95,9273;43
21990;2014;3;8;96079;clean;automatic;4wd;full-size;43,154058;-75,931063;53
27990;2016;2;6;22895;clean;automatic;4wd;full-size;45,978572;-94,342018;43
37995;2015;4;8;26903;clean;automatic;4wd;;50,045346;-125,269028;
4000;2000;2;8;174000;clean;automatic;4wd;full-size;39,058;-78,1105;55
17370;2013;2;6;105706;clean;automatic;rwd;full-size;32,427868;-86,467649;61
25995;2017;3;6;7427;salvage;automatic;4wd;full-size;42,636721;-85,284741;45
9900;2005;3;8;0;clean;automatic;4wd;full-size;32,252974;-110,97871;71
21995;2013;2;6;107739;clean;automatic;4wd;full-size;41,686718;-86,012028;48
18550;2011;3;6;129594;clean;automatic;4wd;mid-size;44,57437;-88,16024;45
27700;2013;4;6;97000;clean;automatic;4wd;full-size;36,3301;-78,3981;56
8950;2010;2;8;168260;clean;automatic;4wd;;40,120838;-77,028586;53
14996;2007;3;8;108951;clean;automatic;4wd;mid-size;44,52039;-88,06645;45
6800;2005;2;8;153500;clean;automatic;4wd;full-size;40,678059;-82,601174;49
3500;1998;2;8;182090;clean;manual;4wd;;46,2395;-114,1679;40
20500;2013;3;8;113800;clean;automatic;4wd;full-size;44,271077;-85,403669;45
29780;2015;2;8;76711;clean;automatic;4wd;full-size;39,019586;-94,574291;52
29000;2014;3;3;33000;lien;automatic;4wd;full-size;33,745753;-87,082958;61
22980;2013;3;8;111754;clean;automatic;rwd;;36,357877;-94,210499;59
18995;2010;2;8;113256;clean;automatic;4wd;full-size;39,733601;-94,828925;52
7500;2004;4;8;294686;clean;automatic;4wd;full-size;39,044586;-94,668267;51
6700;2006;2;8;185000;clean;automatic;4wd;;37,5647;-97,3553;51
21995;2011;2;8;128156;clean;automatic;4wd;full-size;34,947213;-89,440953;61
7495;2006;2;8;153000;clean;automatic;4wd;full-size;30,4034;-81,7635;65
21490;2013;3;8;64412;rebuilt;automatic;4wd;full-size;44,409554;-89,880342;45
25000;2014;2;6;90005;clean;automatic;4wd;full-size;35,01845;-85,204983;59
2998;1999;2;6;103972;clean;automatic;rwd;full-size;42,3899;-122,9222;50
49980;2016;3;6;39200;clean;automatic;4wd;full-size;50,039078;-125,271842;
21000;2013;3;6;75000;clean;automatic;4wd;full-size;41,8967;-93,4001;47
16900;2014;2;8;161236;clean;automatic;4wd;full-size;36,644835;-93,218011;52
15995;2013;3;8;101253;clean;automatic;4wd;;37,00125;-93,085957;52
11950;2007;3;8;77533;clean;automatic;4wd;full-size;37,286501;-80,056719;55
3000;2000;2;6;119000;clean;automatic;rwd;;48,2028;-114,3039;40
4500;2006;4;6;237000;clean;manual;rwd;full-size;29,899091;-81,332903;65
31500;2017;3;6;7105;clean;automatic;rwd;mid-size;34,74851;-77,41559;56
15993;2011;3;6;152706;clean;automatic;rwd;full-size;38,052548;-85,676488;50
5500;2004;2;8;148307;lien;automatic;fwd;full-size;36,3551;-119,301;59
35900;2015;3;8;44000;clean;automatic;4wd;full-size;48,0215;-114,2266;40
6000;1997;3;8;100000;clean;automatic;4wd;full-size;32,7093;-114,4905;71
11880;2008;3;8;162820;clean;automatic;4wd;mid-size;44,57437;-88,16024;45
5500;2003;3;8;87500;clean;automatic;rwd;full-size;44,0077;-93,7833;43
4450;2004;3;8;152000;clean;automatic;4wd;full-size;42,484503;-92,324974;47
25000;2016;4;6;45000;clean;automatic;4wd;full-size;32,9818;-114,6854;59
28000;2013;3;6;87000;clean;automatic;4wd;full-size;29,807848;-81,242008;65
25000;2011;3;6;61620;clean;automatic;4wd;mid-size;46,59003;-95,57416;43
5500;2004;2;8;211000;clean;automatic;4wd;full-size;38,386342;-85,255966;50
28918;2014;3;6;84100;clean;automatic;4wd;full-size;50,039106;-125,271757;
3800;2008;2;8;0;clean;automatic;4wd;mid-size;25,950376;-97,321693;67
14950;2014;2;8;139325;clean;other;4wd;full-size;38,692648;-82,857744;49
25946;2013;3;8;44060;clean;automatic;rwd;mid-size;29,80483;-94,98731;67
11632;2006;3;8;134721;clean;automatic;4wd;mid-size;44,87313;-87,89568;45
1900;1999;2;8;180090;clean;automatic;4wd;full-size;43,1793;-85,2497;45
19995;2013;2;6;145956;clean;automatic;4wd;full-size;38,717906;-108,054869;45
18999;2013;3;6;104953;clean;automatic;4wd;full-size;28,35742;-80,695708;65
11995;2006;3;8;144388;clean;automatic;4wd;full-size;38,159627;-85,697708;50
32999;2013;4;8;66000;clean;automatic;4wd;full-size;42,868175;-85,862086;45
32995;2012;2;6;36168;clean;automatic;4wd;full-size;34,947213;-89,440953;61
17500;2010;2;8;96796;clean;automatic;4wd;full-size;32,356164;-89,971375;61
19463;2010;3;8;95484;clean;automatic;4wd;mid-size;28,03978;-81,94071;65
999;2011;2;8;85000;clean;automatic;rwd;;41,0334;-81,4385;49
22500;2014;3;6;91383;clean;automatic;4wd;;43,223605;-76,802231;53
47932;2017;3;8;16016;clean;automatic;4wd;;43,852883;-88,855927;45
14750;2009;3;8;112620;clean;automatic;4wd;;42,665448;-91,913878;47
18500;2012;3;6;77000;rebuilt;automatic;4wd;full-size;37,5085;-92,7891;52
15995;2004;2;8;136658;clean;automatic;rwd;full-size;33,27424;-86,810883;61
9987;2003;3;8;0;clean;automatic;4wd;full-size;42,355897;-122,865844;50
13995;2008;3;8;112286;clean;automatic;4wd;full-size;42,701772;-89,008858;45
38000;2017;5;8;11000;lien;automatic;4wd;;41,8992;-92,2574;47
4900;2007;2;6;90000;clean;automatic;rwd;full-size;40,616946;-75,441782;53
13995;2008;3;8;105033;clean;automatic;4wd;full-size;43,223552;-77,372473;53
16500;2014;3;6;124800;clean;automatic;;;33,6819;-112,0996;71
5900;2002;3;8;223500;clean;automatic;4wd;;42,97792;-85,667095;45
73055;2018;3;6;1;clean;automatic;4wd;full-size;47,830597;-110,662694;40
6488;2002;2;8;152550;clean;automatic;rwd;full-size;28,665045;-82,111604;65
38888;2015;3;6;47286;clean;automatic;4wd;;47,830597;-110,662694;40
24000;2013;3;6;46000;clean;automatic;4wd;full-size;35,645438;-88,851003;59
25000;2014;3;8;82000;lien;automatic;4wd;;44,1202;-94,2184;43
5000;2001;3;8;45000;clean;automatic;rwd;full-size;34,8929;-114,5951;71
24600;2010;3;8;63970;clean;automatic;4wd;mid-size;38,88358;-94,79383;51
33890;2018;3;8;17621;clean;automatic;rwd;full-size;43,15481;-75,932436;53
18999;2011;3;8;120087;clean;automatic;4wd;mid-size;44,73188;-93,2162;43
17990;2010;3;8;129000;clean;automatic;4wd;;46,450007;-95,12469;43
34455;2016;4;6;28916;clean;automatic;4wd;full-size;41,274936;-95,937166;46
3600;2003;2;6;160000;clean;manual;;;29,878089;-97,668993;67
14000;2012;2;8;204000;clean;automatic;4wd;;37,7342;-85,2107;50
3000;1999;2;8;288000;clean;automatic;fwd;full-size;29,648974;-82,384586;65
34995;2015;3;6;63373;clean;automatic;4wd;full-size;45,832707;-95,388536;43
11995;2008;2;8;67506;clean;automatic;4wd;full-size;39,834179;-75,124291;52
41833;2016;3;8;22546;clean;automatic;4wd;;43,852883;-88,855927;45
14995;2012;3;8;129876;clean;automatic;4wd;;45,2617;-88,078;45
21997;2014;4;6;111248;clean;automatic;rwd;full-size;37,711627;-122,138132;59
1700;1998;1;6;215000;clean;manual;rwd;full-size;36,1464;-95,9526;57
14995;2007;3;8;141653;clean;automatic;4wd;full-size;38,084394;-89,339761;48
7499;2005;3;8;127806;clean;automatic;;full-size;27,875196;-82,786723;65
500;1995;0;8;200;clean;automatic;rwd;;41,397565;-81,529421;49
4000;1998;1;8;200000;clean;automatic;4wd;full-size;32,3366;-111,1771;71
32990;2018;3;8;17621;clean;automatic;rwd;full-size;43,15481;-75,932436;53
13995;2013;2;8;140050;clean;automatic;4wd;;40,603321;-73,651284;53
25995;2014;3;6;85960;clean;automatic;4wd;full-size;43,4883;-76,393469;53
17770;2011;3;6;118517;clean;automatic;4wd;mid-size;44,57437;-88,16024;45
8500;1993;3;8;148655;clean;automatic;4wd;full-size;33,6773;-118,0051;59
8890;2007;2;8;109974;clean;automatic;4wd;full-size;43,575419;-76,121154;53
26999;2014;3;6;43140;clean;automatic;4wd;mid-size;43,78124;-88,50265;45
6950;2007;3;8;126850;rebuilt;automatic;fwd;full-size;30,260915;-97,713716;67
1200;1991;1;8;4210;clean;automatic;4wd;full-size;42,7178;-114,5012;47
14899;2014;2;6;90154;clean;automatic;rwd;full-size;25,774109;-80,230635;65
16995;2007;3;8;30415;clean;automatic;4wd;full-size;47,830597;-110,662694;40
9500;2012;3;6;190000;rebuilt;automatic;;;29,4388;-98,4935;67
12488;2010;2;8;144570;clean;automatic;4wd;full-size;42,892121;-85,665539;45
6100;1998;3;8;140000;clean;automatic;rwd;full-size;35,3228;-84,7364;59
14495;2009;2;8;102910;clean;automatic;4wd;full-size;39,055092;-84,258084;49
8000;2006;3;8;96685;clean;automatic;;;30,0966;-97,4976;67
13988;2011;2;6;146699;clean;automatic;4wd;full-size;42,892121;-85,665539;45
7500;2006;2;8;145327;clean;automatic;4wd;full-size;29,956693;-89,978344;67
7000;2005;3;8;119590;clean;automatic;4wd;full-size;31,0534;-89,4543;61
6990;2007;2;8;142809;clean;automatic;4wd;;43,653938;-90,726814;45
10495;2007;3;8;75750;clean;automatic;4wd;;43,81;-111,789;47
21995;2011;3;6;108029;clean;automatic;4wd;full-size;41,781722;-72,533825;51
18900;2011;4;8;99488;clean;automatic;4wd;;36,188932;-94,138053;59
22995;2012;2;8;53179;clean;automatic;4wd;full-size;42,970214;-90,112347;45
29985;2013;3;6;58088;clean;automatic;4wd;full-size;33,843197;-87,248745;61
10995;2014;2;6;195813;clean;automatic;;;27,388824;-82,532816;65
25995;2010;3;8;112668;clean;automatic;;full-size;31,732124;-106,364833;67
32995;2015;3;6;61252;clean;automatic;4wd;full-size;38,671618;-94,36651;52
5500;2007;3;8;112000;clean;automatic;4wd;full-size;39,3009;-76,5799;56
14750;2014;3;8;38397;salvage;automatic;rwd;;46,136342;-100,16963;38
800;1998;1;6;189700;clean;automatic;;;44,5522;-88,0788;45
2500;2000;2;8;160000;clean;automatic;rwd;;38,977604;-95,257678;51
10888;2010;2;8;190000;clean;automatic;4wd;full-size;30,520244;-89,647288;61
18400;2012;3;8;57000;rebuilt;automatic;4wd;full-size;40,2688;-76,1013;53
32995;2015;3;6;85743;clean;automatic;4wd;full-size;38,671618;-94,36651;52
11000;2008;3;8;170000;lien;automatic;4wd;full-size;36,4319;-77,1027;56
150;2007;2;8;60000;clean;automatic;rwd;full-size;31,1251;-83,4213;59
3599;1984;2;8;130000;clean;manual;rwd;full-size;36,0403;-80,1933;56
25500;2012;4;8;107803;clean;automatic;4wd;full-size;29,7964;-81,2649;65
10900;2005;3;8;99021;clean;automatic;rwd;full-size;30,328942;-81,417677;65
11700;2010;2;8;144570;clean;automatic;4wd;full-size;42,892121;-85,665539;45
1600;1994;2;6;247000;clean;automatic;rwd;;33,028;-80,1739;60
19976;2011;3;6;103311;clean;automatic;4wd;full-size;45,750271;-111,184096;40
30999;2015;3;6;58309;clean;automatic;4wd;mid-size;43,78124;-88,50265;45
2995;1997;3;8;235900;clean;manual;rwd;full-size;34,952815;-120,446824;59
12750;2009;2;8;145000;clean;automatic;4wd;full-size;41,5817;-83,6628;49
12900;2011;3;8;218000;clean;automatic;4wd;full-size;30,244314;-89,760504;67
11300;2010;2;8;155433;clean;automatic;4wd;full-size;42,483865;-91,47302;47
7200;2005;3;8;162092;clean;automatic;4wd;mid-size;42,58998;-83,03095;45
6000;2009;2;8;196000;clean;automatic;4wd;full-size;42,9282;-83,6264;45
5950;2006;2;8;166983;clean;automatic;4wd;full-size;44,861013;-91,647877;45
4900;1998;3;8;75000;clean;automatic;4wd;full-size;35,675663;-80,239248;56
33495;2016;3;6;27000;clean;automatic;4wd;full-size;42,069349;-76,122861;53
16990;2010;3;8;73285;clean;automatic;4wd;full-size;43,204762;-75,440834;53
2500;1996;2;6;175000;clean;automatic;rwd;full-size;36,996585;-93,190258;52
5999;2007;2;8;90200;clean;automatic;fwd;;30,398671;-91,017551;67
6000;2002;3;8;179492;clean;automatic;4wd;;39,71819;-86,35679;48
1900;2000;2;8;145000;clean;automatic;rwd;full-size;40,6321;-89,6903;48
1500;2000;2;8;172000;clean;automatic;4wd;full-size;34,5697;-111,8551;71
26495;2013;3;6;65160;clean;automatic;4wd;full-size;38,671618;-94,36651;52
13900;2010;3;8;200021;clean;automatic;rwd;;36,085896;-79,731557;56
9995;2010;3;8;144375;clean;automatic;rwd;full-size;38,611926;-121,423565;59
8900;2005;2;8;169000;clean;automatic;4wd;;36,2017;-81,1286;56
8500;1991;3;8;135000;clean;automatic;rwd;full-size;33,928742;-78,199172;56
5800;2006;3;6;112413;clean;automatic;rwd;full-size;28,079232;-80,674959;65
15900;2010;3;8;73595;clean;automatic;rwd;full-size;27,481355;-82,571616;65
8995;2006;3;8;115500;clean;automatic;rwd;full-size;43,153573;-93,201037;47
38995;2018;3;8;9511;clean;automatic;4wd;full-size;30,371985;-88,539206;61
14875;2012;3;8;91713;clean;automatic;4wd;full-size;38,584848;-89,985587;48
5500;2004;2;8;211000;clean;automatic;4wd;full-size;38,386342;-85,25631;50
12500;2009;3;8;73000;clean;automatic;4wd;;41,234787;-77,055273;53
33300;2016;3;8;24000;clean;automatic;4wd;full-size;42,6683;-89,0025;45
13250;2012;3;6;62000;clean;automatic;rwd;full-size;37,291587;-107,856731;45
18975;2014;3;6;71394;clean;automatic;4wd;full-size;30,421564;-87,25144;65
16900;2014;2;6;64368;clean;automatic;rwd;full-size;31,316064;-89,437114;61
5950;2002;3;8;188988;clean;automatic;4wd;;42,64387;-84,0733;45
39500;2015;3;6;81233;clean;automatic;4wd;mid-size;34,74851;-77,41559;56
16975;2009;3;8;109614;clean;automatic;4wd;full-size;43,812223;-84,768317;45
2100;1998;1;8;197000;clean;automatic;4wd;full-size;40,0091;-76,3671;53
6000;2001;2;8;156000;clean;automatic;4wd;full-size;40,0642;-74,6899;52
10995;2008;2;8;145379;clean;automatic;rwd;full-size;33,946412;-117,295118;59
35890;2016;3;6;73560;clean;automatic;4wd;;49,204598;-123,139205;
26891;2013;3;8;124314;clean;automatic;4wd;mid-size;44,52039;-88,06645;45
15000;2012;2;8;200000;clean;automatic;4wd;full-size;36,669;-93,2481;52
6200;2007;3;8;130000;clean;automatic;4wd;;28,1367;-82,461;65
2600;1999;2;6;173750;clean;automatic;rwd;;35,2023;-88,2005;59
6995;2003;3;8;127000;clean;automatic;4wd;full-size;42,979576;-82,433416;45
35500;2017;3;8;20500;lien;automatic;4wd;;40,8224;-76,8683;53
26900;2015;3;6;94380;clean;automatic;4wd;full-size;33,066044;-89,593906;61
6500;2008;3;8;136000;clean;automatic;4wd;full-size;40,406176;-105,078049;45
13800;2009;4;8;85000;clean;automatic;4wd;full-size;41,0845;-77,5851;53
1950;2001;1;8;149300;clean;automatic;rwd;;41,3931;-86,5948;48
11950;2010;2;8;172103;clean;automatic;4wd;full-size;38,692648;-82,857744;49
26900;2013;3;8;95208;clean;automatic;4wd;full-size;36,277213;-80,339822;56
13780;2013;3;6;122897;clean;automatic;rwd;full-size;30,483637;-97,737579;67
8685;2003;3;8;199901;clean;automatic;4wd;full-size;38,084394;-89,339761;48
29000;2003;3;6;145500;clean;automatic;rwd;full-size;32,259989;-110,960747;71
16900;2009;3;6;44000;clean;automatic;;;44,166925;-116,887379;47
23000;2008;3;8;76000;clean;automatic;rwd;full-size;34,953015;-120,416117;59
37995;2015;4;8;26903;clean;automatic;4wd;;50,045346;-125,269028;
18888;2010;3;8;85812;clean;automatic;4wd;;47,830597;-110,662694;40
1600;1996;1;8;260000;clean;automatic;;;36,31813;-119,249104;59
6995;2004;3;8;183569;clean;automatic;;;29,800485;-95,410441;67
7950;2010;3;8;230955;clean;automatic;4wd;mid-size;42,64387;-84,0733;45
1200;1986;2;6;165000;clean;manual;rwd;full-size;39,395295;-119,894939;46
22500;2010;2;8;89000;clean;automatic;4wd;;41,1615;-86,0299;48
18760;2010;2;8;166124;clean;automatic;4wd;full-size;50,023342;-125,25032;
5300;2004;2;8;256000;clean;automatic;4wd;;42,361081;-88,838882;48
995;2001;4;6;113523;clean;automatic;4wd;;39,198094;-84,737327;49
7250;2007;3;8;121434;clean;automatic;rwd;full-size;27,875196;-82,786723;65
45900;2016;4;6;20000;clean;automatic;4wd;;35,1591;-85,2182;59
10900;2008;3;8;108500;clean;automatic;4wd;full-size;42,325755;-92,209389;47
33950;2013;3;8;31878;clean;automatic;;;44,737415;-85,174495;45
2800;1997;2;6;201777;clean;automatic;rwd;full-size;43,523814;-96,827708;38
5995;2005;2;8;145145;clean;automatic;4wd;full-size;39,834179;-75,124291;52
21000;2012;3;8;70000;clean;automatic;4wd;full-size;44,2956;-88,2717;45
15394;2008;3;8;136085;clean;automatic;4wd;mid-size;35,77523;-77,99926;56
35800;2015;3;8;32400;clean;automatic;4wd;full-size;43,651753;-94,45321;43
17995;2014;2;6;108026;clean;automatic;4wd;full-size;41,686718;-86,012028;48
9300;2006;4;8;174000;clean;automatic;4wd;;32,848424;-83,671828;59
10900;2009;2;8;199000;clean;automatic;;;30,4421;-97,6299;67
22000;2015;3;8;38000;rebuilt;automatic;4wd;full-size;43,6013;-84,7736;45
34800;2015;3;6;59364;clean;automatic;4wd;full-size;49,184885;-122,801111;
19295;2013;3;6;161929;clean;automatic;4wd;;45,121187;-92,693325;45
12550;2007;3;8;139848;clean;automatic;4wd;mid-size;44,57437;-88,16024;45
17991;2013;2;8;76685;clean;automatic;4wd;full-size;37,650441;-97,335104;51
6995;2008;2;8;144000;clean;automatic;4wd;full-size;46,9268;-98,0033;38
15900;2010;2;8;137861;clean;automatic;4wd;full-size;37,215898;-86,695229;50
4600;2004;2;8;190000;clean;automatic;rwd;full-size;34,8273;-86,7499;61
30500;2016;3;8;39980;clean;automatic;rwd;full-size;30,2077;-92,0656;67
16900;2014;2;6;64368;clean;automatic;rwd;full-size;31,316064;-89,437114;61
13880;2009;3;8;154597;clean;automatic;4wd;mid-size;44,87313;-87,89568;45
16850;2008;3;8;53891;clean;automatic;4wd;full-size;41,414785;-81,341279;49
18888;2010;3;8;85812;clean;automatic;4wd;;47,830597;-110,662694;40
22695;2014;2;6;149278;clean;automatic;4wd;full-size;31,607642;-89,196805;61
22995;2011;2;6;92201;clean;automatic;4wd;full-size;40,846711;-76,587963;53
17995;2013;2;6;17091;clean;automatic;rwd;full-size;41,213364;-96,012719;46
6500;2005;2;8;197000;clean;automatic;4wd;;43,5724;-89,1156;45
2999;2000;2;8;135000;clean;automatic;4wd;;43,6088;-83,953;45
7977;2005;2;8;159323;clean;automatic;4wd;full-size;42,345504;-88,269936;48
18888;2010;3;8;85812;clean;automatic;4wd;;47,830597;-110,662694;40
1200;1999;1;8;109000;clean;automatic;4wd;;37,1353;-80,4188;55
6995;2003;3;8;167662;clean;automatic;4wd;full-size;45,518031;-122,578752;50
1700;1997;2;6;230600;clean;manual;;;38,4566;-90,3282;52
24500;2010;3;8;80000;clean;automatic;4wd;full-size;42,4755;-92,2812;47
8000;2007;2;6;76800;clean;automatic;rwd;full-size;39,5591;-75,4521;52
9777;2006;3;8;152536;clean;automatic;4wd;full-size;38,159627;-85,697708;50
6000;2004;2;8;179100;clean;automatic;4wd;full-size;42,5739;-79,0596;53
7800;2004;3;8;169991;clean;automatic;4wd;full-size;39,4567;-76,9696;56
35000;2016;3;6;69747;clean;automatic;rwd;mid-size;30,43955;-91,08613;67
27480;2014;3;6;47301;clean;automatic;4wd;mid-size;32,965063;-96,913304;67
17595;2013;2;8;134523;clean;automatic;4wd;full-size;35,796126;-78,554108;56
9850;2005;3;8;213195;clean;automatic;4wd;full-size;36,030812;-80,166818;56
32000;2016;3;6;18400;lien;automatic;4wd;;41,0449;-83,6457;49
4450;2001;2;8;210000;clean;automatic;4wd;full-size;36,1341;-96,1426;57
3000;1997;2;8;184000;clean;automatic;;;43,789838;-111,761341;47
22995;2011;2;8;118776;clean;automatic;4wd;full-size;30,803146;-88,140898;61
4495;2006;3;8;198786;clean;automatic;4wd;;45,2617;-88,078;45
9300;2003;3;8;132998;clean;automatic;;;43,645316;-116,68192;47
1;2014;3;6;117123;clean;automatic;rwd;full-size;29,975385;-90,172386;67
30995;2015;3;8;49598;clean;automatic;4wd;full-size;38,671618;-94,36651;52
2000;1998;1;8;211000;clean;manual;4wd;full-size;36,915606;-119,579153;59
5000;2007;1;8;220700;clean;automatic;4wd;full-size;43,548846;-96,790914;38
3450;2006;1;8;143100;clean;automatic;rwd;full-size;27,167669;-80,721359;65
8495;2006;3;8;152536;clean;automatic;4wd;full-size;38,159627;-85,697708;50
9700;2005;3;8;183000;clean;automatic;;;46,450007;-95,12469;43
23800;2014;3;8;93580;clean;automatic;4wd;full-size;33,066044;-89,593906;61
27000;2014;3;6;43848;clean;automatic;4wd;mid-size;46,59003;-95,57416;43
11990;2007;3;8;132000;clean;automatic;;;46,450007;-95,12469;43
11500;2012;2;6;214000;lien;automatic;4wd;full-size;42,6076;-91,9105;47
9900;2005;3;8;0;clean;automatic;4wd;full-size;32,252974;-110,97871;71
16990;2009;3;8;132155;clean;automatic;4wd;mid-size;44,54929;-88,04897;45
12900;2007;3;8;99461;clean;automatic;4wd;full-size;32,252358;-110,978487;71
22994;2012;3;6;82716;clean;automatic;4wd;mid-size;41,22815;-95,85953;47
5900;2002;2;8;186000;clean;automatic;4wd;full-size;40,167448;-122,238383;59
7999;2005;3;8;116116;clean;automatic;rwd;full-size;27,873066;-82,786729;65
9500;2005;3;8;140400;lien;automatic;4wd;full-size;43,1789;-88,1173;45
37995;2011;2;8;64719;clean;automatic;4wd;full-size;33,946412;-117,295118;59
7195;2005;2;8;154118;clean;automatic;4wd;full-size;39,097695;-83,348057;49
22000;2015;3;8;38000;rebuilt;automatic;4wd;full-size;43,6013;-84,7736;45
59995;2017;2;6;24737;clean;automatic;4wd;full-size;42,504823;-92,405569;47
6999;2005;3;8;145000;clean;automatic;4wd;full-size;42,484503;-92,324974;47
31888;2014;3;6;58748;clean;automatic;4wd;;47,830597;-110,662694;40
2000;2002;2;8;157;salvage;automatic;;;35,055158;-80,787619;56
74374;2018;5;8;24;clean;automatic;4wd;full-size;38,2281;-84,8697;50
29959;2013;3;6;50617;clean;automatic;4wd;mid-size;44,52039;-88,06645;45
11900;2005;2;6;174922;clean;automatic;4wd;full-size;31,217814;-82,357716;59
9800;2010;2;8;74000;rebuilt;automatic;4wd;;40,0475;-85,5368;48
2500;2001;2;8;255000;clean;automatic;4wd;;37,4955;-77,471;55
2500;2004;2;6;280000;clean;manual;rwd;full-size;32,999296;-94,984884;67
17999;2013;3;8;100459;clean;automatic;rwd;full-size;33,881074;-84,533461;59
8000;2006;3;8;107335;clean;automatic;4wd;full-size;41,8696;-72,3718;51
10900;2011;2;8;164000;clean;automatic;4wd;full-size;43,1406;-93,385;47
34995;2015;3;6;139848;clean;automatic;4wd;full-size;31,732124;-106,364833;67
3900;2001;3;6;140000;clean;automatic;;;33,5961;-112,1199;71
31500;2017;3;6;7105;clean;automatic;rwd;mid-size;34,74851;-77,41559;56
1800;1996;1;6;309000;clean;manual;rwd;;34,9772;-101,9247;67
17995;2010;3;8;86428;clean;automatic;4wd;full-size;43,044479;-89,474393;45
8650;2004;3;8;195087;clean;automatic;4wd;full-size;38,084394;-89,339761;48
16500;2012;2;6;182000;clean;automatic;4wd;full-size;40,0712;-106,0693;45
3000;2008;3;8;91000;clean;automatic;rwd;;43,6221;-91,4837;43
22995;2011;3;6;76592;clean;automatic;4wd;full-size;45,750271;-111,184096;40
600;1997;1;8;141500;clean;automatic;rwd;;36,0557;-96,0602;57
4200;2005;2;8;155000;rebuilt;automatic;4wd;mid-size;40,2084;-74,8291;53
36000;2016;3;6;22100;lien;automatic;4wd;;44,880411;-91,431323;45
1500;2001;2;8;157000;clean;automatic;rwd;full-size;32,5907;-97,0405;67
6500;2006;3;8;154000;clean;automatic;4wd;mid-size;46,9209;-96,8318;38
9880;2006;3;8;112490;clean;automatic;4wd;mid-size;44,87313;-87,89568;45
1400;2005;2;8;200000;clean;automatic;4wd;mid-size;43,4605;-76,2446;53
15995;2013;3;6;128598;clean;automatic;rwd;full-size;35,300573;-77,645953;56
5995;2004;2;8;203000;clean;automatic;4wd;;42,6967;-84,2926;45
42000;2016;4;8;39000;clean;automatic;4wd;full-size;35,887226;-89,28555;59
18998;2010;3;8;121000;clean;automatic;4wd;full-size;44,053757;-121,302076;50
8995;2010;3;8;144375;clean;automatic;rwd;full-size;38,611926;-121,423565;59
17995;2013;2;6;17091;clean;automatic;rwd;full-size;41,213364;-96,012719;46
16990;2013;4;6;132445;clean;automatic;4wd;full-size;35,732847;-78,850136;56
2500;2000;2;8;137000;clean;automatic;4wd;full-size;43,521391;-88,223648;45
1500;1993;2;6;189000;clean;manual;rwd;full-size;41,4416;-96,4945;46
3800;2004;2;8;0;clean;automatic;rwd;;28,0699;-82,1576;65
24990;2016;3;6;93657;clean;automatic;4wd;full-size;41,274904;-95,937209;46
37998;2015;4;6;19881;clean;automatic;4wd;;50,045346;-125,269028;
16895;2012;2;6;124453;clean;automatic;4wd;full-size;40,335245;-76,488033;53
12800;2014;2;6;90103;clean;automatic;rwd;full-size;37,1249;-93,463816;52
30476;2017;3;8;25471;clean;automatic;4wd;mid-size;41,03056;-80,72808;49
8500;2003;2;8;97000;clean;automatic;4wd;full-size;41,0699;-85,0117;48
21995;2013;3;8;75425;clean;automatic;4wd;full-size;40,158958;-105,031313;45
8999;2002;3;8;116800;clean;automatic;rwd;full-size;37,504659;-97,504327;51
24975;2013;3;8;56482;clean;automatic;4wd;mid-size;43,204762;-75,440834;53
13200;2013;3;6;72000;rebuilt;automatic;4wd;;49,233656;-123,003351;
2395;1992;2;6;181924;clean;automatic;;full-size;36,678966;-121,647459;59
5000;2001;2;8;150000;clean;automatic;4wd;;37,233062;-76,755123;55
23495;2012;2;6;75013;clean;automatic;4wd;full-size;38,190152;-94,026215;52
20770;2012;3;6;118690;clean;automatic;4wd;mid-size;44,57437;-88,16024;45
18790;2013;3;6;120000;clean;automatic;;;46,450007;-95,12469;43
7900;2005;3;8;167000;clean;automatic;4wd;full-size;37,083439;-94,481651;52
27499;2014;3;8;31576;clean;automatic;4wd;mid-size;43,78124;-88,50265;45
5999;2007;3;6;183307;clean;automatic;rwd;;39,014916;-92,322085;52
10500;2008;3;8;115414;clean;automatic;rwd;mid-size;38,88358;-94,79383;51
11950;2010;2;8;172103;clean;automatic;4wd;full-size;38,692648;-82,857744;49
5500;2007;2;8;189500;clean;automatic;4wd;full-size;46,886041;-92,063026;43
5000;1988;2;8;89600;clean;automatic;rwd;full-size;41,9293;-83,4448;45
4350;2001;2;8;236581;rebuilt;automatic;4wd;full-size;38,479493;-90,741664;52
26900;2016;3;6;94578;clean;automatic;4wd;;40,007891;-104,818353;45
10995;2004;3;8;109840;clean;automatic;4wd;full-size;42,925357;-112,466415;47
2995;1999;2;8;231000;clean;automatic;4wd;full-size;45,5576;-93,2889;43
6995;2004;2;8;213000;clean;automatic;4wd;full-size;36,524217;-86,026782;59
18995;2012;3;8;57000;rebuilt;automatic;4wd;full-size;40,252804;-76,036506;53
8550;2005;3;8;164628;clean;automatic;4wd;mid-size;44,57437;-88,16024;45
2000;1999;1;6;168543;clean;manual;4wd;full-size;36,1705;-115,2176;46
2199;1997;1;8;234468;clean;automatic;4wd;;46,599921;-94,057732;43
11999;2008;3;8;113589;clean;automatic;rwd;full-size;37,609783;-120,995406;59
12488;2010;2;8;144570;clean;automatic;4wd;full-size;42,892121;-85,665539;45
7500;2008;2;6;83099;clean;automatic;rwd;full-size;44,410118;-89,88236;45
3000;1998;2;6;210;clean;manual;fwd;full-size;28,778714;-81,306612;65
27993;2013;3;6;88363;clean;automatic;4wd;full-size;44,071509;-123,146439;50
6950;2011;2;6;169257;clean;automatic;rwd;full-size;38,692648;-82,857744;49
15975;2008;3;8;55131;clean;automatic;4wd;full-size;43,204762;-75,440834;53
31880;2015;3;6;55000;clean;automatic;4wd;full-size;49,184885;-122,801111;
20400;2014;3;6;79579;clean;automatic;rwd;mid-size;34,74851;-77,41559;56
7900;2007;2;8;187000;clean;automatic;rwd;full-size;33,3299;-101,7122;67
6985;2007;2;6;108121;clean;other;rwd;full-size;43,122774;-88,52791;45
4500;2004;2;8;92000;clean;automatic;4wd;;42,743104;-71,194839;43
3000;2008;3;8;91000;clean;automatic;rwd;;43,6221;-91,4837;43
3490;1999;3;8;237000;clean;automatic;;;46,450007;-95,12469;43
10990;2007;3;8;99487;clean;automatic;4wd;full-size;44,7851;-88,6036;45
57900;2018;3;8;11286;clean;automatic;4wd;full-size;40,664548;-95,859813;46
8550;2005;3;8;164628;clean;automatic;4wd;mid-size;44,57437;-88,16024;45
5995;2001;3;8;154946;clean;automatic;4wd;;48,9372;-122,4592;50
8995;2007;3;6;172000;clean;automatic;4wd;full-size;40,960481;-81,64764;49
18952;2014;3;6;136858;clean;automatic;4wd;full-size;45,750271;-111,184096;40
27985;2014;3;6;54182;clean;automatic;4wd;mid-size;44,52039;-88,06645;45
2000;1999;2;8;165000;clean;automatic;fwd;;30,329;-81,8176;65
5000;1988;2;8;89600;clean;automatic;rwd;full-size;41,9293;-83,4448;45
1;1997;1;8;247500;clean;automatic;;full-size;26,6281;-82,0182;65
11977;2008;3;8;171488;clean;automatic;4wd;mid-size;44,87313;-87,89568;45
37995;2011;2;8;64719;clean;automatic;4wd;full-size;33,946412;-117,295118;59
3590;2003;2;6;173000;clean;manual;rwd;full-size;29,807156;-85,302662;65
18900;2011;4;8;99488;clean;automatic;4wd;;36,188932;-94,138053;59
12488;2010;2;8;144570;clean;automatic;4wd;full-size;42,892121;-85,665539;45
12990;2008;4;8;123129;clean;automatic;4wd;full-size;38,731803;-90,073678;48
14995;2009;2;8;106448;clean;automatic;4wd;full-size;42,235513;-85,794456;45
5996;2003;2;8;141021;clean;automatic;4wd;full-size;44,602263;-73,16141;44
3500;2000;2;8;217400;clean;automatic;rwd;full-size;37,7719;-97,3175;51
3550;2007;3;6;133000;clean;automatic;rwd;full-size;42,484503;-92,324974;47
1200;1986;1;6;63614;missing;automatic;rwd;full-size;44,373073;-86,010933;45
31990;2018;3;8;17621;clean;automatic;rwd;full-size;43,154559;-75,932436;53
34299;2016;3;6;23632;clean;automatic;4wd;mid-size;43,75891;-87,75358;45
12995;2010;2;8;144073;clean;automatic;4wd;full-size;42,504823;-92,405569;47
15990;2013;3;6;155387;clean;automatic;4wd;;27,2866;-82,477;65
6995;2005;3;8;142000;clean;automatic;rwd;;27,447286;-80,351343;65
3600;2003;3;6;175000;clean;automatic;rwd;full-size;26,6265;-81,9677;65
13995;2008;3;8;105033;clean;automatic;4wd;full-size;43,223552;-77,372473;53
8995;2010;2;8;157000;clean;automatic;4wd;full-size;42,011896;-91,635014;47
13995;2008;3;8;105033;clean;automatic;4wd;full-size;43,223552;-77,372473;53
1;2013;3;8;67808;clean;automatic;4wd;full-size;28,466088;-81,396429;65
28000;2015;4;6;30000;clean;automatic;rwd;;38,943523;-95,258606;51
1400;1990;2;6;150000;clean;automatic;4wd;full-size;43,1392;-115,6963;47
5220;2004;2;8;157000;clean;automatic;4wd;;41,736436;-92,717669;47
2995;1997;1;8;197193;clean;automatic;4wd;full-size;31,119086;-97,737989;67
13890;2011;3;8;142624;clean;automatic;4wd;full-size;43,154434;-75,930891;53
24483;2014;3;8;97215;clean;automatic;4wd;full-size;45,04393;-93,540273;43
6800;2006;2;8;186000;clean;automatic;4wd;full-size;45,3508;-68,5077;44
16850;2013;2;6;105706;clean;automatic;rwd;full-size;32,427868;-86,467649;61
15985;2013;3;6;74692;clean;automatic;rwd;full-size;35,844256;-79,938755;56
22900;2012;2;8;125874;clean;automatic;4wd;full-size;31,316064;-89,437114;61
26900;2013;3;8;95208;clean;automatic;4wd;full-size;36,277213;-80,339822;56
7995;2006;2;8;210539;clean;automatic;4wd;full-size;39,857936;-76,554106;53
6850;2006;2;8;179000;clean;automatic;;;41,908;-83,4719;45
16500;2016;3;8;86090;clean;automatic;rwd;full-size;33,881074;-84,533461;59
5483;2004;2;8;152816;clean;automatic;4wd;full-size;41,46389;-81,7693;49
7500;2008;2;8;145000;clean;automatic;rwd;full-size;32,823886;-115,239452;59
16995;2010;3;8;70816;clean;automatic;4wd;full-size;43,223552;-77,372473;53
12990;2008;4;8;123129;clean;automatic;4wd;full-size;38,731803;-90,073678;48
2400;2001;1;8;256000;clean;automatic;rwd;full-size;39,194059;-95,554876;51
6800;2004;2;8;143600;rebuilt;automatic;4wd;full-size;38,5507;-86,449;48
10497;2005;2;8;111340;clean;automatic;4wd;full-size;40,335245;-76,488033;53
20994;2011;3;6;89127;clean;automatic;4wd;mid-size;44,52039;-88,06645;45
35778;2018;3;6;13;clean;automatic;4wd;;47,830597;-110,662694;40
7500;2010;2;8;190000;clean;automatic;4wd;;36,992564;-91,969471;52
18500;2011;3;6;120900;clean;automatic;4wd;full-size;35,130298;-85,239845;59
1600;1998;2;8;270000;clean;automatic;rwd;full-size;30,2063;-97,7956;67
9491;2006;2;8;172299;clean;automatic;4wd;full-size;41,46389;-81,7693;49
3000;2008;3;8;91000;clean;automatic;rwd;;43,6221;-91,4837;43
21900;2011;2;6;122882;clean;automatic;4wd;full-size;31,316064;-89,437114;61
6800;2008;1;8;193600;clean;automatic;;;32,51779;-93,716845;67
2400;1992;2;6;220000;clean;automatic;rwd;full-size;36,1897;-86,5023;59
16000;2011;3;6;101000;clean;automatic;4wd;full-size;50,00542;-125,246197;
5999;2004;2;8;190000;clean;automatic;rwd;;38,824362;-91,200746;52
31990;2016;3;6;22726;clean;automatic;4wd;full-size;43,154434;-75,934153;53
19999;2013;3;6;84200;clean;automatic;4wd;full-size;40,230107;-81,572658;49
1000;1998;1;8;173000;clean;automatic;rwd;;43,085063;-74,006138;53
3800;2001;2;8;179794;clean;automatic;4wd;full-size;41,2805;-72,8741;51
19700;2015;2;6;142282;clean;automatic;4wd;full-size;42,504823;-92,405569;47
19976;2011;3;6;103311;clean;automatic;4wd;full-size;45,750271;-111,184096;40
7995;2006;2;8;119295;clean;automatic;4wd;full-size;45,5576;-93,2889;43
1400;2000;1;8;270000;clean;automatic;rwd;full-size;48,749;-122,4887;50
19550;2014;2;6;102069;clean;automatic;4wd;full-size;41,680677;-86,126046;48
21900;2015;2;6;149616;clean;automatic;4wd;full-size;31,316064;-89,437114;61
40990;2016;2;8;25440;clean;automatic;4wd;full-size;34,062843;-81,115349;60
5000;2001;2;8;171000;clean;automatic;4wd;;37,288361;-79,743156;55
12488;2010;2;8;144570;clean;automatic;4wd;full-size;42,892121;-85,665539;45
22888;2010;3;8;48745;clean;automatic;4wd;;47,830597;-110,662694;40
26699;2014;3;6;52746;clean;automatic;4wd;mid-size;43,78124;-88,50265;45
31888;2014;3;6;58748;clean;automatic;4wd;;47,830597;-110,662694;40
13995;2009;3;8;146168;clean;automatic;4wd;mid-size;43,05929;-71,44274;43
32482;2016;3;8;38205;clean;automatic;4wd;full-size;41,274884;-95,937209;46
9995;2006;3;8;115500;clean;automatic;rwd;full-size;40,83598;-96,725713;46
23495;2015;3;8;102689;clean;automatic;4wd;full-size;38,671618;-94,36651;52
24347;2012;3;8;93136;clean;automatic;4wd;mid-size;28,03978;-81,94071;65
22995;2012;2;6;40900;clean;automatic;4wd;full-size;35,482265;-120,660756;59
13500;2010;4;8;36137;salvage;automatic;4wd;mid-size;34,9803;-81,9168;60
2750;2001;2;8;192000;clean;automatic;4wd;full-size;41,8736;-71,0192;50
2000;1995;2;8;94500;clean;automatic;4wd;full-size;40,9799;-76,6229;53
31995;2016;3;8;34585;clean;automatic;4wd;full-size;38,671618;-94,36651;52
18950;2013;2;6;115000;clean;automatic;4wd;full-size;36,162987;-94,143275;59
4500;1990;2;8;113419;clean;automatic;rwd;full-size;35,2635;-120,6509;59
12500;2008;3;8;92405;clean;automatic;4wd;;44,4507;-89,5428;45
13500;2010;4;8;121000;clean;automatic;4wd;;40,1077;-75,2796;53
2500;1998;2;8;191924;clean;automatic;4wd;full-size;36,3953;-105,5847;45
5999;2007;2;8;228001;clean;automatic;rwd;full-size;36,644835;-93,218011;52
9995;2008;2;8;123902;clean;automatic;4wd;full-size;39,834179;-75,124291;52
6000;2004;2;8;150000;clean;automatic;4wd;full-size;41,190269;-77,230888;53
9995;2002;3;8;131017;clean;automatic;4wd;full-size;41,781722;-72,533825;51
13800;2011;2;6;126000;clean;automatic;4wd;full-size;39,67;-81,8376;49
3300;2003;3;6;120000;clean;automatic;4wd;full-size;33,6299;-112,1316;71
4700;2000;2;8;127000;clean;automatic;4wd;full-size;43,0814;-96,18;47
2350;2003;2;8;193016;clean;automatic;4wd;full-size;44,861013;-91,647877;45
32853;2018;3;6;20188;clean;automatic;4wd;mid-size;43,78124;-88,50265;45
16950;2013;2;6;80413;clean;automatic;rwd;full-size;33,512633;-86,79777;61
21990;2015;3;6;64000;clean;automatic;rwd;;32,236664;-110,866049;71
37999;2016;3;8;13202;clean;automatic;4wd;mid-size;43,75891;-87,75358;45
26900;2015;3;6;94380;clean;automatic;4wd;full-size;33,066044;-89,593906;61
16788;2014;2;6;127865;clean;automatic;4wd;full-size;42,892121;-85,665539;45
2800;1988;2;6;156123;clean;manual;rwd;full-size;39,4852;-77,8954;52
32990;2011;2;8;91942;clean;automatic;4wd;full-size;34,262801;-84,465092;59
2250;2000;2;6;98000;clean;manual;rwd;;43,2126;-77,704;53
7450;2004;4;8;50425;clean;automatic;rwd;full-size;27,875196;-82,786723;65
19995;2011;2;6;99732;clean;automatic;4wd;full-size;35,916681;-84,075898;59
2000;1996;1;8;300000;clean;automatic;rwd;full-size;34,68353;-112,326193;71
9500;2005;2;8;111500;clean;automatic;4wd;full-size;40,5877;-98,3911;46
13880;2009;3;8;154597;clean;automatic;4wd;mid-size;44,87313;-87,89568;45
450;1999;2;8;240000;clean;automatic;4wd;full-size;41,283378;-72,980691;51
10000;2006;2;8;147000;lien;automatic;4wd;;38,6345;-90,0135;48
24888;2013;3;6;70988;clean;automatic;4wd;;47,830597;-110,662694;40
15986;2011;3;6;134031;clean;automatic;4wd;full-size;45,750271;-111,184096;40
3995;2002;1;8;240000;clean;automatic;4wd;full-size;42,310905;-73,255722;50
7395;2004;3;8;113784;clean;automatic;4wd;full-size;27,873066;-82,786729;65
33900;2017;4;6;29500;clean;automatic;4wd;full-size;45,126836;-85,297852;45
27000;2014;3;6;90000;lien;automatic;4wd;full-size;35,173;-84,6544;59
9850;2005;3;8;213195;clean;automatic;4wd;full-size;36,030812;-80,166818;56
4999;2001;3;8;252336;clean;automatic;4wd;;33,43243;-117,62824;59
12900;2013;3;8;102085;clean;automatic;rwd;mid-size;34,21788;-118,48452;59
3900;2005;2;8;163504;clean;automatic;rwd;full-size;40,9158;-81,1182;49
25000;2016;3;6;19600;clean;automatic;;;34,1227;-118,7573;59
9000;2008;2;8;119360;clean;automatic;4wd;full-size;45,5251;-85,0062;45
16500;2012;3;6;90000;clean;automatic;4wd;full-size;43,030457;-75,061309;53
20750;2011;3;6;91000;clean;automatic;4wd;;42,768779;-87,787949;45
19990;2011;3;8;106777;clean;automatic;4wd;full-size;46,843229;-114,039568;40
28454;2014;3;6;87272;clean;automatic;4wd;;50,045346;-125,269028;
16900;2011;3;8;130000;clean;automatic;4wd;;42,7496;-83,5358;45
32795;2014;3;6;70850;clean;automatic;4wd;mid-size;34,59723;-112,3173;71
39900;2016;2;6;74544;clean;automatic;4wd;full-size;31,316064;-89,437114;61
9888;2005;2;8;119000;clean;automatic;rwd;full-size;30,520244;-89,647288;61
10900;2009;3;8;145158;clean;automatic;4wd;;42,679583;-88,270102;45
49890;2018;4;6;3073;clean;automatic;4wd;;49,204598;-123,139205;
5000;1993;3;8;167000;clean;automatic;4wd;full-size;47,615;-117,704;50
18950;2013;2;6;148677;clean;automatic;4wd;full-size;34,614367;-97,967015;57
25995;2014;3;8;122631;clean;automatic;4wd;;50,045346;-125,269028;
10000;2006;2;8;148000;lien;automatic;4wd;;38,6345;-90,0135;48
7995;2000;3;8;183000;clean;automatic;rwd;full-size;39,363221;-121,686417;59
23195;2014;3;6;65174;clean;automatic;rwd;full-size;28,403792;-80,70522;65
9987;2003;3;8;0;clean;automatic;4wd;full-size;42,355897;-122,865844;50
1495;1999;2;8;216912;clean;automatic;4wd;full-size;41,039547;-81,433337;49
15880;2009;3;8;113826;clean;automatic;4wd;mid-size;44,57437;-88,16024;45
14995;2009;3;8;140149;clean;automatic;4wd;full-size;38,159627;-85,697708;50
49980;2018;4;6;1073;clean;automatic;4wd;;49,204598;-123,139205;
6800;2002;3;6;148000;clean;manual;4wd;;39,1712;-91,8895;52
1000;1984;1;8;92000;clean;automatic;rwd;full-size;37,385162;-79,181213;55
16995;2010;3;8;88402;rebuilt;automatic;4wd;full-size;44,410276;-89,880948;45
7750;2004;3;8;122138;clean;automatic;rwd;full-size;27,875196;-82,786723;65
2700;1999;2;6;114400;clean;automatic;4wd;full-size;42,311;-71,7958;50
1000;1999;1;8;199810;clean;automatic;4wd;;43,6017;-85,4446;45
11345;2007;2;8;159535;clean;automatic;4wd;;50,045346;-125,269028;
32999;2015;4;6;39798;clean;automatic;4wd;compact;38,976487;-88,160859;48
26995;2013;2;8;82485;clean;automatic;4wd;full-size;38,717906;-108,054869;45
24500;2010;4;8;68524;clean;automatic;4wd;full-size;61,166353;-149,847206;29
9000;2005;4;8;125000;clean;automatic;rwd;;30,40762;-87,285406;65
7195;2005;2;8;154118;clean;automatic;4wd;full-size;39,097828;-83,348293;49
2500;1999;2;6;171000;clean;manual;4wd;full-size;34,8937;-81,9228;60
299500;2002;3;8;177000;clean;automatic;;;25,904769;-97,45952;67
13900;2010;2;8;132400;clean;automatic;4wd;;32,790132;-95,45272;67
11977;2008;3;8;171488;clean;automatic;4wd;mid-size;44,87313;-87,89568;45
18990;2011;3;8;128000;clean;automatic;4wd;;46,450007;-95,12469;43
14650;2008;3;8;167381;clean;automatic;4wd;full-size;34,786931;-82,314042;60
10250;2008;4;8;126000;clean;automatic;rwd;full-size;33,967817;-86,024795;61
1;2017;4;6;10500;clean;automatic;rwd;full-size;36,304703;-100,171911;67
19977;2013;3;8;46185;clean;automatic;rwd;full-size;27,848654;-82,690316;65
5000;2005;2;8;230281;clean;automatic;4wd;full-size;37,117021;-93,472333;52
26000;2013;2;6;77637;clean;automatic;4wd;full-size;43,286269;-76,134715;53
34000;2016;3;6;19807;clean;automatic;4wd;mid-size;46,59003;-95,57416;43
1400;1984;2;8;52000;clean;manual;4wd;full-size;40,0739;-105,9285;45
17995;2010;2;8;75063;clean;automatic;4wd;full-size;42,477134;-82,949564;45
12988;2013;2;6;48459;clean;automatic;rwd;full-size;45,553434;-94,231841;43
7450;2007;2;8;138000;clean;automatic;4wd;full-size;43,2196;-77,4616;53
12488;2010;2;8;144570;clean;automatic;4wd;full-size;42,892121;-85,665539;45
6500;2007;3;6;59000;clean;manual;rwd;full-size;42,783043;-86,057625;45
11995;2012;2;6;97530;clean;automatic;;;35,681841;-77,952461;56
49890;2018;4;6;3073;clean;automatic;4wd;;49,204598;-123,139205;
5995;2001;3;8;154946;clean;automatic;4wd;;48,9372;-122,4592;50
11995;2014;2;6;155425;clean;automatic;rwd;full-size;42,477134;-82,949564;45
7600;2007;3;6;105000;clean;automatic;rwd;full-size;34,934943;-81,971208;60
21999;2014;2;6;115405;clean;automatic;4wd;;30,665776;-88,105149;61
13995;2008;3;8;105033;clean;automatic;4wd;full-size;43,223552;-77,372473;53
9550;2006;3;8;168942;clean;automatic;4wd;mid-size;44,87313;-87,89568;45
29245;2014;2;6;79402;clean;automatic;4wd;full-size;38,190152;-94,026215;52
27480;2014;3;6;47301;clean;automatic;4wd;;32,965063;-96,913304;67
10000;2007;2;8;153539;clean;automatic;rwd;;34,464983;-84,419487;59
20770;2012;3;6;118690;clean;automatic;4wd;mid-size;44,57437;-88,16024;45
17850;2012;2;8;108841;clean;automatic;4wd;full-size;35,273684;-93,120968;59
22000;2013;3;6;57000;lien;automatic;4wd;full-size;43,2863;-84,1598;45
23950;2014;3;8;112180;clean;automatic;4wd;full-size;33,279402;-87,087593;61
900;1999;1;8;247000;clean;automatic;rwd;full-size;37,3169;-89,5459;52
1060;2006;3;8;97000;clean;automatic;4wd;full-size;30,2717;-87,7589;61
2500;1998;2;6;196000;clean;automatic;rwd;full-size;33,8786;-79,9852;60
14995;2009;3;8;140149;clean;automatic;4wd;full-size;38,159627;-85,697708;50
53995;2017;3;6;17500;clean;automatic;4wd;;49,172277;-123,076336;
10900;2004;3;8;146000;clean;automatic;4wd;full-size;36,6955;-93,115;52
21495;2013;3;8;64412;rebuilt;automatic;4wd;full-size;44,409554;-89,880342;45
21995;2013;3;8;35589;salvage;automatic;4wd;full-size;42,636892;-85,28473;45
9500;2008;2;8;170579;clean;automatic;4wd;;39,170902;-90,783291;52
1700;1996;1;6;142000;clean;manual;4wd;;44,9765;-85,2265;45
3500;1999;3;8;223000;clean;automatic;4wd;;44,325457;-89,889894;45
17699;2011;3;6;71026;clean;automatic;rwd;mid-size;43,78124;-88,50265;45
20000;2005;4;8;52239;clean;automatic;4wd;full-size;40,789;-76,5588;53
10300;2009;2;8;185000;clean;automatic;4wd;;42,8627;-84,353;45
13988;2013;2;6;48459;clean;automatic;rwd;full-size;45,553434;-94,231841;43
27996;2014;2;8;22918;clean;automatic;4wd;full-size;40,335245;-76,488033;53
3995;2008;2;8;233000;clean;automatic;4wd;full-size;42,011896;-91,635014;47
8500;2009;2;8;165;clean;automatic;rwd;;38,8558;-104,7134;45
21890;2016;3;6;74111;clean;automatic;rwd;full-size;43,154309;-75,932779;53
1;2003;2;8;196000;clean;automatic;4wd;full-size;44,013223;-92,567261;43
12988;2013;2;6;48459;clean;automatic;rwd;full-size;45,553434;-94,231841;43
35890;2016;3;6;73560;clean;automatic;4wd;;49,204598;-123,139205;
17950;2014;2;8;82400;clean;automatic;rwd;full-size;33,512633;-86,79777;61
11995;2009;2;8;140455;clean;automatic;4wd;full-size;42,477134;-82,949564;45
7950;2009;3;8;115000;clean;automatic;rwd;;41,2949;-96,0546;46
2200;1987;2;8;0;clean;automatic;rwd;full-size;31,8513;-81,6072;59
4000;2001;2;8;219270;clean;automatic;rwd;;27,7061;-97,3537;67
11293;2004;2;8;251001;clean;automatic;4wd;;50,045346;-125,269028;
33000;2016;4;6;32000;clean;automatic;4wd;full-size;38,2003;-92,6684;52
10900;2011;4;6;102;rebuilt;automatic;rwd;full-size;27,0478;-82,2416;65
14950;2013;3;6;28782;clean;automatic;rwd;mid-size;42,64387;-84,0733;45
14501;2013;3;8;85032;clean;automatic;4wd;full-size;41,0879;-111,9704;50
4000;1999;2;8;60345;clean;automatic;4wd;full-size;35,87;-83,7495;59
18900;2012;3;8;94000;clean;automatic;4wd;;42,5125;-83,0643;45
15499;2009;3;8;59400;clean;automatic;4wd;;46,989716;-120,537872;50
7000;2001;2;8;156;clean;automatic;rwd;full-size;32,826216;-116,973324;59
30000;2013;3;6;66200;clean;automatic;4wd;full-size;36,4158;-82,6256;59
13995;2003;3;8;163532;clean;automatic;rwd;full-size;34,269937;-118,42667;59
3000;2000;1;8;87021;clean;automatic;4wd;full-size;47,1367;-88,5654;45
10000;2013;2;6;90000;clean;automatic;fwd;full-size;39,590227;-77,864543;52
1700;2000;2;8;226000;clean;automatic;4wd;;42,2442;-88,6074;48
33999;2016;3;6;35517;clean;automatic;4wd;;38,22708;-122,618943;59
43300;2016;3;6;58532;clean;automatic;4wd;mid-size;34,74851;-77,41559;56
7999;2001;3;8;151869;clean;automatic;4wd;full-size;46,553847;-120,475274;50
17995;2014;2;6;122043;clean;automatic;4wd;full-size;42,477134;-82,949564;45
19500;2011;3;6;109000;clean;automatic;rwd;full-size;30,284919;-81,990967;65
18952;2014;3;6;136858;clean;automatic;4wd;full-size;45,750271;-111,184096;40
6450;2005;3;8;171690;clean;automatic;4wd;mid-size;42,64387;-84,0733;45
10900;2004;3;8;146000;clean;automatic;4wd;full-size;36,6955;-93,115;52
21995;2015;2;8;110578;clean;automatic;4wd;full-size;40,004236;-75,035217;52
29959;2013;3;6;50617;clean;automatic;4wd;mid-size;44,52039;-88,06645;45
15999;2006;2;8;86703;clean;automatic;4wd;full-size;38,843335;-104,793839;45
20995;2008;3;8;65527;clean;automatic;4wd;full-size;35,616097;-78,541161;56
7995;2005;4;8;171365;clean;automatic;4wd;full-size;42,570152;-71,771825;50
13950;2011;2;8;146746;clean;automatic;;full-size;38,692648;-82,857744;49
7450;2005;3;8;110112;clean;automatic;4wd;full-size;27,873066;-82,786729;65
9499;2006;3;8;161514;clean;automatic;;full-size;37,609783;-120,995406;59
29494;2013;3;6;88363;clean;automatic;4wd;full-size;44,071509;-123,146439;50
23899;2014;2;6;120278;clean;automatic;4wd;;30,665776;-88,105149;61
22890;2014;3;8;80930;clean;automatic;4wd;full-size;43,154604;-75,930805;53
20697;2010;2;8;46722;clean;automatic;4wd;full-size;40,335245;-76,488033;53
4999;1997;2;8;154162;clean;automatic;rwd;mid-size;43,372639;-124,212531;50
6950;2009;3;8;181722;clean;automatic;4wd;mid-size;42,64387;-84,0733;45
31990;2016;3;6;9470;clean;automatic;4wd;mid-size;43,75891;-87,75358;45
9500;2004;2;8;175000;clean;automatic;4wd;;36,318942;-84,118195;59
1;2005;1;8;230000;clean;automatic;4wd;;42,6129;-72,2924;50
8888;2004;3;8;149347;clean;automatic;4wd;full-size;38,611926;-121,423565;59
600;1997;1;8;141500;clean;automatic;rwd;;36,0557;-96,0602;57
16995;2014;4;8;84000;clean;automatic;rwd;full-size;31,615281;-97,108939;67
7000;1992;3;6;39000;clean;automatic;;;43,0348;-83,5268;45
19000;2015;3;6;34000;rebuilt;automatic;;;29,742;-95,3073;67
1800;1994;3;8;170;clean;automatic;rwd;full-size;41,417577;-72,745824;51
12995;2010;3;8;96121;clean;automatic;rwd;mid-size;44,52039;-88,06645;45
24500;2010;4;8;68524;clean;automatic;4wd;full-size;61,124559;-149,909995;29
3400;2004;2;8;199657;clean;automatic;4wd;;43,16109;-77,309761;53
34299;2016;3;6;23632;clean;automatic;4wd;mid-size;43,75891;-87,75358;45
9995;2009;4;8;135443;clean;automatic;;;34,846337;-82,459143;60
23900;2015;3;6;117289;clean;automatic;4wd;mid-size;43,61176;-84,75844;45
17988;2013;2;6;130480;clean;automatic;4wd;full-size;36,137597;-86,761799;59
12488;2010;3;8;27162;clean;automatic;rwd;mid-size;29,65188;-95,56775;67
15499;2013;2;8;53641;clean;automatic;4wd;full-size;47,5098;-111,2734;40
1800;1989;2;8;240000;clean;automatic;rwd;full-size;52,9843;-122,500655;
13950;2013;3;8;138342;clean;automatic;4wd;full-size;38,759104;-94,825487;51
3700;2002;1;8;210000;clean;automatic;4wd;full-size;44,5463;-88,1021;45
30995;2016;3;6;37116;clean;automatic;4wd;full-size;38,671618;-94,36651;52
19950;2014;3;6;91383;clean;automatic;4wd;;43,223605;-76,802231;53
32995;2016;3;8;40403;clean;automatic;4wd;full-size;38,671618;-94,36651;52
13500;2009;3;6;90629;lien;automatic;;;31,8287;-99,427;67
7500;2004;2;8;183000;clean;automatic;rwd;full-size;35,645438;-88,851003;59
6500;2011;4;8;155000;clean;automatic;rwd;sub-compact;32,9185;-96,6775;67
24595;2013;3;6;95891;clean;automatic;4wd;full-size;42,701772;-89,008858;45
11950;2007;3;8;77533;clean;automatic;4wd;full-size;37,286501;-80,056719;55
19770;2014;3;6;137774;clean;automatic;4wd;mid-size;44,57437;-88,16024;45
15950;2012;2;6;96243;clean;automatic;4wd;full-size;38,692648;-82,857744;49
6900;2007;3;6;139079;clean;automatic;rwd;full-size;29,673984;-95,270656;67
18499;2015;3;6;77004;clean;automatic;rwd;full-size;39,829891;-75,125281;52
42000;2016;3;6;36300;clean;automatic;4wd;full-size;39,626545;-106,072912;45
9660;2006;3;8;179931;clean;automatic;4wd;mid-size;44,87313;-87,89568;45
28900;2013;3;8;95208;clean;automatic;4wd;full-size;36,277213;-80,339822;56
16995;2010;2;8;169161;clean;automatic;4wd;;35,806558;-81,428688;56
20770;2012;3;6;118690;clean;automatic;4wd;mid-size;44,57437;-88,16024;45
1800;1997;1;8;224000;clean;automatic;rwd;mid-size;38,593367;-92,271423;52
4000;1978;2;8;94030;clean;automatic;rwd;full-size;41,382884;-73,074017;51
8995;2006;3;8;115500;clean;automatic;rwd;full-size;38,951674;-92,332541;52
7499;2005;3;8;127806;clean;automatic;;full-size;27,873066;-82,786729;65
20660;2014;3;6;106855;clean;automatic;4wd;mid-size;44,57437;-88,16024;45
23950;2014;3;8;79350;clean;automatic;4wd;full-size;33,277106;-87,091198;61
10998;2008;2;8;134838;clean;automatic;rwd;full-size;39,413087;-81,448684;49
22890;2014;3;8;80930;clean;automatic;4wd;full-size;43,154058;-75,931234;53
31995;2014;3;6;50625;clean;automatic;4wd;mid-size;34,59723;-112,3173;71
3300;2006;2;6;180;clean;automatic;rwd;full-size;39,6224;-86,149;48
17990;2010;3;8;129000;clean;automatic;4wd;;46,450007;-95,12469;43
5500;2005;4;8;141569;clean;automatic;4wd;full-size;40,863533;-74,097087;52
6950;2011;2;6;169257;clean;automatic;rwd;full-size;38,692648;-82,857744;49
350;2000;1;6;131536;clean;manual;4wd;full-size;41,9697;-74,0668;53
9995;2008;3;8;93000;clean;automatic;rwd;full-size;32,207754;-110,890427;71
8950;2010;2;8;168260;clean;automatic;4wd;;40,120838;-77,028586;53
5650;2002;2;8;176733;clean;automatic;4wd;full-size;41,875262;-84,018623;45
19977;2015;3;6;80941;clean;automatic;rwd;full-size;27,848654;-82,690316;65
13300;2012;3;6;105000;clean;automatic;4wd;full-size;45,8768;-95,1332;43
21000;2013;3;6;75000;clean;automatic;4wd;full-size;41,8967;-93,4001;47
4200;2004;2;8;191000;clean;automatic;4wd;full-size;38,4604;-78,1572;55
26500;2014;3;6;43848;clean;automatic;4wd;mid-size;46,59003;-95,57416;43
16013;2008;3;8;109381;clean;automatic;4wd;mid-size;44,52039;-88,06645;45
14500;2010;3;8;72000;clean;automatic;4wd;full-size;40,7446;-73,9345;53
18888;2010;3;8;85811;clean;automatic;4wd;;47,830597;-110,662694;40
7950;2007;2;8;142806;clean;automatic;4wd;full-size;44,861013;-91,647877;45
34999;2016;4;8;7250;clean;automatic;4wd;;25,798114;-100,456297;
5800;2006;3;6;112413;clean;automatic;rwd;full-size;28,079232;-80,674959;65
2100;1995;1;8;56000;clean;automatic;4wd;full-size;32,5137;-93,6404;67
10300;2008;2;8;163000;lien;automatic;4wd;full-size;39,490623;-74,558727;52
6987;2001;3;8;177818;clean;automatic;4wd;full-size;44,634426;-123,085706;50
27550;2011;3;8;46096;clean;automatic;4wd;mid-size;43,75891;-87,75358;45
19995;2012;3;6;134561;clean;automatic;4wd;full-size;45,132961;-94,527802;43
12900;2012;3;8;176000;clean;automatic;;;32,250385;-110,971939;71
21995;2013;2;6;107739;clean;automatic;fwd;full-size;41,686718;-86,012028;48
13988;2011;2;6;146699;clean;automatic;4wd;full-size;42,892121;-85,665539;45
1200;1994;2;6;164273;clean;manual;rwd;full-size;44,7894;-85,4884;45
5000;2007;1;8;220700;clean;automatic;4wd;full-size;43,548846;-96,790914;38
27480;2014;3;6;47301;clean;automatic;4wd;mid-size;32,965063;-96,913304;67
9500;1976;2;8;65894;clean;automatic;rwd;full-size;30,551883;-91,044731;67
14900;2014;3;8;63745;clean;automatic;rwd;full-size;36,277213;-80,339822;56
26950;2014;2;8;69659;clean;automatic;4wd;full-size;33,512633;-86,79777;61
2900;1997;2;8;258198;clean;automatic;4wd;;36,918014;-94,275825;52
59995;2017;2;6;24737;clean;automatic;4wd;full-size;42,504823;-92,405569;47
21480;2013;3;8;64412;rebuilt;automatic;4wd;full-size;44,409843;-89,881957;45
3900;2000;2;8;280000;clean;automatic;rwd;mid-size;33,621;-117,9321;59
12995;2008;3;8;108477;clean;automatic;4wd;full-size;45,004501;-90,317059;45
11500;2008;2;8;99040;lien;automatic;4wd;full-size;38,0995;-78,4085;55
22299;2013;2;8;56500;clean;automatic;4wd;full-size;35,590431;-77,014881;56
1300;1990;3;8;156335;clean;automatic;rwd;full-size;44,7692;-123,339185;50
9990;2007;3;8;170000;clean;automatic;;;46,450007;-95,12469;43
5495;2006;2;6;175000;clean;automatic;rwd;full-size;37,13284;-95,78558;51
35778;2018;3;6;13;clean;automatic;4wd;;47,830597;-110,662694;40
6999;1998;3;8;180261;clean;automatic;4wd;full-size;42,42807;-123,330875;50
36900;2015;3;6;42509;clean;automatic;rwd;;32,3224;-106,8041;45
1500;1997;2;6;205000;clean;manual;;;34,3449;-86,2752;61
7488;2010;2;8;103470;clean;automatic;rwd;full-size;28,665045;-82,111604;65
27000;2012;3;8;31250;clean;automatic;4wd;full-size;41,634586;-71,00408;50
49890;2018;4;6;3073;clean;automatic;4wd;;49,204598;-123,139205;
15250;2013;3;6;70332;clean;automatic;rwd;full-size;30,421564;-87,25144;65
4500;2005;3;8;190000;clean;automatic;;full-size;33,561423;-101,856411;67
21495;2013;3;8;64412;rebuilt;automatic;4wd;full-size;44,409843;-89,881957;45
4500;1998;1;8;126700;clean;manual;rwd;full-size;37,099509;-85,316384;50
32995;2014;3;6;89367;clean;automatic;4wd;full-size;31,732124;-106,364833;67
999;2003;2;8;150000;clean;automatic;rwd;;41,3805;-83,3358;49
35000;2015;3;8;37000;clean;automatic;4wd;full-size;45,8817;-95,382;43
35000;2016;4;6;18000;lien;automatic;4wd;;41,4724;-74,0566;53
1;2014;2;6;109779;clean;automatic;4wd;full-size;38,172315;-85,711007;50
13900;2005;3;8;99900;clean;automatic;4wd;full-size;36,6218;-79,4124;55
25990;2013;3;8;37419;clean;automatic;4wd;mid-size;43,75891;-87,75358;45
11000;2007;2;8;152000;clean;automatic;4wd;full-size;37,668946;-92,643111;52
13991;2013;2;6;103387;clean;automatic;4wd;full-size;37,650441;-97,335104;51
36500;2015;3;6;36378;clean;automatic;4wd;mid-size;43,78124;-88,50265;45
9995;2007;2;8;177415;clean;other;4wd;full-size;45,049163;-93,035945;43
7600;2006;2;8;134988;clean;automatic;rwd;;35,334;-97,4768;57
39900;2016;2;8;29363;clean;automatic;rwd;full-size;31,316064;-89,437114;61
7977;2005;2;8;159323;clean;automatic;4wd;full-size;42,345504;-88,269936;48
17499;2015;3;6;77004;clean;automatic;rwd;full-size;39,829891;-75,125281;52
1;1987;1;8;73500;clean;automatic;4wd;full-size;40,547;-122,34;59
8600;2004;2;8;93000;clean;automatic;rwd;full-size;36,7103;-121,6438;59
15950;2014;2;8;122545;clean;automatic;4wd;full-size;38,692648;-82,857744;49
28995;2014;3;6;136873;clean;automatic;4wd;full-size;31,732124;-106,364833;67
7250;2007;3;8;121434;clean;automatic;rwd;full-size;27,875196;-82,786723;65
18;2014;3;8;115;clean;automatic;4wd;;35,658523;-105,956182;45
8950;2010;2;8;168260;clean;automatic;4wd;;40,120838;-77,028586;53
5900;2003;3;8;142000;clean;automatic;4wd;full-size;42,3542;-88,2294;48
19999;2011;2;6;81281;clean;automatic;4wd;full-size;38,976487;-88,160859;48
28500;2016;3;6;32000;clean;automatic;rwd;full-size;33,3782;-111,6406;71
23500;2013;2;8;116000;clean;automatic;4wd;full-size;30,2971;-97,8181;67
10900;2010;3;8;0;clean;automatic;4wd;full-size;32,252974;-110,97871;71
37998;2017;3;6;41067;clean;automatic;4wd;full-size;49,184885;-122,801111;
15000;2013;2;8;70000;lien;automatic;4wd;full-size;60,1329;-149,3985;29
27299;2015;3;6;56128;clean;automatic;4wd;mid-size;43,78124;-88,50265;45
13999;2009;2;8;148593;clean;automatic;4wd;full-size;35,56523;-97,563402;57
19;2014;3;8;115;clean;automatic;4wd;;35,709723;-105,950775;45
20950;2012;2;6;135480;clean;automatic;4wd;full-size;30,649625;-88,127994;61
7500;2002;3;8;122000;clean;automatic;4wd;;41,3914;-75,6657;53
10000;2013;2;6;90000;clean;automatic;fwd;full-size;39,590227;-77,864543;52
7450;2007;3;8;143074;clean;automatic;4wd;mid-size;42,64387;-84,0733;45
10900;2010;3;8;240000;clean;automatic;4wd;full-size;49,217509;-122,566461;
4000;2006;2;8;187000;clean;automatic;rwd;full-size;30,4224;-97,7967;67
6300;2006;2;8;193700;clean;automatic;4wd;full-size;31,7677;-106,3016;67
16990;2008;3;8;79000;clean;automatic;;;46,450007;-95,12469;43
43900;2018;3;8;1000;clean;automatic;;full-size;42,484503;-92,324974;47
2700;1997;2;8;170000;clean;automatic;rwd;;48,431363;-122,405378;50
7700;2007;2;8;123000;clean;automatic;rwd;full-size;43,270118;-86,252068;45
31225;2016;3;8;56202;clean;automatic;4wd;mid-size;43,75891;-87,75358;45
37995;2015;3;6;48800;clean;automatic;4wd;;47,830597;-110,662694;40
26797;2011;3;8;46096;clean;automatic;4wd;mid-size;43,75891;-87,75358;45
25469;2014;2;8;122725;clean;automatic;4wd;full-size;31,607642;-89,196805;61
21900;2012;4;4;95200;clean;automatic;4wd;full-size;43,651753;-94,45321;43
5950;2004;4;8;176205;clean;automatic;;full-size;38,220529;-90,384202;52
7499;2007;2;8;82115;clean;automatic;rwd;full-size;39,10308;-80,159391;52
6900;2001;2;8;142000;clean;automatic;4wd;full-size;44,9545;-92,0752;45
4000;1999;2;8;172000;clean;manual;rwd;full-size;31,7677;-106,3016;67
2500;1995;2;8;131;clean;automatic;rwd;full-size;30,4752;-87,6992;61
3000;1993;2;8;153000;clean;automatic;rwd;;35,435859;-77,660985;56
11900;1990;2;8;10000;clean;automatic;4wd;full-size;39,657411;-91,734208;52
17995;2012;3;8;107000;clean;automatic;4wd;full-size;32,25;-110,8869;71
24999;2011;4;8;67000;clean;automatic;4wd;full-size;42,868175;-85,862086;45
15995;2010;3;8;90260;clean;automatic;4wd;full-size;43,223552;-77,372473;53
16990;2010;3;8;73285;clean;automatic;4wd;full-size;43,204762;-75,440834;53
2150;1993;2;6;176000;clean;manual;rwd;full-size;37,3489;-120,6028;59
2995;2004;1;8;248266;clean;automatic;4wd;full-size;41,683682;-69,996514;50
350;1994;0;8;210000;clean;manual;4wd;;39,078359;-95,666034;51
14990;2010;3;8;150877;clean;automatic;4wd;full-size;44,7851;-88,6036;45
35778;2018;3;6;13;clean;automatic;4wd;;47,830597;-110,662694;40
18950;2010;3;8;145278;clean;automatic;4wd;full-size;37,286501;-80,056719;55
6995;2003;3;8;167662;clean;automatic;4wd;full-size;45,518031;-122,578752;50
8995;2003;3;8;105823;clean;automatic;4wd;full-size;41,781722;-72,533825;51
16500;2013;3;8;125500;clean;automatic;4wd;;34,956655;-86,419672;61
17699;2011;3;6;71026;clean;automatic;rwd;mid-size;43,78124;-88,50265;45
32995;2016;3;8;25711;clean;automatic;4wd;full-size;38,671618;-94,36651;52
10900;2010;2;8;170000;clean;automatic;4wd;full-size;46,8936;-102,0367;38
9500;2007;4;8;197450;clean;automatic;4wd;;37,175882;-94,319524;52
18950;2010;3;8;145278;clean;automatic;4wd;full-size;37,286501;-80,056719;55
28787;2016;4;6;103356;clean;automatic;4wd;full-size;32,18182;-90,137611;61
27850;2013;3;6;60852;clean;automatic;4wd;full-size;47,830597;-110,662694;40
5000;1994;4;8;86000;clean;automatic;4wd;;40,5616;-79,7129;53
12995;2008;4;8;101420;clean;automatic;4wd;full-size;61,166252;-149,857916;29
36500;2017;3;6;45000;lien;automatic;4wd;full-size;44,0296;-84,4968;45
7500;2006;3;8;219918;clean;automatic;4wd;full-size;35,872198;-80,156966;56
3900;2006;2;8;233000;clean;automatic;rwd;full-size;35,881357;-80,100972;56
10900;2010;3;8;0;clean;automatic;4wd;full-size;32,252974;-110,97871;71
1995;2001;2;6;192000;clean;automatic;rwd;;30,0377;-95,5326;67
28999;2013;3;6;88485;clean;automatic;4wd;full-size;35,839694;-86,387087;59
12900;2010;4;8;36137;salvage;automatic;4wd;mid-size;34,9803;-81,9168;60
7250;2007;3;8;121434;clean;automatic;rwd;full-size;27,873066;-82,786729;65
1250;1987;2;8;126000;clean;automatic;rwd;full-size;48,749;-122,4887;50
19998;2012;2;8;95340;clean;automatic;4wd;full-size;42,3899;-122,9222;50
14995;2010;2;8;136000;clean;automatic;rwd;full-size;33,946412;-117,295118;59
15950;2014;2;8;122545;clean;automatic;4wd;full-size;38,692648;-82,857744;49
9995;1994;2;8;178785;clean;automatic;rwd;full-size;34,947213;-89,440953;61
26000;2015;4;8;45000;clean;automatic;rwd;full-size;42,26066;-84,403866;45
14750;2009;3;8;112620;clean;automatic;4wd;;42,665448;-91,913878;47
20900;2013;3;6;104953;clean;automatic;4wd;full-size;28,35742;-80,695708;65
14950;2014;2;8;139325;clean;other;4wd;full-size;38,692648;-82,857744;49
500;1999;1;6;250000;clean;automatic;rwd;full-size;44,4993;-69,9903;44
45500;2015;3;8;36225;clean;automatic;4wd;full-size;38,496277;-90,16539;48
6800;2007;2;8;125000;clean;automatic;4wd;full-size;44,486728;-73,191558;44
28500;2017;4;6;24000;clean;automatic;4wd;full-size;43,2291;-77,3088;53
7500;2010;2;8;142774;clean;automatic;4wd;full-size;28,079232;-80,674959;65
6451;1996;4;8;129000;clean;automatic;rwd;full-size;39,753467;-84,111044;49
10995;2004;3;8;102000;clean;automatic;4wd;full-size;39,814484;-76,992882;53
29995;2012;3;8;164621;clean;automatic;4wd;;40,007891;-104,818353;45
6000;2005;3;8;161000;clean;automatic;4wd;full-size;45,7862;-87,9047;45
3500;1991;2;8;140;clean;automatic;4wd;full-size;34,277845;-87,828794;61
17995;2012;2;6;125325;clean;automatic;rwd;full-size;35,661076;-78,703988;56
9995;2004;3;8;149347;clean;automatic;4wd;full-size;38,611926;-121,423565;59
16995;2012;2;8;85461;clean;automatic;4wd;full-size;44,688806;-90,20024;45
11995;2006;3;8;121978;clean;automatic;rwd;full-size;38,159627;-85,697708;50
3995;2000;2;8;124860;clean;automatic;rwd;full-size;39,715206;-84,124328;49
3000;2005;2;8;120000;clean;automatic;;;32,3301;-80,8435;60
26400;2014;3;6;67630;clean;automatic;4wd;full-size;38,584848;-89,985587;48
21795;2015;2;6;103217;clean;automatic;4wd;full-size;35,796126;-78,554108;56
7500;2002;3;8;122000;clean;automatic;4wd;;41,3914;-75,6657;53
10995;2007;3;8;64000;clean;automatic;4wd;full-size;41,9296;-71,3009;50
11990;2007;3;8;157691;clean;automatic;4wd;full-size;44,7851;-88,6036;45
2500;1999;2;8;216000;clean;automatic;4wd;full-size;42,9295;-89,387;45
12000;2006;3;8;120000;clean;automatic;4wd;full-size;40,585249;-122,364055;59
6500;2007;2;8;148000;clean;automatic;rwd;full-size;37,118052;-93,480523;52
3750;1998;3;8;50000;clean;automatic;rwd;full-size;41,581916;-81,564558;49
1000;2001;1;8;37000;clean;automatic;4wd;full-size;44,411053;-74,091282;53
1500;2002;1;8;256000;rebuilt;automatic;4wd;full-size;38,3249;-83,0007;50
5950;2002;3;8;188988;clean;automatic;4wd;;42,64387;-84,0733;45
6950;2004;4;8;50425;clean;automatic;rwd;full-size;27,872735;-82,787042;65
1000;1991;2;8;104000;clean;automatic;4wd;full-size;42,4182;-90,4195;48
39900;2016;2;8;29363;clean;automatic;rwd;full-size;31,316064;-89,437114;61
36500;2016;3;8;39980;clean;automatic;rwd;full-size;30,2077;-92,0656;67
17990;2010;3;8;129000;clean;automatic;4wd;;46,450007;-95,12469;43
2750;2005;2;8;230130;clean;automatic;4wd;full-size;45,014241;-93,220779;43
8200;2006;3;8;161000;clean;automatic;4wd;;47,143;-122,1644;50
11995;2006;3;8;121978;clean;automatic;rwd;full-size;38,159627;-85,697708;50
13700;2006;3;8;82000;clean;automatic;4wd;full-size;44,815765;-93,21313;43
7600;2008;2;8;190000;clean;automatic;4wd;full-size;40,835839;-81,131973;49
7995;2007;2;8;131133;clean;automatic;rwd;;32,195597;-110,874466;71
7500;2002;3;8;122000;clean;automatic;4wd;;41,3914;-75,6657;53
17950;2012;3;8;115212;clean;automatic;4wd;full-size;42,944251;-83,730441;45
18625;2010;2;8;197338;clean;automatic;4wd;full-size;40,1779;-105,1009;45
24750;2017;4;6;40000;clean;automatic;rwd;full-size;32,4671;-90,1087;61
2000;1994;2;6;247000;clean;automatic;rwd;;33,028;-80,1739;60
21890;2016;3;6;46203;clean;automatic;rwd;full-size;43,154559;-75,931234;53
11995;2008;2;8;73000;clean;automatic;4wd;full-size;42,728;-71,181;50
6863;2004;2;8;139423;clean;automatic;4wd;full-size;40,8965;-75,367;53
26987;2015;3;6;95400;clean;automatic;4wd;full-size;37,911918;-84,559276;50
39900;2016;2;6;74544;clean;automatic;4wd;full-size;31,316064;-89,437114;61
2900;2003;3;6;59707;salvage;manual;rwd;full-size;25,90552;-97,473786;67
35778;2018;3;6;13;clean;automatic;4wd;;47,830597;-110,662694;40
35976;2016;3;6;22375;clean;automatic;4wd;mid-size;43,75891;-87,75358;45
14000;2012;2;6;187000;clean;automatic;4wd;;39,1329;-95,7023;51
19500;2011;3;8;110205;clean;automatic;rwd;full-size;35,4858;-80,794;56
16900;2010;2;8;90000;clean;automatic;4wd;;43,328024;-96,767406;38
26566;2014;3;8;61000;clean;automatic;4wd;full-size;39,626529;-106,072891;45
11999;2008;3;8;113589;clean;automatic;rwd;full-size;37,609783;-120,995406;59
10000;2008;2;8;154042;clean;automatic;4wd;full-size;40,902588;-81,150479;49
34855;2016;2;8;15829;clean;automatic;4wd;full-size;43,078373;-92,317804;47
18995;2010;2;8;113256;clean;automatic;4wd;full-size;39,733601;-94,828925;52
30900;2015;3;6;59487;clean;automatic;4wd;full-size;32,26305;-95,306761;67
11995;2009;3;8;135702;clean;automatic;rwd;full-size;38,159627;-85,697708;50
8900;2005;2;8;169000;clean;automatic;4wd;;36,2017;-81,1286;56
1000;2003;1;8;133000;clean;automatic;4wd;;44,4949;-73,1874;44
1900;1997;2;8;182000;clean;automatic;4wd;full-size;44,8718;-91,9265;45
20995;2010;3;8;128836;clean;automatic;4wd;full-size;38,588302;-89,923783;48
24988;2012;4;6;85572;clean;automatic;4wd;full-size;30,457626;-84,347076;65
17998;2008;3;8;109381;clean;automatic;4wd;mid-size;44,52039;-88,06645;45
3800;1996;2;6;160000;clean;manual;4wd;;46,873453;-113,936771;40
34995;2015;3;6;63373;clean;automatic;4wd;full-size;45,832707;-95,388536;43
6995;1996;2;8;151170;clean;manual;4wd;full-size;33,27424;-86,810883;61
10000;2002;4;8;120100;clean;automatic;;full-size;30,4564;-87,2104;65
19900;2012;4;8;121296;clean;automatic;;;36,189061;-94,13787;59
9395;2011;2;8;192145;clean;automatic;4wd;full-size;39,073454;-95,664519;51
9900;2005;3;8;0;clean;automatic;4wd;full-size;32,252974;-110,97871;71
14995;2009;3;8;136101;clean;automatic;4wd;full-size;38,159627;-85,697708;50
23800;2014;3;8;93580;clean;automatic;4wd;full-size;33,066044;-89,593906;61
13500;2007;2;8;250150;clean;automatic;4wd;full-size;44,1078;-92,4053;43
5500;2005;3;8;196000;clean;automatic;;full-size;33,561137;-101,856239;67
17800;2011;3;8;142500;clean;automatic;4wd;full-size;30,18235;-97,971954;67
2000;1990;2;8;158000;clean;manual;fwd;full-size;39,7848;-88,0001;48
16900;2011;2;8;131146;clean;automatic;4wd;full-size;38,837468;-104,791342;45
20995;2013;3;6;112940;clean;automatic;4wd;full-size;38,671618;-94,36651;52
13500;2011;3;6;110450;clean;automatic;rwd;full-size;34,8854;-89,6763;61
23800;2014;3;8;93580;clean;automatic;4wd;full-size;33,066044;-89,593906;61
16995;2012;2;8;85461;clean;automatic;4wd;full-size;44,688806;-90,20024;45
17900;2014;3;8;63745;clean;automatic;rwd;full-size;36,277213;-80,339822;56
7995;2004;2;8;128153;clean;automatic;4wd;full-size;41,686718;-86,012028;48
18500;2012;3;8;57000;rebuilt;automatic;4wd;full-size;40,254049;-76,035991;53
5995;2000;2;8;121222;clean;automatic;rwd;full-size;42,952265;-87,879726;45
11995;2012;2;8;210042;clean;automatic;4wd;full-size;42,03519;-91,559347;47
18990;2011;3;8;128000;clean;automatic;4wd;;46,450007;-95,12469;43
2500;1999;2;8;240000;clean;automatic;rwd;;38,732052;-89,855311;48
1800;2002;2;8;214500;clean;automatic;4wd;full-size;36,604332;-121,889319;59
25965;2015;3;6;134353;clean;automatic;4wd;full-size;33,843197;-87,248745;61
9988;2009;2;8;122504;clean;automatic;rwd;full-size;29,918372;-81,325107;65
22888;2010;3;8;48745;clean;automatic;4wd;;47,830597;-110,662694;40
7900;2005;3;8;123000;clean;automatic;4wd;full-size;42,484503;-92,324974;47
5500;2004;3;8;235983;clean;automatic;rwd;;38,88358;-94,79383;51
13995;2007;3;8;154569;clean;automatic;4wd;full-size;36,694016;-79,89585;55
27439;2016;3;6;55037;clean;automatic;rwd;mid-size;27,15356;-80,21936;65
30995;2016;3;8;41503;clean;automatic;4wd;full-size;38,671618;-94,36651;52
2000;1977;2;8;23489;clean;automatic;4wd;full-size;38,9268;-78,1796;55
15500;2011;3;8;88155;clean;automatic;4wd;full-size;37,520556;-122,286841;59
21551;2012;3;6;108756;clean;automatic;4wd;full-size;43,97368;-88,583361;45
16999;2013;2;6;86039;clean;automatic;4wd;full-size;40,688186;-89,683674;48
6500;2002;3;8;173;rebuilt;automatic;4wd;full-size;47,7374;-117,4352;50
14995;2010;3;8;120715;clean;automatic;4wd;full-size;43,223552;-77,372473;53
20500;2010;4;8;135477;clean;automatic;4wd;;38,719242;-104,818497;45
29995;2016;3;6;22726;clean;automatic;4wd;full-size;43,154434;-75,934324;53
40990;2013;3;8;45329;clean;automatic;4wd;mid-size;43,75891;-87,75358;45
12995;2014;2;6;155425;clean;automatic;rwd;full-size;42,477134;-82,949564;45
9990;2012;2;8;127501;clean;automatic;rwd;full-size;40,468826;-74,281734;52
3500;1999;2;8;165000;clean;automatic;4wd;full-size;40,608091;-75,365926;53
29995;2012;3;8;164621;clean;automatic;4wd;;39,368811;-104,860535;45
22000;2015;3;8;36000;rebuilt;automatic;4wd;full-size;43,6013;-84,7736;45
17880;2010;3;8;130338;clean;automatic;4wd;mid-size;44,57437;-88,16024;45
39999;2016;3;6;23667;clean;automatic;4wd;;47,830597;-110,662694;40
1500;1985;2;6;53000;clean;automatic;rwd;;64,878089;-148,214529;29
42890;2017;3;6;13615;clean;automatic;4wd;;49,204598;-123,139205;
3900;2006;2;8;233000;clean;automatic;rwd;full-size;35,881357;-80,100972;56
10900;2011;2;8;160000;clean;automatic;4wd;full-size;43,1406;-93,385;47
24077;2012;3;6;98462;clean;automatic;4wd;mid-size;34,25343;-77,85125;56
11000;2008;3;8;180000;clean;automatic;rwd;full-size;36,144;-80,2376;56
10999;2008;3;8;132614;clean;automatic;4wd;mid-size;43,78124;-88,50265;45
1500;1998;2;6;195000;clean;manual;rwd;full-size;35,8082;-82,9005;56
14995;2010;3;8;80246;clean;automatic;4wd;full-size;43,223552;-77,372473;53
21795;2015;2;6;103217;clean;automatic;4wd;full-size;35,796126;-78,554108;56
21990;2014;3;8;96079;clean;automatic;4wd;full-size;43,154309;-75,930719;53
13300;2013;3;8;102085;clean;automatic;rwd;mid-size;34,21788;-118,48452;59
9900;2008;2;8;178526;clean;automatic;rwd;full-size;31,217814;-82,357716;59
11995;2013;3;8;127124;clean;automatic;4wd;full-size;32,895161;-96,894589;67
23988;2013;4;8;82665;clean;automatic;4wd;;30,457573;-84,347191;65
9500;2005;4;8;88000;clean;automatic;4wd;full-size;37,8642;-82,3741;52
6395;1997;3;8;135000;clean;automatic;4wd;;35,326027;-81,916783;56
700;1995;1;8;240000;clean;automatic;rwd;full-size;64,761472;-147,284208;29
4900;2004;3;8;119000;rebuilt;automatic;rwd;;26,1951;-97,689;67
9995;2008;2;8;118908;clean;automatic;rwd;;37,637112;-122,054679;59
1;2011;3;10;64984;clean;other;4wd;full-size;28,466088;-81,396429;65
26000;2015;4;8;45000;clean;automatic;rwd;full-size;42,26066;-84,403866;45
22000;2011;3;6;35000;clean;automatic;rwd;full-size;35,690415;-88,888707;59
28000;2015;4;6;61000;clean;automatic;;;43,6453;-85,0046;45
12488;2010;2;8;144570;clean;automatic;4wd;full-size;42,892121;-85,665539;45
20995;2011;3;6;148128;clean;automatic;4wd;full-size;35,616097;-78,541161;56
4995;2007;2;8;169076;clean;automatic;rwd;full-size;42,952265;-87,879726;45
25880;2014;3;6;104226;clean;automatic;4wd;mid-size;44,57437;-88,16024;45
21890;2016;3;6;74111;clean;automatic;rwd;full-size;43,154309;-75,932779;53
24995;2014;3;8;106588;clean;automatic;4wd;mid-size;34,59723;-112,3173;71
2400;1992;2;8;163000;clean;automatic;rwd;full-size;28,0313;-80,5995;65
25495;2014;3;8;39200;clean;automatic;fwd;full-size;41,859415;-86,390437;45
38995;2012;3;8;70274;clean;automatic;4wd;full-size;38,611926;-121,423565;59
7095;2011;2;6;189975;clean;automatic;;full-size;39,073454;-95,664519;51
9491;2006;2;8;172299;clean;automatic;4wd;full-size;41,46389;-81,7693;49
11995;2006;3;8;144388;clean;automatic;4wd;full-size;38,159627;-85,697708;50
6400;2008;2;6;137431;clean;automatic;rwd;full-size;38,521585;-90,012054;48
32000;2016;3;8;51900;lien;automatic;4wd;;39,3701;-78,0242;52
26500;2014;3;6;43848;clean;automatic;4wd;mid-size;46,59003;-95,57416;43
30595;2015;3;8;20478;clean;automatic;4wd;mid-size;42,58998;-83,03095;45
9250;2011;3;8;173000;clean;automatic;4wd;full-size;43,3047;-96,4363;47
4000;1999;2;8;169000;clean;automatic;fwd;;34,269497;-119,204166;59
12990;2008;4;8;123129;clean;automatic;4wd;full-size;38,731803;-90,073678;48
1550;2004;2;8;156000;clean;automatic;4wd;full-size;37,1484;-91,6828;52
17000;2010;2;8;81128;clean;automatic;4wd;full-size;40,902588;-81,150479;49
5483;2004;2;8;152816;clean;automatic;4wd;full-size;41,46389;-81,7693;49
19700;2011;3;8;143000;clean;automatic;4wd;full-size;30,180421;-97,971611;67
10995;2006;3;8;125000;clean;automatic;;;28,7168;-81,4126;65
17550;2010;3;8;67486;clean;automatic;4wd;full-size;43,204762;-75,440834;53
12000;2007;3;8;129;clean;automatic;4wd;;44,030479;-121,31525;50
32626;2016;3;6;20963;clean;automatic;4wd;;43,852883;-88,855927;45
6500;2002;3;8;168000;clean;automatic;rwd;full-size;31,990858;-81,055416;59
6999;2001;2;8;227663;clean;automatic;4wd;full-size;38,298165;-104,612546;45
17967;2011;3;6;59000;clean;automatic;rwd;full-size;35,848;-78,6317;56
8995;2005;2;8;187484;clean;automatic;4wd;;35,148916;-89,922439;59
12995;2011;2;6;139508;clean;automatic;4wd;full-size;42,477134;-82,949564;45
2999;1997;2;8;353431;clean;automatic;4wd;full-size;43,0348;-83,5268;45
4400;2006;2;8;226000;clean;automatic;4wd;full-size;44,762952;-85,626693;45
13950;2014;2;6;152150;clean;automatic;4wd;full-size;38,692648;-82,857744;49
25870;2014;3;6;67630;clean;automatic;4wd;full-size;38,584848;-89,985587;48
2500;1989;2;6;175000;clean;manual;4wd;full-size;31,8962;-81,294;59
4650;1997;1;8;160100;clean;automatic;4wd;full-size;39,188579;-95,561918;51
22998;2013;3;8;50871;clean;automatic;4wd;full-size;41,7427;-86,1411;48
14000;2011;2;8;152000;rebuilt;automatic;4wd;full-size;38,555885;-86,278124;48
26950;2014;2;8;69659;clean;automatic;4wd;full-size;33,512633;-86,79777;61
40990;2013;3;8;45329;clean;automatic;4wd;mid-size;43,75891;-87,75358;45
9491;2006;2;8;172299;clean;automatic;4wd;full-size;41,46389;-81,7693;49
20299;2012;3;6;120691;clean;automatic;4wd;mid-size;43,78124;-88,50265;45
26499;2011;3;8;46096;clean;automatic;4wd;mid-size;43,75891;-87,75358;45
26995;2012;2;8;50766;clean;automatic;4wd;;41,381951;-75,685531;53
3600;2004;3;8;236000;clean;automatic;4wd;full-size;42,81955;-73,890095;53
26900;2013;3;8;95208;clean;automatic;4wd;full-size;36,277213;-80,339822;56
21999;2012;3;8;124;clean;automatic;4wd;;38,832398;-121,209349;59
11000;2007;2;8;108200;clean;automatic;4wd;full-size;37,724191;-121,152592;59
5300;2006;2;8;165000;clean;automatic;4wd;full-size;40,0315;-98,0779;46
7500;2004;3;8;200000;clean;automatic;4wd;;39,5296;-107,3252;45
44819;2015;3;6;37707;clean;automatic;4wd;mid-size;44,52039;-88,06645;45
14995;2009;3;8;140149;clean;automatic;4wd;full-size;38,159627;-85,697708;50
18999;2012;3;8;102193;clean;automatic;4wd;full-size;42,550206;-114,462303;47
17950;2014;2;6;119166;clean;automatic;rwd;full-size;33,512633;-86,79777;61
15900;2009;3;8;122815;clean;automatic;4wd;mid-size;43,61176;-84,75844;45
24995;2013;2;6;91109;clean;automatic;4wd;full-size;38,053283;-83,961598;50
4800;2007;3;6;283000;clean;manual;rwd;full-size;28,8675;-96,999;67
25000;2012;3;6;92000;clean;automatic;4wd;full-size;46,6888;-98,2033;38
15995;2010;3;8;90260;clean;automatic;4wd;full-size;43,223552;-77,372473;53
11990;2007;3;8;132000;clean;automatic;;;46,450007;-95,12469;43
8588;2007;3;8;138100;clean;automatic;4wd;mid-size;41,10224;-81,48186;49
18990;2013;4;8;125300;clean;automatic;4wd;full-size;37,6808;-97,1558;51
4500;2005;2;8;219000;clean;automatic;4wd;full-size;38,853871;-94,374732;52
9880;2006;3;8;112490;clean;automatic;4wd;mid-size;44,87313;-87,89568;45
5400;2003;3;8;180;salvage;automatic;rwd;;38,546823;-121,311378;59
1600;1991;2;8;187355;clean;automatic;rwd;full-size;38,9039;-119,995;59
22888;2010;3;8;48745;clean;automatic;4wd;;47,830597;-110,662694;40
2500;2003;1;8;218500;clean;automatic;rwd;full-size;37,763495;-121,422272;59
24000;2011;3;6;133000;lien;automatic;4wd;;36,329509;-94,1185;59
29300;2015;4;6;30000;clean;automatic;rwd;;38,943523;-95,258606;51
30500;2013;4;6;41000;clean;automatic;4wd;;41,5855;-93,6719;47
11990;2009;3;8;176000;clean;automatic;;;46,450007;-95,12469;43
15985;2013;3;6;74692;clean;automatic;rwd;full-size;35,844127;-79,938248;56
2800;2002;2;8;183000;clean;automatic;fwd;full-size;43,176003;-83,95399;45
6950;2002;4;8;87891;clean;automatic;rwd;full-size;41,659345;-73,082609;51
37500;2014;4;8;38000;clean;automatic;;full-size;40,761722;-73,307922;53
7995;2000;3;8;183000;clean;automatic;rwd;full-size;39,363221;-121,686417;59
4800;2001;2;8;209000;clean;automatic;4wd;full-size;33,5059;-81,6951;60
8995;2003;3;6;66725;clean;automatic;rwd;full-size;39,494492;-119,78862;46
2750;1997;2;8;181571;clean;automatic;4wd;;46,4652;-111,9864;40
3999;2003;2;8;210;clean;automatic;4wd;full-size;42,9282;-83,6264;45
5995;1999;2;8;119220;clean;automatic;rwd;full-size;36,914628;-80,313042;55
3700;1997;3;8;100000;clean;automatic;4wd;;44,9588;-123,0753;50
11995;2009;2;8;140455;clean;automatic;4wd;full-size;42,477134;-82,949564;45
4500;2000;3;8;139000;clean;automatic;rwd;;30,3991;-84,3298;65
19998;2012;2;8;95340;clean;automatic;;full-size;42,3899;-122,9222;50
14200;2009;3;8;165178;clean;automatic;4wd;mid-size;36,28962;-95,31964;57
6900;2012;3;6;214000;clean;automatic;rwd;;33,5678;-86,7199;61
18500;2013;3;6;98000;rebuilt;automatic;4wd;full-size;40,252804;-76,036506;53
27500;2013;2;6;99800;clean;automatic;4wd;full-size;32,356164;-89,971375;61
13950;2011;2;8;146746;clean;automatic;;full-size;38,692648;-82,857744;49
5100;2005;2;8;106403;clean;automatic;4wd;full-size;39,9999;-74,2228;52
22351;2015;2;6;39403;clean;automatic;rwd;full-size;33,512633;-86,79777;61
6950;2006;2;8;144600;clean;automatic;rwd;full-size;29,2353;-81,0658;65
5995;1997;2;8;136776;clean;automatic;4wd;full-size;35,496578;-120,681118;59
1;2014;3;6;117123;clean;automatic;rwd;full-size;29,975385;-90,172386;67
19995;2014;2;6;102069;clean;automatic;4wd;full-size;41,680677;-86,126046;48
10888;2010;2;8;190000;clean;automatic;4wd;full-size;30,520244;-89,647288;61
9990;2005;2;8;138215;clean;automatic;4wd;full-size;40,468826;-74,281734;52
18900;2013;2;8;68288;clean;automatic;rwd;full-size;31,316064;-89,437114;61
14980;2011;2;8;150260;clean;automatic;4wd;full-size;38,069235;-84,472736;50
24975;2013;3;8;56482;clean;automatic;4wd;full-size;43,204762;-75,440834;53
28480;2014;3;6;47301;clean;automatic;4wd;;32,965063;-96,913304;67
3500;2003;1;8;218500;clean;automatic;rwd;full-size;37,763495;-121,422272;59
15500;2004;4;8;32000;clean;automatic;4wd;;39,4488;-83,8417;49
16995;2002;2;8;65336;clean;automatic;rwd;full-size;33,711509;-78,909582;60
33899;2016;3;6;23012;clean;automatic;4wd;mid-size;43,78124;-88,50265;45
1000;2002;2;6;240169;clean;manual;rwd;mid-size;36,8621;-87,4851;50
17699;2011;3;6;71026;clean;automatic;rwd;mid-size;43,78124;-88,50265;45
1;2014;3;6;117123;clean;automatic;rwd;full-size;29,975385;-90,172386;67
9999;2006;3;8;161514;clean;automatic;;full-size;37,609783;-120,995406;59
27500;2016;2;6;15500;lien;automatic;rwd;;42,5166;-84,6565;45
9995;2004;2;8;156000;clean;automatic;4wd;full-size;39,188524;-95,561918;51
13988;2013;2;6;48459;clean;automatic;rwd;full-size;45,553434;-94,231841;43
16995;2007;3;8;30415;clean;automatic;4wd;full-size;47,830597;-110,662694;40
12995;2008;2;8;110959;clean;other;4wd;full-size;45,049163;-93,035945;43
6500;2007;2;8;172000;clean;automatic;rwd;full-size;32,0149;-97,1198;67
19500;2012;3;6;72025;clean;automatic;4wd;full-size;37,4815;-77,6419;55
2999;1998;3;6;138000;clean;automatic;fwd;full-size;37,2117;-93,299;52
21549;2013;2;8;105438;clean;automatic;4wd;full-size;35,01845;-85,204983;59
2500;1998;2;8;163000;clean;automatic;rwd;full-size;44,213971;-88,424213;45
8650;2004;3;8;195087;clean;automatic;4wd;full-size;38,084394;-89,339761;48
29900;2013;4;8;165500;lien;automatic;4wd;full-size;45,7753;-108,6519;40
4200;1997;3;8;172000;clean;automatic;4wd;full-size;39,190615;-119,773064;46
23995;2014;3;6;65174;clean;automatic;rwd;full-size;28,403792;-80,70522;65
14790;2011;2;8;121680;clean;automatic;4wd;full-size;41,62507;-83,62534;49
13600;2009;3;8;104000;clean;automatic;4wd;full-size;43,8228;-96,7223;38
26740;2015;3;8;73893;clean;automatic;4wd;full-size;49,184885;-122,801111;
10000;2002;3;8;136182;clean;automatic;4wd;full-size;61,1194;-149,8974;29
15500;2002;3;8;120000;clean;automatic;rwd;full-size;34,3033;-77,8039;56
18990;2011;3;8;179026;clean;automatic;rwd;full-size;32,867351;-97,262497;67
1500;1995;2;6;110000;clean;manual;rwd;full-size;32,5143;-95,9047;67
6500;2002;3;8;185000;lien;automatic;4wd;full-size;41,4913;-90,5648;48
8995;2005;3;8;110080;clean;automatic;rwd;full-size;42,032203;-91,611698;47
16850;2013;2;6;105706;clean;automatic;rwd;full-size;32,427868;-86,467649;61
5995;2001;3;8;154946;clean;automatic;4wd;;48,9372;-122,4592;50
14900;2011;2;6;149610;clean;automatic;rwd;full-size;31,316064;-89,437114;61
8495;2007;3;8;158000;clean;automatic;4wd;full-size;43,894386;-75,675025;53
16995;2010;3;8;70000;clean;automatic;4wd;full-size;44,4513;-73,1796;44
28995;2014;3;8;69679;clean;automatic;4wd;mid-size;34,59723;-112,3173;71
22900;2015;3;8;99108;clean;automatic;4wd;full-size;33,066044;-89,593906;61
11700;2010;2;8;144570;clean;automatic;4wd;full-size;42,892121;-85,665539;45
2495;2002;2;8;201803;clean;automatic;4wd;full-size;42,477134;-82,949564;45
24900;2014;3;8;67000;clean;automatic;4wd;full-size;36,673587;-90,241964;52
21900;2014;4;6;34100;rebuilt;automatic;4wd;full-size;36,7236;-85,7009;50
9950;2009;3;8;156000;clean;automatic;4wd;;41,5334;-72,7997;51
22700;2011;3;8;164808;clean;automatic;4wd;full-size;50,007206;-125,244168;
3499;2000;2;8;188339;clean;automatic;rwd;full-size;36,097565;-95,894237;57
39000;2016;3;6;51748;clean;automatic;4wd;mid-size;46,59003;-95,57416;43
10000;2008;3;8;141000;clean;automatic;rwd;;34,2313;-119,0464;59
7450;2007;2;8;142806;clean;automatic;4wd;full-size;44,861013;-91,647877;45
8000;2006;3;8;170000;clean;automatic;4wd;full-size;39,4799;-84,4598;49
6000;2007;2;8;206;clean;automatic;4wd;;42,003959;-83,51563;45
37995;2015;3;6;48800;clean;automatic;4wd;;47,830597;-110,662694;40
14950;2013;3;8;113000;clean;automatic;4wd;;41,089134;-80,704291;49
19500;2011;3;8;142500;clean;automatic;4wd;full-size;30,180421;-97,972469;67
21000;2013;2;8;97000;clean;automatic;4wd;full-size;49,96616;-125,22063;
21904;2013;3;8;91835;clean;automatic;4wd;mid-size;44,52039;-88,06645;45
5483;2004;2;8;152816;clean;automatic;4wd;full-size;41,46389;-81,7693;49
11995;2008;3;8;148484;clean;automatic;4wd;full-size;45,518031;-122,578752;50
16200;2010;3;8;139000;lien;automatic;4wd;full-size;46,4875;-92,1493;45
45700;2018;4;6;3350;clean;automatic;4wd;full-size;50,039134;-125,271628;
22500;2013;4;6;88538;clean;automatic;rwd;full-size;32,555765;-93,599607;67
16995;2002;2;8;65336;clean;automatic;rwd;full-size;33,711509;-78,909582;60
7250;2006;2;8;170000;clean;automatic;4wd;full-size;42,3688;-83,4799;45
13880;2009;3;8;154597;clean;automatic;4wd;mid-size;44,87313;-87,89568;45
6000;2005;2;8;120000;clean;automatic;;;37,146837;-94,532664;52
25790;2014;3;6;109877;clean;automatic;4wd;;32,977915;-96,592124;67
900;2001;2;8;245000;clean;automatic;;;27,789;-82,6779;65
13900;2016;3;6;23387;salvage;automatic;rwd;full-size;25,8325;-80,2808;65
3500;1996;2;8;168000;clean;automatic;4wd;;38,7034;-81,4243;52
27199;2015;3;6;22473;clean;automatic;4wd;mid-size;43,78124;-88,50265;45
6999;2002;3;8;119726;clean;automatic;4wd;full-size;41,9521;-91,6853;47
999;2011;2;8;85000;clean;automatic;rwd;;41,0334;-81,4385;49
18888;2010;3;8;85812;clean;automatic;4wd;;47,830597;-110,662694;40
34975;2018;5;8;17455;clean;automatic;4wd;full-size;29,770834;-82,283186;65
13988;2009;3;8;165165;clean;automatic;4wd;full-size;30,457131;-84,346848;65
16900;1979;3;6;1;clean;manual;4wd;;33,4255;-88,8791;61
9250;2009;2;8;90000;clean;automatic;fwd;full-size;34,462;-84,4759;59
2850;1990;2;8;99871;clean;automatic;rwd;;36,5399;-82,7252;59
33890;2018;3;8;17621;clean;automatic;rwd;full-size;43,154559;-75,932436;53
24995;2012;2;6;122461;clean;automatic;4wd;full-size;34,947213;-89,440953;61
3995;2000;2;8;124860;clean;automatic;rwd;full-size;39,715206;-84,124328;49
29500;2016;3;8;5905;clean;automatic;rwd;mid-size;34,74851;-77,41559;56
25987;2013;3;8;47199;clean;automatic;4wd;mid-size;44,52039;-88,06645;45
1600;2001;2;8;177000;clean;automatic;4wd;full-size;45,2825;-93,4186;43
22500;2013;4;6;150000;clean;automatic;4wd;;45,6582;-94,8198;43
38995;2012;3;8;70274;clean;automatic;4wd;full-size;38,611926;-121,423565;59
40995;2014;3;8;88339;clean;automatic;4wd;full-size;28,403792;-80,70522;65
9660;2006;3;8;179931;clean;automatic;4wd;mid-size;44,87313;-87,89568;45
23900;2013;3;6;91637;clean;automatic;4wd;full-size;44,227258;-88,467902;45
20981;2013;3;8;135332;clean;automatic;4wd;mid-size;39,11632;-94,75917;51
3328;1998;3;8;253765;clean;automatic;4wd;full-size;44,585547;-123,25671;50
9500;2008;2;8;120000;rebuilt;automatic;4wd;full-size;35,604342;-82,616101;56
16995;2010;3;8;76368;clean;automatic;4wd;mid-size;43,61176;-84,75844;45
1200;1990;1;8;178000;clean;automatic;rwd;;36,1848;-86,6002;59
35995;2016;2;8;19050;clean;automatic;4wd;full-size;43,078373;-92,317804;47
2;1997;1;8;247500;clean;automatic;;full-size;26,6281;-82,0182;65
5220;2004;2;8;157000;clean;automatic;4wd;;41,736436;-92,717669;47
7995;2010;2;8;198045;clean;automatic;4wd;;45,52882;-93,369298;43
1500;1993;1;6;163000;clean;automatic;fwd;;38,5921;-75,9568;56
16000;2012;3;8;185000;clean;automatic;4wd;full-size;35,833946;-78,266651;56
6499;2004;4;8;50425;clean;automatic;rwd;full-size;27,875196;-82,786723;65
7900;2004;2;8;125421;clean;automatic;4wd;full-size;40,902588;-81,150479;49
12000;1995;3;8;171000;clean;automatic;4wd;full-size;39,7533;-89,58;48
28455;2014;3;8;28795;clean;automatic;4wd;mid-size;36,47793;-79,7389;56
16900;2014;2;8;117000;clean;automatic;4wd;full-size;30,387513;-86,402925;65
10000;2009;3;8;155000;clean;automatic;;;42,3606;-72,5715;50
24499;2010;2;8;60469;clean;automatic;4wd;full-size;38,843335;-104,793839;45
16440;2013;3;8;141760;clean;automatic;4wd;mid-size;44,54929;-88,04897;45
11950;2007;3;8;77533;clean;automatic;4wd;full-size;37,286501;-80,056719;55
22900;2012;2;8;125874;clean;automatic;4wd;full-size;31,316064;-89,437114;61
24900;2012;3;8;135592;clean;automatic;4wd;full-size;36,277213;-80,339822;56
16899;2009;3;8;110516;clean;automatic;4wd;mid-size;43,78124;-88,50265;45
15500;2011;3;8;177000;clean;automatic;4wd;full-size;30,494466;-92,424402;67
17000;2011;3;8;145000;clean;automatic;rwd;mid-size;36,2022;-119,338;59
29799;2013;3;6;50617;clean;automatic;4wd;mid-size;44,52039;-88,06645;45
5900;2002;2;8;186000;clean;automatic;4wd;full-size;40,167497;-122,238136;59
16500;2010;4;8;87000;clean;automatic;4wd;full-size;36,815449;-119,790179;59
4200;2003;3;8;227000;lien;automatic;4wd;full-size;40,0964;-77,0339;53
17435;2012;2;6;123729;clean;automatic;4wd;full-size;38,717906;-108,054869;45
16500;2010;3;8;148000;clean;automatic;4wd;full-size;42,4019;-96,3534;47
36800;2016;3;6;46288;clean;automatic;4wd;full-size;49,184885;-122,801111;
17850;2014;2;8;103505;clean;automatic;4wd;full-size;35,273684;-93,120968;59
2500;1999;2;8;216000;clean;automatic;4wd;full-size;42,9295;-89,387;45
10900;2010;3;8;0;clean;automatic;4wd;full-size;32,252974;-110,97871;71
22995;2012;3;8;102266;clean;automatic;4wd;mid-size;34,59723;-112,3173;71
18550;2011;3;6;129594;clean;automatic;4wd;mid-size;44,57437;-88,16024;45
17950;2014;2;8;82400;clean;automatic;rwd;full-size;33,512633;-86,79777;61
2500;2000;2;8;194000;clean;automatic;4wd;full-size;38,5347;-121,4451;59
43900;2018;3;8;1000;clean;automatic;;full-size;42,484503;-92,324974;47
7500;2007;2;8;220000;clean;automatic;4wd;;38,4662;-87,0985;48
9995;2006;3;6;106000;clean;automatic;rwd;full-size;32,25;-110,8869;71
32000;2014;3;6;56098;clean;automatic;4wd;mid-size;34,74851;-77,41559;56
8495;2007;2;8;11644;clean;automatic;4wd;full-size;39,073454;-95,664519;51
9500;2005;4;8;88000;clean;automatic;4wd;full-size;37,8642;-82,3741;52
32995;2016;3;6;73405;clean;automatic;4wd;mid-size;44,4737;-88,06308;45
16995;2010;3;8;70816;clean;automatic;4wd;full-size;43,223552;-77,372473;53
32999;2013;4;8;66000;clean;automatic;4wd;full-size;42,868175;-85,862086;45
16995;2012;3;6;103529;clean;automatic;rwd;full-size;31,732124;-106,364833;67
27985;2014;3;6;54182;clean;automatic;4wd;mid-size;44,52039;-88,06645;45
12895;2008;3;8;91860;clean;automatic;4wd;full-size;43,639084;-116,262984;47
7500;2005;2;8;197000;clean;automatic;4wd;;30,7996;-85,2293;65
18990;2011;3;8;128000;clean;automatic;4wd;;46,450007;-95,12469;43
49840;2017;4;6;40050;clean;automatic;4wd;full-size;49,184885;-122,801111;
32995;2015;3;6;63373;clean;automatic;4wd;full-size;45,832707;-95,388536;43
9998;2005;2;8;160256;clean;automatic;4wd;full-size;44,282904;-121,17374;50
35890;2016;3;6;73560;clean;automatic;4wd;;49,204598;-123,139205;
22988;2012;3;6;132010;clean;automatic;4wd;;45,121187;-92,693325;45
17950;2012;3;8;115212;clean;automatic;4wd;full-size;42,944251;-83,730441;45
26999;2014;3;8;73411;clean;automatic;4wd;;34,7253;-76,7531;56
5995;2005;3;8;142000;clean;automatic;rwd;;27,447286;-80,351343;65
21000;2012;3;6;139855;clean;automatic;4wd;full-size;35,887189;-78,265568;56
37000;2018;3;8;1235;clean;automatic;4wd;mid-size;34,74851;-77,41559;56
11000;2008;2;8;153000;lien;automatic;4wd;;43,124894;-86,174485;45
7977;2005;2;8;159323;clean;automatic;4wd;full-size;42,345504;-88,269936;48
39;2001;3;8;166;clean;automatic;4wd;;37,323062;-120,497654;59
2000;1996;1;8;208000;clean;manual;4wd;full-size;39,2839;-106,0628;45
23861;2016;3;6;59651;clean;automatic;rwd;mid-size;37,93882;-121,69586;59
5996;2003;2;8;141021;clean;automatic;4wd;full-size;44,602263;-73,16141;44
29995;2016;3;6;22726;clean;automatic;4wd;full-size;43,153933;-75,934839;53
15500;1977;4;8;24;clean;automatic;4wd;full-size;43,0932;-76,2904;53
7844;2003;3;8;162301;clean;automatic;rwd;full-size;35,841559;-86,389644;59
14900;2014;3;8;63745;clean;automatic;rwd;full-size;36,277213;-80,339822;56
13091;2010;3;8;142166;clean;automatic;4wd;full-size;43,97368;-88,583361;45
6995;2007;2;8;168979;clean;automatic;4wd;full-size;43,54986;-89,438579;45
14500;2009;2;8;135000;lien;automatic;4wd;;34,865579;-76,899057;56
61955;2017;2;6;21946;clean;automatic;4wd;full-size;42,504823;-92,405569;47
9888;2005;2;8;119000;clean;automatic;rwd;full-size;30,520244;-89,647288;61
4400;1999;2;8;158000;clean;automatic;4wd;;34,843395;-120,419426;59
2375;1998;2;8;165000;clean;automatic;4wd;;41,823836;-71,33711;50
11985;2009;3;8;156000;clean;automatic;4wd;full-size;42,979576;-82,433416;45
25452;2013;3;8;37419;clean;automatic;4wd;mid-size;43,75891;-87,75358;45
7500;1996;3;8;330000;clean;automatic;rwd;full-size;30,284048;-81,447452;65
6495;2002;2;8;205792;clean;automatic;4wd;full-size;38,820464;-104,824527;45
42888;2016;3;6;23667;clean;automatic;4wd;;47,830597;-110,662694;40
1900;1992;2;8;228000;clean;automatic;rwd;full-size;37,2853;-80,0692;55
18000;2013;3;8;145000;clean;automatic;rwd;full-size;30,5247;-90,8557;67
24995;2014;3;8;106588;clean;automatic;4wd;mid-size;34,59723;-112,3173;71
23000;2012;3;8;45682;lien;automatic;4wd;full-size;60,414394;-151,003024;29
2699;1997;3;8;156200;clean;automatic;rwd;full-size;17,265609;-101,555951;
35850;2014;3;6;35577;clean;automatic;4wd;mid-size;34,74851;-77,41559;56
13750;2012;2;8;129000;clean;automatic;4wd;full-size;47,1158;-88,558;45
14900;2011;2;6;149610;clean;automatic;rwd;full-size;31,316064;-89,437114;61
9000;2005;2;8;190000;clean;automatic;4wd;full-size;32,2848;-93,8003;67
13988;2011;2;6;146699;clean;automatic;4wd;full-size;42,892121;-85,665539;45
10900;2001;3;8;124061;clean;automatic;rwd;full-size;43,204762;-75,440834;53
33000;2011;3;8;122000;clean;automatic;4wd;;35,1864;-86,113;59
18790;2013;3;8;107000;clean;automatic;4wd;;42,7496;-83,5358;45
14600;2012;2;6;174373;clean;automatic;4wd;full-size;35,250553;-91,711354;59
28950;2013;2;6;88005;clean;automatic;4wd;full-size;30,649625;-88,127994;61
18994;2013;3;6;75295;clean;automatic;4wd;mid-size;43,78124;-88,50265;45
6200;2005;3;8;197000;clean;automatic;rwd;full-size;35,1969;-78,6625;56
2785;1999;2;8;146785;clean;automatic;rwd;full-size;45,750271;-111,184096;40
15600;2014;4;8;74000;rebuilt;automatic;;;25,6694;-80,4085;65
15995;2010;3;8;90260;clean;automatic;4wd;full-size;43,223552;-77,372473;53
16440;2013;3;8;141760;clean;automatic;4wd;mid-size;44,54929;-88,04897;45
24990;2016;3;6;93657;clean;automatic;4wd;full-size;41,274917;-95,937209;46
18950;2014;2;6;56527;clean;automatic;rwd;full-size;33,512633;-86,79777;61
14995;2010;3;8;120715;clean;automatic;4wd;full-size;43,223552;-77,372473;53
42499;2014;3;8;25658;clean;automatic;4wd;mid-size;43,78124;-88,50265;45
32000;2014;3;6;56098;clean;automatic;4wd;mid-size;34,74851;-77,41559;56
27995;2015;3;6;47970;clean;automatic;4wd;full-size;38,671618;-94,36651;52
1000;1989;2;8;292314;clean;automatic;rwd;full-size;37,3182;-94,2731;52
7500;1993;3;8;113151;clean;automatic;4wd;full-size;40,7592;-124,1593;59
5700;2003;3;8;192000;clean;automatic;4wd;full-size;44,162701;-93,99868;43
12000;2009;3;8;109500;clean;automatic;4wd;;41,9596;-85,6371;45
10974;2007;3;8;132448;clean;automatic;4wd;full-size;45,750271;-111,184096;40
24770;2014;3;6;78543;clean;automatic;4wd;mid-size;44,57437;-88,16024;45
3495;2002;2;8;201803;clean;automatic;4wd;full-size;42,477134;-82,949564;45
9788;2004;3;8;149347;clean;automatic;4wd;full-size;38,611926;-121,423565;59
25900;2013;3;8;95208;clean;automatic;4wd;full-size;36,277213;-80,339822;56
4000;2002;2;8;104000;clean;automatic;4wd;mid-size;41,910312;-72,406541;51
20995;2013;3;6;112940;clean;automatic;4wd;full-size;38,671618;-94,36651;52
38995;2012;3;8;70274;clean;automatic;4wd;full-size;38,611926;-121,423565;59
32995;2015;2;8;62688;clean;automatic;4wd;full-size;42,970214;-90,112347;45
28990;2015;3;8;37271;clean;automatic;4wd;full-size;43,154434;-75,931234;53
1900;1994;2;8;176000;clean;manual;4wd;;42,393211;-114,52217;47
700;1996;1;8;303258;missing;automatic;;full-size;30,1502;-94,0008;67
14000;2014;2;8;113000;clean;automatic;rwd;full-size;27,693803;-97,403476;67
7600;2008;2;8;170000;clean;automatic;4wd;;42,375669;-85,678221;45
22497;2014;4;6;82597;clean;automatic;rwd;full-size;32,555765;-93,599607;67
26995;2013;2;6;67104;clean;automatic;4wd;full-size;42,970214;-90,112347;45
23998;2013;3;8;75598;clean;automatic;4wd;full-size;42,91082;-85,599111;45
31999;2015;3;6;78915;clean;automatic;4wd;full-size;35,839694;-86,387087;59
4900;2004;3;6;148523;clean;automatic;4wd;full-size;35,8949;-78,7051;56
11995;2008;3;8;148484;clean;automatic;4wd;full-size;45,518031;-122,578752;50
27996;2014;2;8;22918;clean;automatic;4wd;full-size;40,335245;-76,488033;53
32999;2015;4;6;39798;clean;automatic;4wd;compact;38,976487;-88,160859;48
9990;2012;2;8;127501;clean;automatic;rwd;full-size;40,468826;-74,281734;52
39000;2018;4;6;8000;clean;automatic;rwd;;30,633;-97,6707;67
4995;2002;2;8;195108;clean;automatic;rwd;full-size;35,496578;-120,681118;59
2500;1998;1;8;114500;clean;automatic;4wd;full-size;40,04307;-87,599154;48
11995;2008;3;8;148484;clean;automatic;4wd;full-size;45,518031;-122,578752;50
18500;2011;3;6;80100;clean;automatic;rwd;full-size;30,5928;-88,1946;61
4990;1997;2;6;82946;clean;automatic;rwd;full-size;40,468826;-74,281734;52
7000;2005;2;8;161000;clean;automatic;4wd;;36,8881;-76,1446;55
1600;1994;2;6;111373;clean;automatic;fwd;full-size;37,376439;-81,018784;52
1200;1998;2;6;130000;clean;manual;rwd;mid-size;40,105409;-75,343424;53
22888;2010;3;8;48745;clean;automatic;4wd;;47,830597;-110,662694;40
10900;2004;3;8;146000;clean;automatic;4wd;full-size;36,6955;-93,115;52
14995;2010;3;8;120715;clean;automatic;4wd;full-size;43,223552;-77,372473;53
9800;2005;4;8;127000;clean;automatic;4wd;full-size;42,3349;-83,1801;45
2100;1995;1;8;198000;clean;automatic;4wd;;44,8776;-117,9756;50
37500;2015;3;6;67102;clean;automatic;4wd;mid-size;34,74851;-77,41559;56
15900;2011;3;8;144448;clean;automatic;rwd;full-size;35,887189;-78,265568;56
33000;2018;5;8;5000;rebuilt;automatic;4wd;full-size;25,9974;-80,3248;65
12488;2010;2;8;144570;clean;automatic;4wd;full-size;42,892121;-85,665539;45
27995;2014;3;6;64290;clean;automatic;4wd;;47,830597;-110,662694;40
6995;2001;2;8;124461;clean;automatic;rwd;full-size;39,743252;-121,886107;59
9500;2006;3;8;65675;clean;automatic;rwd;;41,4262;-90,5739;48
2500;1995;2;8;181000;clean;automatic;rwd;;29,2353;-81,0658;65
5483;2004;2;8;152816;clean;automatic;4wd;full-size;41,46389;-81,7693;49
6000;2004;2;8;185000;clean;automatic;4wd;full-size;35,6895;-81,5387;56
5800;2004;2;8;188000;clean;automatic;;full-size;32,732418;-117,039247;59
4295;2003;2;8;198000;clean;automatic;4wd;;36,0447;-95,8079;57
700;2000;1;8;230000;clean;automatic;4wd;;44,9064;-89,5818;45
3500;2001;1;8;171000;salvage;automatic;4wd;full-size;42,8256;-86,0104;45
14995;2010;3;8;162403;clean;automatic;4wd;full-size;42,701772;-89,008858;45
10900;2010;3;8;110703;clean;automatic;4wd;;42,3702;-85,8536;45
26900;2015;3;6;94380;clean;automatic;4wd;full-size;33,066044;-89,593906;61
15995;2009;3;8;136101;clean;automatic;4wd;full-size;38,159627;-85,697708;50
5496;2003;2;8;141021;clean;automatic;4wd;full-size;44,602263;-73,16141;44
3695;2006;2;8;243738;clean;automatic;;full-size;39,073454;-95,664519;51
6750;2005;3;8;116116;clean;automatic;rwd;full-size;27,875196;-82,786723;65
16000;2013;3;8;218000;clean;automatic;4wd;full-size;41,6712;-83,606;49
13988;2011;2;6;146699;clean;automatic;4wd;full-size;42,892121;-85,665539;45
31500;2015;4;6;35500;clean;automatic;4wd;full-size;41,5603;-73,7939;53
2750;1999;2;8;205000;clean;automatic;4wd;;46,5994;-96,0662;43
4990;2003;3;8;208000;clean;automatic;;;46,450007;-95,12469;43
24989;2014;3;6;52000;clean;automatic;4wd;;43,5937;-116,536;47
21900;2014;3;8;99465;clean;automatic;4wd;mid-size;36,2535;-95,33257;57
5996;2003;2;8;141021;clean;automatic;4wd;full-size;44,602263;-73,16141;44
5999;2006;3;8;175000;clean;automatic;fwd;;29,718267;-95,674438;67
43600;2018;4;6;5700;lien;automatic;4wd;full-size;39,7788;-74,9308;52
35900;2016;3;8;18800;lien;automatic;4wd;full-size;43,2297;-123,2343;50
5900;2005;2;6;107100;clean;automatic;rwd;;28,536185;-81,730521;65
36000;2016;5;6;8700;clean;automatic;4wd;full-size;45,604;-94,1591;43
1995;1987;1;6;93650;clean;manual;;;39,743252;-121,886107;59
12500;2005;2;8;75145;clean;automatic;rwd;full-size;32,356164;-89,971375;61
1600;1985;3;8;231745;clean;automatic;rwd;;37,9451;-77,4714;55
10999;2008;3;8;132614;clean;automatic;4wd;mid-size;43,78124;-88,50265;45
2800;2002;2;8;139000;clean;automatic;rwd;full-size;41,014294;-81,629312;49
4500;2003;2;8;176790;clean;automatic;4wd;full-size;43,00292;-78,490448;53
20980;2011;3;6;73000;clean;automatic;4wd;full-size;38,210411;-84,548431;50
2000;1998;1;8;179600;clean;automatic;4wd;full-size;44,818284;-91,457756;45
995;2001;4;6;113523;clean;automatic;4wd;;39,198094;-84,737327;49
23900;2012;3;8;108400;clean;automatic;4wd;full-size;44,227258;-88,467902;45
7995;2011;3;6;118034;clean;automatic;rwd;full-size;43,049933;-83,293834;45
950;2001;1;6;113000;clean;automatic;rwd;full-size;41,6225;-80,5754;49
26750;2014;3;6;43848;clean;automatic;4wd;mid-size;46,59003;-95,57416;43
12250;2012;2;6;150000;clean;automatic;4wd;full-size;42,57091;-71,423281;50
3500;2007;2;8;225000;clean;automatic;rwd;full-size;36,9407;-81,0941;55
6500;2002;2;8;74000;clean;automatic;4wd;;39,3414;-80,0285;52
31995;2013;3;8;144082;clean;automatic;;full-size;31,732124;-106,364833;67
17300;2013;2;6;115000;rebuilt;automatic;4wd;full-size;36,8408;-94,5781;52
10900;2013;3;6;27000;rebuilt;automatic;rwd;full-size;41,541349;-81,507225;49
16500;2011;3;6;13129;clean;automatic;rwd;full-size;30,421564;-87,25144;65
5995;2003;2;8;120000;clean;automatic;4wd;full-size;42,0928;-79,244;53
9900;2007;3;8;0;clean;automatic;4wd;full-size;32,252974;-110,97871;71
20900;2013;3;8;79248;clean;automatic;4wd;full-size;44,227258;-88,467902;45
12900;2004;2;8;0;clean;automatic;rwd;full-size;33,875577;-117,570384;59
2500;1978;1;8;119000;clean;manual;rwd;full-size;42,6643;-85,6191;45
18950;2014;2;6;56527;clean;automatic;rwd;full-size;33,512633;-86,79777;61
2800;2000;2;8;200000;clean;automatic;;;31,7432;-106,3686;67
22991;2013;3;6;90818;clean;automatic;rwd;mid-size;35,58163;-120,69866;59
6450;2004;3;8;113784;clean;automatic;4wd;full-size;27,873066;-82,786729;65
5995;1998;2;8;166685;clean;automatic;4wd;;31,810423;-106,238921;67
5300;2010;3;8;212444;clean;automatic;rwd;full-size;34,697873;-89,814949;61
31995;2014;3;6;50625;clean;automatic;4wd;mid-size;34,59723;-112,3173;71
3500;2000;3;8;90000;clean;automatic;rwd;full-size;39,850016;-86,236889;48
16785;2009;2;8;125962;clean;automatic;4wd;full-size;40,335245;-76,488033;53
29900;2015;4;6;29800;clean;automatic;4wd;full-size;43,204543;-75,4242;53
9788;2004;3;8;149347;clean;automatic;4wd;full-size;38,611926;-121,423565;59
18850;2014;2;8;118324;clean;automatic;4wd;full-size;35,273684;-93,120968;59
26995;2011;3;8;119691;clean;automatic;4wd;mid-size;41,96378;-83,67195;45
15900;2012;3;6;73000;lien;automatic;4wd;full-size;44,9689;-90,9389;45
22351;2015;2;6;39403;clean;automatic;rwd;full-size;33,512633;-86,79777;61
3200;1999;2;8;214000;clean;automatic;rwd;full-size;37,553;-97,2549;51
3499;1998;3;8;198000;clean;automatic;4wd;full-size;46,0153;-95,6951;43
16950;2010;3;8;125000;clean;automatic;4wd;;37,35271;-79,195289;55
23995;2014;3;8;61430;clean;automatic;4wd;full-size;42,032203;-91,611698;47
7995;2005;2;8;165590;clean;automatic;rwd;full-size;27,176336;-80,240442;65
13988;2013;2;6;48459;clean;automatic;rwd;full-size;45,553434;-94,231841;43
14995;2009;3;8;140149;clean;automatic;4wd;full-size;38,159627;-85,697708;50
3900;2007;1;8;224000;clean;automatic;rwd;full-size;35,349949;-82,458458;56
2000;2002;2;6;173000;clean;manual;rwd;;38,8076;-104,7403;45
4500;1999;3;8;101927;clean;automatic;4wd;;41,22815;-95,85953;47
12995;2010;2;8;144073;clean;automatic;4wd;full-size;42,504823;-92,405569;47
8550;2005;3;8;164628;clean;automatic;4wd;mid-size;44,57437;-88,16024;45
25880;2014;3;6;104226;clean;automatic;4wd;mid-size;44,57437;-88,16024;45
17900;2010;3;8;150114;clean;automatic;4wd;mid-size;38,88358;-94,79383;51
35500;2016;3;6;24400;clean;automatic;4wd;;40,547;-122,34;59
995;2001;4;6;113523;clean;automatic;4wd;;39,198094;-84,737327;49
30854;2013;3;6;48086;clean;automatic;4wd;;43,852883;-88,855927;45
15500;2013;2;6;104743;clean;automatic;rwd;full-size;32,356164;-89,971375;61
2000;2001;1;8;167000;clean;automatic;4wd;full-size;44,216265;-88,833614;45
11000;2008;3;8;160000;clean;automatic;4wd;full-size;41,834087;-72,479231;51
21995;2013;2;6;107739;clean;automatic;fwd;full-size;41,686718;-86,012028;48
19295;2013;3;6;161929;clean;automatic;4wd;;45,121187;-92,693325;45
4400;1995;2;6;165000;clean;manual;rwd;mid-size;38,938;-123,0703;59
8542;2005;3;8;106501;clean;automatic;4wd;mid-size;41,10224;-81,48186;49
4595;2003;2;8;135600;clean;automatic;rwd;full-size;45,401728;-84,879168;45
8495;2006;3;8;152536;clean;automatic;4wd;full-size;38,159627;-85,697708;50
63990;2018;3;6;8023;clean;automatic;4wd;full-size;43,154309;-75,931578;53
6450;2004;3;8;113784;clean;automatic;4wd;full-size;27,872735;-82,787042;65
3000;2002;1;8;136000;clean;automatic;4wd;full-size;40,2417;-77,1983;53
11950;2007;3;8;77533;clean;automatic;4wd;full-size;37,286501;-80,056719;55
5500;2005;3;8;190000;clean;automatic;;full-size;33,561423;-101,856411;67
15995;2010;3;8;92892;clean;automatic;4wd;mid-size;43,61176;-84,75844;45
3000;1996;4;6;153240;clean;automatic;rwd;full-size;36,1916;-81,0004;56
6650;2007;2;8;180000;clean;automatic;fwd;full-size;29,9512;-90,1028;67
19995;2014;2;6;121823;clean;automatic;4wd;full-size;41,663314;-86,113057;48
4995;2004;3;8;172004;clean;automatic;rwd;full-size;39,628792;-84,141569;49
3200;2001;1;8;171000;salvage;automatic;4wd;full-size;42,8256;-86,0104;45
9999;2004;3;8;71000;clean;automatic;4wd;full-size;43,959373;-91,26179;45
24900;2012;2;6;125000;clean;automatic;4wd;full-size;36,379154;-97,764005;57
2950;1999;2;6;58000;clean;automatic;;;35,222108;-89,976856;59
4500;2000;3;6;145000;clean;manual;rwd;full-size;31,391261;-100,398773;67
21900;2015;2;6;149616;clean;automatic;4wd;full-size;31,316064;-89,437114;61
10888;2010;2;8;190000;clean;automatic;4wd;full-size;30,520244;-89,647288;61
12995;2012;2;8;166000;clean;automatic;4wd;full-size;36,06099;-95,789078;57
12975;2001;3;8;123471;clean;automatic;rwd;full-size;43,204762;-75,440834;53
9995;2006;3;8;152536;clean;automatic;4wd;full-size;38,159627;-85,697708;50
2700;1992;2;8;162000;clean;automatic;4wd;;38,3352;-77,7709;55
9750;2007;2;8;205000;clean;automatic;4wd;full-size;33,29323;-86,913271;61
12500;2010;3;8;137132;clean;automatic;rwd;full-size;43,815591;-111,788833;47
13495;2009;4;8;99450;clean;automatic;4wd;;43,068762;-75,752964;53
16000;2012;3;8;132000;clean;automatic;4wd;;47,668248;-117,415416;50
20995;2013;2;8;131535;clean;automatic;4wd;full-size;37,837488;-84,852078;50
29;2016;3;8;40138;clean;automatic;rwd;full-size;30,4911;-90,4697;67
11500;2009;2;8;117840;clean;automatic;4wd;full-size;40,902588;-81,150479;49
1000;2001;2;6;147000;clean;automatic;rwd;;43,2421;-77,17;53
15500;2007;4;8;140000;clean;automatic;4wd;;46,539781;-112,176499;40
13995;2008;3;8;85000;clean;automatic;rwd;full-size;32,25;-110,8869;71
25000;2000;4;8;7445;clean;automatic;rwd;full-size;39,015;-84,7736;50
14900;2008;2;8;108500;clean;automatic;4wd;full-size;45,401728;-84,879168;45
10995;2005;3;8;114228;clean;automatic;4wd;full-size;40,795008;-124,136433;59
2850;2001;2;6;342000;clean;automatic;rwd;full-size;33,8343;-96,8403;67
27995;2015;3;8;113168;clean;automatic;4wd;full-size;38,671618;-94,36651;52
1;1976;3;8;109700;clean;manual;4wd;full-size;39,171727;-119,779472;46
7000;2007;4;8;190000;clean;automatic;4wd;;40,187627;-76,725275;53
20995;2013;3;6;112940;clean;automatic;4wd;full-size;38,671776;-94,367098;52
8900;2008;3;8;210242;clean;automatic;4wd;;49,185372;-123,138072;
9000;2006;2;8;130000;clean;automatic;4wd;;40,3078;-78,8969;53
46499;2017;3;6;9989;clean;automatic;4wd;mid-size;43,78124;-88,50265;45
16900;2011;3;8;130000;clean;automatic;4wd;;42,7496;-83,5358;45
1500;1997;2;8;223000;clean;automatic;rwd;;32,5251;-94,799;67
8995;2006;3;8;115500;clean;automatic;rwd;full-size;41,542443;-90,685264;47
19995;2011;3;6;108029;clean;automatic;4wd;full-size;41,781722;-72,533825;51
1;1987;1;8;73500;clean;automatic;4wd;full-size;40,547;-122,34;59
19880;2011;3;8;73224;clean;automatic;4wd;mid-size;44,57437;-88,16024;45
11995;2006;3;8;144388;clean;automatic;4wd;full-size;38,159627;-85,697708;50
6750;1995;2;8;92000;lien;automatic;4wd;;31,481503;-83,528758;59
22998;2010;2;8;37930;clean;automatic;4wd;;40,1083;-76,5103;53
10000;2006;3;8;193000;clean;automatic;4wd;full-size;32,283126;-90,10081;61
3500;1994;1;8;115000;clean;automatic;4wd;full-size;45,0342;-93,8016;43
7500;2006;3;8;69500;rebuilt;automatic;4wd;full-size;39,843555;-104,899687;45
6500;2006;3;8;170000;clean;automatic;4wd;full-size;41,6835;-86,1682;48
19500;2012;3;6;72025;clean;automatic;4wd;full-size;37,4815;-77,6419;55
4600;2004;3;8;164766;clean;automatic;rwd;;34,8096;-90,0095;61
3500;2006;2;8;165000;clean;automatic;rwd;full-size;46,4752;-89,9424;45
19995;2014;2;6;112614;clean;automatic;4wd;full-size;41,680677;-86,126046;48
4500;2007;1;8;144200;clean;automatic;4wd;;41,9896;-80,3178;53
1200;1996;2;8;179900;clean;automatic;4wd;;37,903984;-78,334579;55
9665;2004;3;8;90000;clean;automatic;4wd;full-size;38,3796;-77,5349;55
22726;2011;2;6;85998;clean;automatic;4wd;full-size;36,137597;-86,761799;59
22351;2015;2;6;39403;clean;automatic;rwd;full-size;33,512633;-86,79777;61
5000;2008;3;8;201;clean;automatic;4wd;full-size;32,808839;-115,565861;59
12490;2013;2;6;211087;clean;automatic;4wd;full-size;44,006398;-92,362641;43
33995;2017;3;6;31980;clean;automatic;4wd;full-size;38,671618;-94,36651;52
13500;2008;2;8;102000;lien;automatic;4wd;full-size;39,054913;-95,896494;51
9788;2004;3;8;149347;clean;automatic;4wd;full-size;38,611926;-121,423565;59
2000;1999;2;8;189000;clean;automatic;4wd;;42,6208;-70,6721;50
5999;2007;3;8;131000;clean;automatic;;;29,831292;-95,501747;67
6500;2004;2;8;185000;clean;automatic;4wd;full-size;35,6895;-81,5387;56
8800;2005;3;8;147654;clean;automatic;4wd;;39,9712;-86,1245;48
11995;2008;3;8;148484;clean;automatic;4wd;full-size;45,518031;-122,578752;50
1250;1987;2;8;126000;clean;automatic;rwd;full-size;48,749;-122,4887;50
14995;2011;2;6;119764;clean;automatic;4wd;full-size;42,477134;-82,949564;45
6420;2008;3;8;222509;clean;automatic;4wd;mid-size;41,10224;-81,48186;49
29900;2015;4;6;29800;clean;automatic;4wd;full-size;43,204543;-75,4242;53
9995;2006;3;8;115500;clean;automatic;rwd;full-size;40,83598;-96,725713;46
15900;2013;4;8;64000;rebuilt;automatic;4wd;;40,87723;-111,890175;50
7998;2005;2;8;183636;clean;automatic;4wd;;38,814626;-94,532522;52
7500;2006;2;8;104000;clean;automatic;4wd;full-size;46,561602;-91,40419;45
21000;2010;3;8;86000;clean;automatic;4wd;;45,749408;-119,204348;50
14996;2007;3;8;108951;clean;automatic;4wd;mid-size;44,52039;-88,06645;45
30989;2016;3;8;56220;clean;automatic;4wd;mid-size;43,75891;-87,75358;45
7250;2008;4;8;96000;clean;automatic;;;29,72038;-95,535419;67
21900;2012;3;8;109231;clean;automatic;4wd;full-size;61,166353;-149,847206;29
5995;1998;2;8;166685;clean;automatic;4wd;;31,810423;-106,238921;67
14950;2013;3;8;113000;clean;automatic;4wd;;41,089134;-80,704291;49
3995;2001;3;8;178723;clean;automatic;rwd;full-size;32,7508;-117,211987;59
19880;2011;3;8;73224;clean;automatic;4wd;mid-size;44,57437;-88,16024;45
22890;2014;3;8;80930;clean;automatic;4wd;full-size;43,154058;-75,931234;53
16440;2013;3;8;141760;clean;automatic;4wd;mid-size;44,54929;-88,04897;45
5995;2004;2;8;230036;clean;automatic;4wd;full-size;37,678867;-97,070307;51
5799;2005;3;8;150000;rebuilt;automatic;4wd;full-size;27,53371;-99,504017;67
11977;2008;3;8;171488;clean;automatic;4wd;mid-size;44,87313;-87,89568;45
700;1987;1;6;187000;clean;manual;fwd;;36,392841;-86,299686;59
16995;2002;2;8;65336;clean;automatic;rwd;full-size;33,711509;-78,909582;60
6800;2006;2;8;180000;clean;automatic;4wd;full-size;43,0444;-76,1758;53
9880;2006;3;8;112490;clean;automatic;4wd;mid-size;44,87313;-87,89568;45
11880;2008;3;8;162820;clean;automatic;4wd;mid-size;44,57437;-88,16024;45
15990;2014;3;6;99422;clean;automatic;4wd;full-size;47,911024;-97,045022;38
3000;1995;2;8;232227;clean;automatic;rwd;;39,411768;-77,466866;56
18299;2013;3;6;75295;clean;automatic;4wd;mid-size;43,78124;-88,50265;45
17000;2009;3;8;141000;lien;automatic;4wd;full-size;41,5733;-90,6038;47
28995;2014;3;8;69679;clean;automatic;4wd;mid-size;34,59723;-112,3173;71
3995;2002;2;8;240000;clean;automatic;4wd;full-size;42,313897;-73,262804;50
15800;2009;3;8;149998;clean;automatic;4wd;full-size;35,76868;-91,597404;59
16995;2002;2;8;65336;clean;automatic;rwd;full-size;33,711509;-78,909582;60
26980;2015;3;6;154664;clean;automatic;4wd;full-size;43,791694;-88,460127;45
29000;2014;3;8;41000;clean;automatic;4wd;full-size;39,626481;-106,072805;45
13995;2008;3;8;67943;clean;automatic;4wd;full-size;43,223552;-77,372473;53
9800;2010;2;8;149000;clean;automatic;rwd;full-size;33,3299;-101,7122;67
11950;2007;3;8;77533;clean;automatic;4wd;full-size;37,286501;-80,056719;55
7000;1997;2;6;200000;clean;automatic;rwd;full-size;30,3942;-87,589;61
17000;2011;3;8;145000;clean;automatic;rwd;mid-size;36,2022;-119,338;59
1950;2000;2;6;169088;clean;automatic;rwd;full-size;47,45984;-120,302246;50
22980;2013;3;8;111754;clean;automatic;rwd;;36,3577;-94,2224;59
14888;2012;3;8;56489;clean;automatic;rwd;mid-size;41,03056;-80,72808;49
7495;2005;3;8;107031;clean;automatic;4wd;;40,988462;-80,759359;49
1700;1987;2;6;390000;clean;manual;;full-size;28,5515;-81,3051;65
15897;2010;2;8;125351;clean;automatic;4wd;full-size;40,335245;-76,488033;53
24000;2013;4;6;50000;clean;automatic;4wd;full-size;39,0719;-84,9452;48
28060;2014;3;6;56000;clean;automatic;4wd;full-size;46,9209;-96,8318;38
7977;2005;2;8;159323;clean;automatic;4wd;full-size;42,345504;-88,269936;48
23800;2014;3;8;93580;clean;automatic;4wd;full-size;33,066044;-89,593906;61
9490;2005;3;8;161000;clean;automatic;;;46,450007;-95,12469;43
16950;2013;2;6;80413;clean;automatic;rwd;full-size;33,512633;-86,79777;61
27325;2014;3;8;26887;clean;automatic;4wd;mid-size;42,18631;-71,83726;50
13495;2010;3;8;167070;clean;automatic;4wd;full-size;45,513983;-122,579225;50
19977;2015;3;6;80941;clean;automatic;rwd;full-size;27,848654;-82,690316;65
9295;2013;2;6;162224;clean;automatic;rwd;full-size;42,102432;-75,845575;53
6400;2001;2;8;142000;clean;automatic;4wd;full-size;44,9545;-92,0752;45
14995;2013;2;8;86092;clean;automatic;rwd;;37,637112;-122,054679;59
7980;2007;2;8;108605;clean;automatic;rwd;full-size;38,069235;-84,472736;50
27250;2014;3;6;50602;clean;automatic;rwd;mid-size;34,74851;-77,41559;56
13999;2011;3;8;135000;clean;automatic;rwd;full-size;39,407019;-87,425766;48
3300;2001;2;8;200000;clean;automatic;rwd;full-size;34,011902;-83,364644;59
5200;2006;2;8;167209;clean;automatic;rwd;full-size;30,757326;-81,601011;59
10985;2010;3;8;82629;clean;automatic;4wd;full-size;44,463351;-73,119023;44
1999;2001;1;8;143000;clean;automatic;4wd;full-size;43,1172;-88,3446;45
9795;2004;3;8;149347;clean;automatic;4wd;full-size;38,611926;-121,423565;59
10550;2006;3;8;154193;clean;automatic;4wd;;30,47553;-87,245404;65
27480;2014;3;6;47301;clean;automatic;4wd;mid-size;32,965063;-96,913304;67
3000;2004;2;8;215900;clean;automatic;4wd;full-size;41,3205;-82,4777;49
18898;2014;3;8;95101;clean;automatic;4wd;full-size;43,204762;-75,440834;53
11999;2004;3;8;82200;clean;automatic;4wd;full-size;41,1607;-80,0841;53
7200;2010;3;8;190000;clean;automatic;4wd;full-size;44,5025;-87,9771;45
29494;2013;3;6;88363;clean;automatic;4wd;full-size;44,071509;-123,146439;50
9991;2007;2;8;152718;clean;automatic;rwd;full-size;37,650441;-97,335104;51
32886;2018;3;6;18517;clean;automatic;4wd;mid-size;43,78124;-88,50265;45
16900;2010;2;8;90000;clean;automatic;4wd;;43,328899;-96,767578;38
32999;2013;4;8;66000;clean;automatic;4wd;full-size;42,868175;-85,862086;45
16495;2014;2;6;122043;clean;automatic;4wd;full-size;42,477134;-82,949564;45
18990;2014;3;6;91383;clean;automatic;4wd;;43,223605;-76,802231;53
1000;1996;1;4;234000;clean;automatic;fwd;;42,7579;-114,7154;47
16995;2002;2;8;65336;clean;automatic;rwd;full-size;33,711509;-78,909582;60
9900;2007;3;8;125856;clean;automatic;rwd;mid-size;34,82834;-87,63558;61
21900;2011;2;6;122882;clean;automatic;4wd;full-size;31,316064;-89,437114;61
4900;2004;3;8;119000;rebuilt;automatic;rwd;;26,1951;-97,689;67
35890;2016;3;6;73560;clean;automatic;4wd;;49,204598;-123,139205;
23995;2017;3;6;25322;salvage;automatic;4wd;full-size;42,63675;-85,284644;45
3500;2001;3;8;170709;clean;automatic;rwd;full-size;36,192874;-95,75898;57
24483;2014;3;8;97215;clean;automatic;4wd;full-size;45,04393;-93,540273;43
5900;2006;3;8;201434;clean;automatic;4wd;full-size;40,157265;-105,10301;45
16995;2010;3;8;66075;clean;automatic;4wd;full-size;39,199669;-96,084194;51
5000;2003;2;8;180234;clean;automatic;rwd;full-size;26,4481;-98,2842;67
3300;2001;2;8;200000;clean;automatic;rwd;full-size;34,011902;-83,364644;59
20950;2016;2;6;114374;clean;automatic;rwd;full-size;33,512633;-86,79777;61
38995;2012;3;8;70274;clean;automatic;4wd;full-size;38,611926;-121,423565;59
26000;2013;3;6;86000;clean;automatic;4wd;full-size;47,5098;-111,2734;40
3295;2001;2;6;504000;clean;automatic;rwd;full-size;37,5564;-77,8798;55
10900;2006;3;8;99000;clean;automatic;4wd;full-size;42,24362;-71,826226;50
5995;1998;2;8;166685;clean;automatic;4wd;;31,810423;-106,238921;67
4000;1996;3;8;133000;clean;automatic;rwd;full-size;60,4767;-149,8235;29
15000;2007;3;8;72500;clean;automatic;4wd;full-size;47,898761;-97,035818;38
9900;2008;3;8;137779;clean;automatic;;;26,92;-82,3048;65
30795;2014;3;6;24880;clean;automatic;4wd;full-size;38,588302;-89,923783;48
68000;2018;4;6;10300;lien;automatic;4wd;full-size;33,5412;-82,1398;59
32995;2015;3;6;63373;clean;automatic;4wd;full-size;45,832678;-95,388622;43
5999;2006;3;8;230;clean;automatic;rwd;;49,272481;-122,781229;
15000;1989;4;8;1;clean;automatic;4wd;;38,3939;-75,3552;56
22000;2013;2;4;90497;clean;automatic;4wd;full-size;34,0558;-78,9161;60
9550;2006;3;8;168942;clean;automatic;4wd;mid-size;44,87313;-87,89568;45
5975;2003;2;8;193509;clean;automatic;rwd;full-size;38,213303;-85,785762;50
27898;2018;5;6;895;clean;automatic;rwd;full-size;49,184885;-122,801111;
31990;2011;2;8;141880;clean;other;4wd;full-size;35,707183;-78,660826;56
14995;2012;2;8;112698;clean;automatic;;;36,239189;-94,137612;59
14000;2013;2;6;73000;rebuilt;automatic;4wd;full-size;42,0511;-72,7706;50
42888;2016;3;6;23667;clean;automatic;4wd;;47,830597;-110,662694;40
2200;2002;2;8;118000;clean;automatic;4wd;full-size;43,1188;-87,9478;45
15950;2014;2;8;122545;clean;automatic;4wd;full-size;38,692648;-82,857744;49
10900;2012;3;6;190000;rebuilt;automatic;;;29,4388;-98,4935;67
4200;2007;2;6;170000;clean;automatic;rwd;full-size;35,0604;-80,6958;56
7900;2010;2;8;167200;clean;automatic;rwd;full-size;35,182799;-101,838068;67
1800;1997;1;6;215319;clean;automatic;;mid-size;29,840573;-95,513002;67
1100;1988;2;8;169000;clean;automatic;rwd;full-size;37,371794;-77,404518;55
10000;1997;3;8;153261;salvage;automatic;4wd;full-size;36,0088;-75,6757;56
15995;2009;4;8;115000;clean;automatic;4wd;full-size;44,8828;-93,2007;43
9880;2006;3;8;112490;clean;automatic;4wd;mid-size;44,87313;-87,89568;45
35190;2016;3;8;14926;clean;automatic;4wd;mid-size;44,4737;-88,06308;45
19900;2016;2;6;99811;clean;automatic;rwd;full-size;31,316064;-89,437114;61
23900;2012;2;8;112000;clean;automatic;4wd;full-size;45,173112;-87,609732;45
14999;2010;3;8;109333;clean;automatic;4wd;full-size;42,550206;-114,462303;47
6950;2009;3;8;181722;clean;automatic;4wd;mid-size;42,64387;-84,0733;45
18950;2010;3;8;145278;clean;automatic;4wd;full-size;37,286501;-80,056719;55
34855;2016;2;8;15829;clean;automatic;4wd;full-size;43,078373;-92,317804;47
9990;2012;2;8;127501;clean;automatic;rwd;full-size;40,468826;-74,281734;52
15975;2008;3;8;55131;clean;automatic;4wd;full-size;43,204762;-75,440834;53
36900;2014;2;8;99110;clean;automatic;4wd;full-size;31,316064;-89,437114;61
12488;2010;2;8;144570;clean;automatic;4wd;full-size;42,892121;-85,665539;45
21000;2014;2;8;76000;clean;automatic;4wd;full-size;39,626481;-106,072783;45
5900;1999;3;6;73000;clean;automatic;rwd;full-size;30,1502;-94,0008;67
24000;2011;3;8;90750;clean;automatic;4wd;full-size;36,016678;-94,257202;59
3200;2003;2;6;136000;clean;automatic;rwd;full-size;35,2527;-85,163;59
999;2011;2;8;85000;clean;automatic;4wd;;41,0334;-81,4385;49
19295;2013;3;6;161929;clean;automatic;4wd;;45,121187;-92,693325;45
12950;2011;2;6;130105;clean;automatic;rwd;full-size;33,512633;-86,79777;61
13900;2010;3;8;112000;clean;automatic;4wd;full-size;39,841545;-96,617757;51
16593;2014;2;6;71112;clean;automatic;rwd;full-size;41,139572;-96,239355;46
17000;2010;3;8;70000;clean;automatic;4wd;;41,5968;-70,5671;50
9777;2006;3;8;152536;clean;automatic;4wd;full-size;38,159627;-85,697708;50
17979;2010;2;8;86872;clean;automatic;4wd;full-size;43,122774;-88,52791;45
35995;2016;2;8;19050;clean;automatic;4wd;full-size;43,078373;-92,317804;47
4500;2007;1;8;60000;clean;automatic;4wd;full-size;41,751625;-71,677337;49
12688;2010;2;8;144570;clean;automatic;4wd;full-size;42,892121;-85,665539;45
1800;1984;2;6;20296;clean;manual;;;44,0223;-121,2985;50
3500;2001;3;8;170709;clean;automatic;rwd;full-size;36,192874;-95,75898;57
7500;2004;3;8;172000;clean;automatic;4wd;full-size;39,0274;-94,2087;52
4500;1979;2;8;88257;clean;automatic;rwd;;38,6404;-75,6041;54
6995;2003;3;8;132513;clean;automatic;rwd;full-size;44,06625;-123,138542;50
19176;2014;2;8;114688;clean;automatic;4wd;full-size;39,572482;-104,993195;45
21990;2014;3;8;96079;clean;automatic;4wd;full-size;43,153808;-75,930719;53
21500;2015;4;8;41000;rebuilt;automatic;4wd;mid-size;34,9803;-81,9168;60
16995;2002;2;8;65336;clean;automatic;rwd;full-size;33,711509;-78,909582;60
5997;2003;2;8;172200;clean;automatic;rwd;;32,427868;-86,467649;61
7450;2004;4;8;50425;clean;automatic;rwd;full-size;27,873066;-82,786729;65
18888;2010;3;8;85811;clean;automatic;4wd;;47,830597;-110,662694;40
12800;2010;3;8;146000;rebuilt;automatic;4wd;;37,0174;-86,4518;50
40990;2013;3;8;45329;clean;automatic;4wd;mid-size;43,75891;-87,75358;45
16950;2010;3;8;88402;rebuilt;automatic;4wd;full-size;44,409698;-89,880948;45
8000;1957;2;8;1234567;clean;automatic;rwd;;33,6539;-85,8382;61
22890;2014;3;8;80930;clean;automatic;4wd;full-size;43,154184;-75,932093;53
19950;2013;2;8;145533;clean;automatic;4wd;full-size;30,649625;-88,127994;61
17995;2014;2;6;122043;clean;automatic;4wd;full-size;42,477134;-82,949564;45
17500;2010;2;8;45000;clean;automatic;4wd;full-size;40,55984;-74,3368;52
13450;2013;2;8;195580;clean;automatic;4wd;full-size;43,156576;-83,700959;45
14900;2014;3;8;63745;clean;automatic;rwd;full-size;36,277213;-80,339822;56
8000;2007;2;8;148000;clean;automatic;4wd;full-size;44,5548;-68,4121;44
10999;2007;3;6;97366;clean;automatic;rwd;;35,0528;-82,054;60
24888;2014;3;8;62084;clean;automatic;4wd;;47,830597;-110,662694;40
2000;2005;1;6;190000;clean;automatic;;;28,827567;-81,880426;65
18900;2011;4;8;99488;clean;automatic;4wd;;36,188932;-94,138053;59
8995;2006;3;8;138975;clean;automatic;4wd;full-size;40,842755;-96,694022;46
3900;1999;3;6;184000;rebuilt;manual;rwd;full-size;36,8764;-94,8719;57
3900;1997;3;8;152000;clean;automatic;rwd;full-size;35,377265;-119,042538;59
18500;2011;2;8;85250;lien;automatic;4wd;full-size;40,9;-80,8619;49
25900;2013;3;8;95208;clean;automatic;4wd;full-size;36,277213;-80,339822;56
16000;2010;3;8;163000;clean;automatic;4wd;full-size;37,784988;-89,119029;48
7999;2005;3;8;116116;clean;automatic;rwd;full-size;27,875196;-82,786723;65
10900;2011;2;8;164000;clean;automatic;4wd;full-size;43,1406;-93,385;47
20000;2004;3;8;159000;clean;automatic;4wd;full-size;41,64528;-70,865855;50
12300;2005;3;8;124000;clean;automatic;4wd;full-size;40,8764;-88,6328;48
44870;2016;3;6;61125;clean;automatic;4wd;full-size;49,184885;-122,801111;
24900;2012;3;8;101740;clean;automatic;4wd;mid-size;36,28962;-95,31964;57
3500;2002;2;8;214500;clean;automatic;4wd;full-size;36,604332;-121,889319;59
17987;2011;3;8;63503;clean;automatic;4wd;full-size;37,911918;-84,559276;50
27900;2016;2;6;36099;clean;automatic;4wd;full-size;31,316064;-89,437114;61
4000;1991;3;8;155000;clean;automatic;rwd;;30,5012;-87,8835;61
26998;2016;4;6;68000;clean;automatic;4wd;full-size;28,0173;-82,4578;65
32000;2015;3;6;31052;clean;automatic;4wd;mid-size;46,59003;-95,57416;43
1500;1998;2;6;186663;clean;manual;rwd;full-size;41,4351;-90,4652;48
9995;2008;3;8;94657;clean;automatic;4wd;;45,2617;-88,078;45
17995;2013;2;8;102893;clean;automatic;rwd;full-size;35,661076;-78,703988;56
2700;1999;2;6;172000;clean;automatic;rwd;;35,2023;-88,2005;59
14988;2010;3;8;0;clean;automatic;4wd;;42,099255;-72,60989;50
16995;2002;2;8;65336;clean;automatic;rwd;full-size;33,711509;-78,909582;60
3695;2004;3;8;130000;clean;automatic;rwd;;31,757804;-106,398661;67
27480;2014;3;6;47301;clean;automatic;4wd;mid-size;32,965063;-96,913304;67
1500;2005;1;8;240000;clean;automatic;;mid-size;37,087524;-113,558121;50
16788;2014;2;6;127865;clean;automatic;4wd;full-size;42,892121;-85,665539;45
27995;2014;3;6;64290;clean;automatic;4wd;;47,830597;-110,662694;40
7800;2008;2;8;113682;clean;automatic;rwd;;39,0957;-84,1451;49
4295;1997;3;8;143400;clean;automatic;4wd;full-size;43,657988;-73,043468;44
14995;2011;2;6;98631;clean;automatic;4wd;;42,370158;-83,310474;45
15988;2006;2;6;106697;clean;automatic;4wd;full-size;43,630744;-116,251228;47
14995;2010;3;8;158843;clean;automatic;4wd;;38,257745;-77,495224;55
18950;2014;2;6;56527;clean;automatic;rwd;full-size;33,512633;-86,79777;61
18898;2014;3;8;95101;clean;automatic;4wd;full-size;43,204762;-75,440834;53
7900;2007;4;8;66735;clean;automatic;rwd;full-size;41,7101;-85,9729;48
7195;2008;2;8;154949;clean;automatic;4wd;full-size;34,816105;-88,330275;61
7900;2006;3;8;120254;clean;automatic;4wd;full-size;42,325755;-92,209389;47
27963;2015;4;6;46063;clean;automatic;4wd;full-size;41,344632;-75,688506;53
18499;2010;3;8;81032;clean;automatic;4wd;full-size;42,989707;-78,873274;53
2500;2000;2;8;144000;clean;automatic;rwd;full-size;27,4547;-82,5359;65
32658;2015;3;8;31422;clean;automatic;4wd;mid-size;44,52039;-88,06645;45
20100;2011;3;8;115000;lien;automatic;4wd;full-size;44,4741;-89,8003;45
9000;2007;2;8;152026;clean;automatic;;;43,3661;-90,4302;45
750;2003;1;8;301000;clean;automatic;rwd;full-size;33,502597;-86,868624;61
13500;2013;3;8;164000;clean;automatic;4wd;;33,5463;-101,8577;67
11995;2014;2;6;155425;clean;automatic;rwd;full-size;42,477134;-82,949564;45
10500;2013;2;6;82343;clean;automatic;rwd;full-size;36,1163;-79,6684;56
5995;1998;2;8;169722;clean;automatic;4wd;full-size;31,217814;-82,357716;59
4700;2001;3;6;100500;clean;manual;rwd;;37,694228;-97,46418;51
27500;2014;2;6;90573;clean;automatic;4wd;full-size;35,707183;-78,660826;56
32995;2016;3;6;22633;clean;automatic;4wd;full-size;38,671618;-94,36651;52
11695;2010;3;8;151324;clean;automatic;4wd;full-size;42,826342;-85,662761;45
14995;2010;3;8;162403;clean;automatic;4wd;full-size;42,701772;-89,008858;45
27995;2015;3;8;113168;clean;automatic;4wd;full-size;38,671618;-94,36651;52
22500;2012;3;8;71000;clean;automatic;4wd;full-size;40,528636;-80,329056;53
21990;2014;3;8;96079;clean;automatic;4wd;full-size;43,154559;-75,931921;53
2400;1995;2;6;193840;clean;manual;rwd;full-size;35,98248;-83,922869;59
2500;2000;2;8;213000;clean;automatic;rwd;full-size;40,167486;-122,238189;59
30500;2016;3;6;62000;clean;automatic;4wd;full-size;33,9976;-86,2346;61
12500;2006;3;8;158302;clean;automatic;4wd;full-size;38,389279;-75,345294;56
2400;1998;1;8;249000;clean;automatic;;full-size;30,483042;-87,169398;65
5800;2008;3;6;158000;clean;automatic;rwd;;42,1961;-85,2311;45
1500;1999;1;6;145000;clean;automatic;;;24,667;-81,5099;65
29500;2014;3;6;38150;clean;automatic;4wd;full-size;41,427166;-91,053228;47
6999;2005;3;8;110112;clean;automatic;4wd;full-size;27,873066;-82,786729;65
15998;2010;2;8;168746;clean;automatic;4wd;full-size;35,01845;-85,204983;59
2995;2000;2;6;90000;clean;automatic;rwd;full-size;42,978146;-82,456159;45
16995;2009;3;8;136101;clean;automatic;4wd;full-size;38,159627;-85,697708;50
19995;2014;3;8;35840;clean;automatic;4wd;full-size;42,636658;-85,284612;45
1800;2000;2;6;256;clean;manual;rwd;full-size;30,6902;-87,3852;65
5550;2007;1;6;82;clean;manual;rwd;full-size;45,004865;-122,97924;50
11995;2007;3;8;137153;clean;automatic;4wd;full-size;36,3356;-94,1963;59
22890;2014;3;8;80930;clean;automatic;4wd;full-size;43,154058;-75,931234;53
6000;2004;3;8;139000;clean;automatic;4wd;full-size;28,4566;-80,7978;65
7600;2006;2;8;127000;clean;automatic;4wd;;42,247944;-83,602273;45
61955;2017;2;6;21946;clean;automatic;4wd;full-size;42,504823;-92,405569;47
14995;2009;3;8;119000;clean;automatic;4wd;full-size;43,3047;-96,4363;47
13995;2009;3;8;146168;clean;automatic;4wd;mid-size;43,05929;-71,44274;43
30990;2015;2;8;106462;clean;automatic;4wd;full-size;35,707183;-78,660826;56
32624;2018;3;6;11;clean;automatic;4wd;;47,830597;-110,662694;40
38999;2016;3;8;13202;clean;automatic;4wd;mid-size;43,75891;-87,75358;45
6900;2003;2;5;165000;clean;automatic;fwd;mid-size;37,8989;-121,6054;59
13000;2008;2;8;115130;clean;automatic;4wd;full-size;38,765662;-104,812334;45
18974;2011;3;6;114267;clean;automatic;4wd;full-size;45,750271;-111,184096;40
33490;2016;3;6;32633;clean;automatic;4wd;mid-size;43,75891;-87,75358;45
800;1995;1;8;324000;clean;automatic;4wd;;61,5923;-149,3959;29
2600;2000;3;6;215355;clean;manual;rwd;mid-size;34,2141;-119,175;59
5500;2007;2;8;186000;clean;automatic;rwd;full-size;33,453897;-88,821979;61
39900;2016;2;6;74544;clean;automatic;4wd;full-size;31,316064;-89,437114;61
8998;2008;2;8;72857;clean;automatic;4wd;full-size;39,815075;-105,024771;45
3200;1992;3;6;95000;clean;manual;rwd;full-size;42,6887;-72,451;50
25500;2014;3;6;34000;clean;automatic;rwd;;35,0298;-120,4894;59
24995;2014;2;6;94921;clean;automatic;4wd;full-size;35,086515;-106,563609;45
4500;1990;1;6;103500;clean;manual;4wd;;46,528;-89,168;45
59995;2017;2;6;24737;clean;automatic;4wd;full-size;42,504823;-92,405569;47
5000;2001;2;8;249000;clean;automatic;4wd;full-size;40,178093;-122,23192;59
12899;2015;3;6;128542;clean;automatic;;;29,488156;-98,502702;67
6999;2002;3;8;119726;clean;automatic;4wd;full-size;41,9521;-91,6853;47
7995;2004;2;8;213000;clean;automatic;4wd;full-size;36,524217;-86,026782;59
9788;2004;3;8;149347;clean;automatic;4wd;full-size;38,611926;-121,423565;59
8500;2006;2;8;203000;clean;automatic;4wd;full-size;30,48528;-84,313475;65
22888;2010;3;8;48736;clean;automatic;4wd;;47,830597;-110,662694;40
12550;2007;3;8;139875;clean;automatic;4wd;mid-size;44,57437;-88,16024;45
3995;2006;2;8;243738;clean;automatic;;full-size;39,073454;-95,664519;51
2395;1992;2;6;181924;clean;automatic;;full-size;36,678966;-121,647459;59
35890;2016;3;6;73560;clean;automatic;4wd;;49,204598;-123,139205;
6950;2008;3;8;130000;rebuilt;automatic;rwd;full-size;27,5155;-99,4986;67
25975;2014;4;8;28703;clean;automatic;rwd;full-size;30,421564;-87,25144;65
28990;2015;3;8;37271;clean;automatic;4wd;full-size;43,154684;-75,930204;53
4995;2005;3;8;204333;clean;automatic;4wd;;45,2617;-88,078;45
4750;2003;2;8;139678;clean;automatic;4wd;full-size;39,807;-79,5832;53
19700;2015;2;6;142282;clean;automatic;4wd;full-size;42,504823;-92,405569;47
7200;2008;2;8;145712;clean;automatic;rwd;full-size;33,9418;-84,0706;59
13490;2004;2;8;148459;clean;automatic;4wd;full-size;27,631375;-80,356205;65
16900;2014;2;8;161236;clean;automatic;4wd;full-size;36,644835;-93,218011;52
13995;2008;3;8;105033;clean;automatic;4wd;full-size;43,223552;-77,372473;53
1100;1987;1;8;142400;clean;automatic;4wd;full-size;41,2998;-75,9711;53
38995;2012;3;8;70274;clean;automatic;4wd;full-size;38,611926;-121,423565;59
2500;1990;2;8;20000;clean;manual;4wd;full-size;38,042021;-121,486592;59
18977;2015;3;6;87679;clean;automatic;rwd;full-size;27,848654;-82,690316;65
29780;2015;2;8;76711;clean;automatic;4wd;full-size;39,019586;-94,574291;52
14990;2007;3;8;165711;clean;automatic;4wd;full-size;32,867351;-97,262497;67
20000;2011;2;6;103473;clean;automatic;rwd;full-size;35,01845;-85,204983;59
9660;2006;3;8;179931;clean;automatic;4wd;mid-size;44,87313;-87,89568;45
15200;2010;2;8;110000;clean;automatic;4wd;full-size;37,3951;-94,7105;51
33482;2016;3;8;42995;clean;automatic;4wd;full-size;38,671618;-94,36651;52
3000;2007;2;8;190000;clean;automatic;rwd;full-size;33,9455;-117,3757;59
11950;2007;3;8;77533;clean;automatic;4wd;full-size;37,286501;-80,056719;55
6900;2002;2;6;123000;clean;automatic;;;29,7705;-95,7107;67
4000;1993;2;8;173000;clean;automatic;rwd;;35,502412;-96,673679;57
2950;2004;2;8;145000;clean;automatic;rwd;full-size;33,3354;-111,8153;71
31225;2016;3;8;56202;clean;automatic;4wd;mid-size;43,75891;-87,75358;45
25950;2013;2;6;145375;clean;automatic;4wd;full-size;30,649625;-88,127994;61
38995;2012;3;8;70274;clean;automatic;4wd;full-size;38,611926;-121,423565;59
4200;2007;2;6;170000;clean;automatic;rwd;full-size;35,0604;-80,6958;56
3000;1998;2;8;218668;clean;automatic;4wd;full-size;40,902588;-81,150479;49
2500;1998;1;6;183000;clean;automatic;4wd;full-size;36,3725;-96,0123;57
18900;2013;2;8;68284;clean;automatic;rwd;full-size;31,316064;-89,437114;61
6990;2010;3;8;185629;clean;automatic;4wd;full-size;41,117453;-81,349004;49
7950;2007;2;8;200998;clean;automatic;rwd;full-size;34,614367;-97,967015;57
15987;2010;3;8;82720;clean;automatic;4wd;full-size;47,399501;-122,297349;50
27850;2013;3;6;60852;clean;automatic;4wd;full-size;47,830597;-110,662694;40
14995;2009;3;8;140149;clean;automatic;4wd;full-size;38,159627;-85,697708;50
12250;2010;2;8;108492;clean;automatic;4wd;;47,7797;-96,5931;43
18900;2011;2;6;123386;clean;automatic;4wd;full-size;31,316064;-89,437114;61
29600;2015;3;6;24753;clean;automatic;rwd;mid-size;34,74851;-77,41559;56
3200;2003;2;8;154000;clean;automatic;4wd;;41,3691;-71,8126;49
2495;2000;2;6;90000;clean;automatic;rwd;full-size;42,978146;-82,456159;45
17950;2013;2;6;162530;clean;automatic;4wd;full-size;34,614367;-97,967015;57
4800;2004;2;8;174000;clean;automatic;4wd;;37,162345;-93,290808;52
2995;2003;2;8;217217;clean;manual;;full-size;42,03519;-91,559347;47
9880;2006;3;8;112213;clean;automatic;4wd;mid-size;44,87313;-87,89568;45
30000;2013;4;6;84458;clean;automatic;4wd;full-size;40,7056;-111,8548;50
29500;2013;3;6;76550;clean;automatic;4wd;full-size;32,5317;-92,176;67
11900;2009;2;8;172454;clean;automatic;4wd;full-size;39,836427;-86,120767;48
32000;2017;4;6;8500;lien;automatic;rwd;full-size;31,9959;-81,2358;59
17995;2010;3;8;115453;clean;automatic;4wd;full-size;38,159627;-85,697708;50
4000;2001;2;8;209000;clean;automatic;4wd;full-size;33,5059;-81,6951;60
6999;2005;3;8;145000;clean;automatic;4wd;full-size;42,484503;-92,324974;47
13900;2013;2;6;209795;clean;automatic;4wd;full-size;43,029559;-89,397796;45
12850;2008;3;8;179000;clean;automatic;4wd;full-size;35,717005;-78,625739;56
27995;2016;3;6;42207;clean;automatic;4wd;full-size;40,953292;-98,418422;46
8494;2002;2;8;78901;clean;automatic;4wd;full-size;40,396358;-74,359608;52
7900;2007;2;8;146000;clean;automatic;rwd;full-size;33,3299;-101,7122;67
21993;2012;3;6;63440;clean;automatic;4wd;full-size;45,750271;-111,184096;40
11700;2010;2;8;144570;clean;automatic;4wd;full-size;42,892121;-85,665539;45
4500;2006;2;8;194000;clean;automatic;4wd;full-size;41,1623;-83,4139;49
6500;2006;2;8;170000;clean;automatic;4wd;full-size;42,3688;-83,4799;45
14850;2014;4;6;39000;salvage;automatic;rwd;full-size;32,6084;-117,0565;59
5979;1999;2;8;178825;clean;automatic;4wd;full-size;42,550206;-114,462303;47
21480;2013;3;8;64412;rebuilt;automatic;4wd;full-size;44,409987;-89,880544;45
1;2014;3;6;117123;clean;automatic;rwd;full-size;29,975385;-90,172386;67
16500;2010;3;8;91275;clean;automatic;4wd;full-size;42,3989;-123,3538;50
16000;2012;3;8;132000;clean;automatic;4wd;;47,668248;-117,415416;50
3250;2003;2;8;239446;clean;automatic;fwd;;39,0421;-95,6449;51
5990;2004;4;8;210445;clean;automatic;4wd;full-size;38,731803;-90,073678;48
18995;2015;2;6;142282;clean;automatic;4wd;full-size;42,504823;-92,405569;47
23500;2012;3;6;100710;clean;automatic;4wd;full-size;36,060541;-95,795447;57
24988;2012;4;6;85572;clean;automatic;4wd;;30,457703;-84,347448;65
20995;2014;3;6;157556;clean;automatic;;full-size;42,701772;-89,008858;45
2150;2000;2;8;217000;clean;automatic;rwd;;39,006246;-92,401371;52
9490;2005;3;8;161000;clean;automatic;;;46,450007;-95,12469;43
35188;2015;3;8;82626;clean;automatic;4wd;;45,121187;-92,693325;45
20495;2013;3;6;108500;clean;automatic;4wd;full-size;42,6124;-83,0345;45
6000;2000;3;8;69600;clean;automatic;rwd;full-size;32,832296;-97,169012;67
13200;2008;3;8;111102;clean;automatic;rwd;mid-size;34,83092;-87,62284;61
19950;2013;2;6;143088;clean;other;4wd;full-size;37,132515;-94,474498;52
16899;2013;2;8;110305;clean;automatic;rwd;full-size;29,658215;-98,51942;67
48740;2016;3;6;30870;clean;automatic;4wd;full-size;49,184885;-122,801111;
16500;2012;3;6;131000;clean;automatic;4wd;;27,938174;-82,00264;65
2500;1997;1;8;174309;clean;automatic;4wd;full-size;39,2963;-76,1008;56
28488;2015;4;8;79557;clean;automatic;4wd;full-size;43,558671;-92,009977;43
31990;2016;3;6;22726;clean;automatic;4wd;full-size;43,154559;-75,935354;53
7900;2005;3;8;101000;clean;automatic;4wd;full-size;42,484503;-92,324974;47
9990;2007;3;8;170000;clean;automatic;;;46,450007;-95,12469;43
9995;2006;3;8;115500;clean;automatic;rwd;full-size;40,83598;-96,725713;46
21995;2010;2;8;96378;clean;automatic;4wd;;50,045346;-125,269028;
3000;1986;2;8;154000;clean;automatic;rwd;full-size;30,9524;-86,4003;65
5400;2008;4;8;170;clean;automatic;rwd;full-size;33,721;-118,0033;59
24975;2013;3;8;56482;clean;automatic;4wd;full-size;43,204762;-75,440834;53
32995;2015;2;8;62688;clean;automatic;4wd;full-size;42,970214;-90,112347;45
1000;1997;1;6;230000;clean;automatic;4wd;full-size;42,2166;-89,0512;48
1600;1999;1;8;239000;clean;automatic;4wd;full-size;40,3107;-88,1462;48
14300;2013;2;8;76000;rebuilt;automatic;4wd;;61,5923;-149,3959;29
25233;2016;3;6;27218;clean;automatic;4wd;mid-size;41,24643;-81,35853;49
29600;2015;3;6;24753;clean;automatic;rwd;mid-size;34,74851;-77,41559;56
17770;2011;3;6;118517;clean;automatic;4wd;mid-size;44,57437;-88,16024;45
15880;2010;3;8;127094;clean;automatic;4wd;mid-size;44,54929;-88,04897;45
28000;2015;4;6;61000;clean;automatic;;;43,6453;-85,0046;45
7995;2006;3;8;172000;clean;automatic;rwd;;30,0098;-90,163;67
5998;1997;2;8;100828;clean;automatic;4wd;full-size;44,282904;-121,17374;50
15900;2003;3;8;95434;clean;automatic;rwd;full-size;32,252358;-110,978487;71
7499;2005;3;8;127806;clean;automatic;;full-size;27,875196;-82,786723;65
8995;2003;3;6;66725;clean;automatic;rwd;full-size;39,494492;-119,78862;46
1800;1980;2;6;90000;clean;manual;rwd;full-size;34,892317;-87,793872;61
4650;1997;1;8;160100;clean;automatic;4wd;full-size;39,188676;-95,561972;51
10950;2008;2;8;175295;clean;automatic;4wd;full-size;34,614367;-97,967015;57
6300;2002;3;8;110000;clean;automatic;rwd;full-size;32,7893;-115,5665;59
1;1993;3;8;43500;clean;automatic;4wd;full-size;38,3006;-76,5312;56
1600;2000;1;8;170255;rebuilt;automatic;4wd;full-size;40,764373;-82,349503;49
17595;2013;2;8;134523;clean;automatic;4wd;full-size;35,796126;-78,554108;56
4890;2002;3;8;206000;clean;automatic;;;46,450007;-95,12469;43
2800;1987;2;6;104365;clean;manual;rwd;full-size;34,2846;-119,2222;59
3500;1993;2;8;149736;clean;other;;full-size;45,792754;-108,48371;40
25999;2013;3;6;61637;clean;automatic;4wd;mid-size;43,78124;-88,50265;45
13500;2007;3;8;76123;clean;automatic;4wd;full-size;39,870637;-84,136391;49
10500;2004;3;8;132000;clean;automatic;4wd;;35,98469;-94,080784;59
13995;2013;2;8;92962;clean;automatic;rwd;full-size;29,918372;-81,325107;65
20995;2010;3;8;128836;clean;automatic;4wd;full-size;38,588302;-89,923783;48
499;2016;3;6;11699;clean;automatic;fwd;full-size;40,0009;-82,6687;49
38988;2016;4;8;28950;clean;automatic;4wd;full-size;49,217779;-122,642126;
14500;2011;3;8;126000;clean;automatic;4wd;full-size;43,3047;-96,4363;47
32870;2015;3;6;59364;clean;automatic;4wd;full-size;49,184885;-122,801111;
4850;1995;2;8;130000;clean;automatic;rwd;;39,4277;-76,3055;56
12000;2006;3;8;121;clean;automatic;rwd;;30,49688;-97,820271;67
17995;2011;2;6;100709;clean;automatic;4wd;full-size;39,928215;-105,148438;45
16995;2010;3;8;70816;clean;automatic;4wd;full-size;43,223552;-77,372473;53
11995;2008;3;8;148484;clean;automatic;4wd;full-size;45,518031;-122,578752;50
9880;2006;3;8;112213;clean;automatic;4wd;mid-size;44,87313;-87,89568;45
21995;2014;2;6;81275;clean;automatic;rwd;full-size;36,08996;-96,05206;57
5800;2006;2;8;170;salvage;automatic;;;38,5662;-121,3286;59
32624;2018;3;6;11;clean;automatic;4wd;;47,830597;-110,662694;40
17995;2011;3;6;133260;clean;automatic;4wd;full-size;42,838576;-71,10688;43
5000;2004;3;8;113438;clean;automatic;rwd;;39,71819;-86,35679;48
26900;2015;3;6;96233;clean;automatic;4wd;;40,007891;-104,818353;45
24600;2010;3;8;63970;clean;automatic;4wd;mid-size;38,88358;-94,79383;51
24999;2011;4;8;67000;clean;automatic;4wd;full-size;42,868175;-85,862086;45
19995;2014;2;6;121823;clean;automatic;4wd;full-size;41,663314;-86,113057;48
25870;2014;3;6;67630;clean;automatic;4wd;full-size;38,584848;-89,985587;48
26994;2014;3;6;45726;clean;automatic;4wd;mid-size;44,4737;-88,06308;45
22890;2014;3;8;80930;clean;automatic;4wd;full-size;43,154184;-75,932093;53
14495;2010;3;8;100111;clean;automatic;4wd;mid-size;42,58998;-83,03095;45
28925;2015;3;6;36296;clean;automatic;4wd;mid-size;42,18631;-71,83726;50
12500;2013;2;6;80000;salvage;automatic;;;32,7059;-117,0524;59
6799;2003;3;8;81731;clean;automatic;rwd;full-size;40,050455;-84,193339;49
1000;1993;1;8;220000;clean;automatic;4wd;full-size;39,7551;-94,8173;52
20500;2013;2;6;93461;clean;automatic;4wd;full-size;41,0562;-86,6307;48
16995;2002;2;8;65336;clean;automatic;rwd;full-size;33,711509;-78,909582;60
3995;1995;2;6;226000;clean;manual;rwd;full-size;36,3425;-88,8554;59
20995;2009;2;8;99833;clean;automatic;rwd;full-size;33,874698;-117,530974;59
2990;1994;2;8;71032;clean;automatic;4wd;full-size;44,306664;-96,751728;38
4400;2004;3;8;205000;clean;automatic;4wd;;42,4834;-91,449;47
27995;2016;3;6;42207;clean;automatic;4wd;full-size;40,83598;-96,725713;46
26699;2014;3;6;52746;clean;automatic;4wd;mid-size;43,78124;-88,50265;45
9000;2005;3;8;116850;lien;automatic;rwd;full-size;36,287318;-119,32045;59
18995;2010;2;8;113256;clean;automatic;4wd;full-size;39,733601;-94,828925;52
5500;2002;2;8;173600;clean;automatic;4wd;;42,200531;-92,017021;47
38888;2015;3;6;47286;clean;automatic;4wd;;47,830597;-110,662694;40
12999;2009;2;8;160761;clean;automatic;4wd;full-size;44,761727;-68,787296;44
3250;1990;3;6;142000;clean;manual;rwd;full-size;36,9528;-119,8806;59
4990;2004;3;8;156830;clean;automatic;4wd;full-size;40,857729;-96,645223;46
26500;2013;3;6;95000;clean;automatic;4wd;full-size;33,463956;-94,120979;67
14850;2010;3;8;131664;clean;automatic;4wd;mid-size;42,64387;-84,0733;45
17998;2011;3;6;90082;clean;automatic;4wd;mid-size;42,22969;-83,48548;45
18995;2013;2;8;73287;clean;automatic;rwd;full-size;35,661076;-78,703988;56
9892;2006;2;8;165650;clean;automatic;4wd;full-size;41,46389;-81,7693;49
20990;2013;3;6;56000;clean;automatic;;;46,450007;-95,12469;43
15999;2008;4;8;85000;clean;automatic;4wd;full-size;41,5696;-81,5257;49
32482;2016;3;8;38205;clean;automatic;4wd;full-size;41,27492;-95,937231;46
9995;2006;3;8;152536;clean;automatic;4wd;full-size;38,159627;-85,697708;50
6999;2005;2;8;165500;clean;automatic;4wd;full-size;41,472457;-90,650722;47
25452;2013;3;8;37419;clean;automatic;4wd;mid-size;43,75891;-87,75358;45
2500;2000;1;6;135000;clean;manual;4wd;full-size;35,727;-77,9227;56
3900;1987;2;8;57800;clean;manual;;;33,4508;-79,1341;60
22950;2011;3;6;99010;clean;automatic;4wd;mid-size;35,725717;-97,981122;57
6300;2008;1;8;241886;clean;automatic;4wd;;45,629671;-89,369985;45
63990;2018;3;6;8023;clean;automatic;4wd;full-size;43,154309;-75,931578;53
26777;2015;2;8;63453;clean;automatic;4wd;full-size;43,078373;-92,317804;47
3841;2006;3;8;154070;clean;automatic;rwd;mid-size;28,03978;-81,94071;65
53800;2017;4;6;40050;clean;automatic;4wd;full-size;49,184885;-122,801111;
1500;1995;1;4;225000;clean;manual;rwd;full-size;28,669375;-97,396889;67
23995;2015;3;8;108142;clean;automatic;4wd;full-size;38,671618;-94,36651;52
33855;2013;3;8;29540;clean;automatic;4wd;mid-size;44,52039;-88,06645;45
21900;2010;2;8;122275;clean;automatic;4wd;full-size;31,316064;-89,437114;61
20990;2012;3;6;70444;clean;automatic;4wd;full-size;43,154559;-75,931063;53
7995;2005;3;8;110112;clean;automatic;4wd;full-size;27,875196;-82,786723;65
16995;2010;3;8;88402;rebuilt;automatic;4wd;full-size;44,409554;-89,88115;45
58000;2018;4;8;22000;lien;automatic;4wd;full-size;31,8513;-81,6072;59
18880;2013;3;6;123674;clean;automatic;4wd;mid-size;44,57437;-88,16024;45
35542;2016;3;8;4651;clean;automatic;4wd;;43,852883;-88,855927;45
17800;2011;3;8;142500;clean;automatic;4wd;full-size;30,181756;-97,972469;67
15900;2010;2;8;100917;clean;automatic;4wd;;41,141;-84,5722;49
39894;2015;3;6;29531;clean;automatic;4wd;mid-size;44,52039;-88,06645;45
12750;2009;2;8;232000;clean;automatic;4wd;full-size;49,4806;-119,5858;
11950;2013;3;8;133953;clean;automatic;;full-size;31,737202;-106,370594;67
2999;1998;3;6;138000;clean;automatic;fwd;full-size;37,2117;-93,299;52
32624;2018;3;6;11;clean;automatic;4wd;;47,830597;-110,662694;40
45699;2017;3;6;9706;clean;automatic;4wd;full-size;48,435674;-122,325843;50
10888;2010;2;8;190000;clean;automatic;4wd;full-size;30,520244;-89,647288;61
10000;2005;2;8;136000;clean;automatic;4wd;;44,1447;-103,0759;38
4500;2004;1;8;169500;clean;automatic;4wd;;44,9689;-90,9389;45
8995;2003;2;8;183976;clean;automatic;;full-size;41,8896;-91,0605;47
34460;2016;3;6;46288;clean;automatic;4wd;full-size;49,184885;-122,801111;
9995;2010;3;8;144375;clean;automatic;rwd;full-size;38,611926;-121,423565;59
32795;2014;3;6;70850;clean;automatic;4wd;mid-size;34,59723;-112,3173;71
4995;2005;3;8;204333;clean;automatic;4wd;;45,2617;-88,078;45
600;1984;1;8;163400;clean;manual;4wd;full-size;38,4489;-78,8714;55
9550;2006;3;8;168942;clean;automatic;4wd;mid-size;44,87313;-87,89568;45
12995;2007;2;8;131182;clean;automatic;4wd;full-size;45,049163;-93,035945;43
25469;2014;2;8;122725;clean;automatic;4wd;full-size;31,607642;-89,196805;61
30995;2015;3;6;43316;clean;automatic;4wd;full-size;38,671618;-94,36651;52
20990;2010;3;8;98000;clean;automatic;4wd;;42,921109;-70,858581;43
12500;2011;3;8;151000;clean;automatic;4wd;;45,9985;-84,6978;45
16987;2012;3;8;108956;clean;automatic;4wd;full-size;37,911918;-84,559276;50
2900;1993;2;8;204000;clean;automatic;4wd;full-size;33,451535;-79,552652;60
13950;2011;2;8;146746;clean;automatic;;full-size;38,692648;-82,857744;49
6250;2004;2;8;175000;clean;automatic;rwd;;44,2172;-94,0942;43
17900;2010;3;8;150114;clean;automatic;4wd;mid-size;38,88358;-94,79383;51
22900;2015;3;8;99108;clean;automatic;4wd;full-size;33,066044;-89,593906;61
26897;2015;3;6;55260;clean;automatic;rwd;mid-size;35,18101;-89,89649;59
29500;2017;4;8;12600;clean;automatic;4wd;full-size;42,1508;-79,0964;53
28799;2013;3;8;65523;clean;automatic;4wd;mid-size;43,78124;-88,50265;45
25000;2013;2;8;56000;clean;automatic;4wd;full-size;43,286269;-76,134715;53
3900;2008;2;8;140848;clean;automatic;rwd;full-size;41,669081;-86,014431;48
28000;2014;3;8;84000;lien;automatic;4wd;full-size;34,0479;-81,1101;60
16995;2008;3;8;100593;clean;automatic;4wd;full-size;41,781722;-72,533825;51
2650;1977;2;6;115712;clean;manual;rwd;full-size;44,627;-92,5501;45
16599;2010;2;8;84065;clean;automatic;rwd;full-size;29,658215;-98,51942;67
12200;2008;3;8;109000;clean;automatic;4wd;full-size;46,91109;-120,870667;50
34995;2018;2;8;11811;clean;automatic;4wd;full-size;43,619439;-116,334449;47
34995;2015;3;6;63373;clean;automatic;4wd;full-size;45,832678;-95,388622;43
1000;1999;2;6;227000;clean;automatic;rwd;full-size;33,7934;-84,2585;59
34987;2018;3;6;10936;clean;automatic;4wd;mid-size;41,03056;-80,72808;49
24555;2014;3;6;76977;clean;automatic;4wd;full-size;45,1814;-93,8635;43
4890;2002;3;8;206000;clean;automatic;;;46,450007;-95,12469;43
9980;2007;3;8;194687;clean;automatic;4wd;full-size;37,070476;-93,230683;52
6975;2010;2;8;147222;clean;automatic;rwd;full-size;37,89327;-93,621892;52
5995;1997;4;6;109443;clean;automatic;rwd;full-size;41,294342;-72,899209;51
22000;2011;4;8;118500;clean;automatic;4wd;;40,310163;-120,550747;59
6250;2002;3;8;159000;clean;automatic;4wd;full-size;35,3661;-94,1917;59
10998;2007;3;8;121;clean;automatic;4wd;full-size;36,914782;-76,243681;55
19900;2016;2;6;99811;clean;automatic;rwd;full-size;31,316064;-89,437114;61
9850;2007;2;8;210000;clean;automatic;4wd;full-size;39,5405;-90,3317;48
6495;2012;3;8;120000;clean;automatic;;;32,7204;-97,0826;67
16788;2014;2;6;127865;clean;automatic;4wd;full-size;42,892121;-85,665539;45
16995;2002;2;8;65336;clean;automatic;rwd;full-size;33,711509;-78,909582;60
6500;1997;2;8;139300;clean;automatic;4wd;full-size;35,496037;-82,520113;56
7500;2004;2;8;193000;lien;automatic;4wd;;36,3339;-82,3408;59
14995;2009;3;8;140149;clean;automatic;4wd;full-size;38,159627;-85,697708;50
11977;2008;3;8;171488;clean;automatic;4wd;mid-size;44,87313;-87,89568;45
1750;2001;2;6;130000;clean;automatic;rwd;;45,400837;-96,63394;38
16304;2011;3;8;136668;clean;automatic;4wd;mid-size;43,78124;-88,50265;45
32499;2016;3;8;57407;clean;automatic;4wd;mid-size;44,52039;-88,06645;45
17885;2012;3;6;126347;clean;automatic;4wd;;37,167749;-113,415403;50
24750;2017;4;6;40000;clean;automatic;rwd;full-size;32,4671;-90,1087;61
25880;2014;3;6;104226;clean;automatic;4wd;mid-size;44,57437;-88,16024;45
4200;1993;2;8;153000;clean;automatic;4wd;;43,9217;-122,8424;50
21995;2012;4;8;73420;clean;automatic;4wd;full-size;61,166252;-149,857916;29
24987;2013;3;8;110879;clean;automatic;4wd;full-size;37,911918;-84,559276;50
7500;2006;3;8;219918;clean;automatic;4wd;full-size;35,872198;-80,156966;56
20890;2012;3;8;50079;clean;automatic;4wd;full-size;43,154434;-75,931406;53
33977;2018;3;8;13363;clean;automatic;4wd;mid-size;34,25343;-77,85125;56
6995;2008;2;8;175691;clean;automatic;4wd;full-size;45,52882;-93,369298;43
17770;2011;3;6;118517;clean;automatic;4wd;mid-size;44,57437;-88,16024;45
29500;2016;3;6;35488;clean;automatic;4wd;mid-size;42,55021;-83,7895;45
4400;2008;3;6;115989;clean;automatic;rwd;full-size;43,5821;-83,8781;45
39900;2016;2;6;74544;clean;automatic;4wd;full-size;31,316064;-89,437114;61
24995;2014;2;6;81630;clean;automatic;4wd;full-size;38,507881;-90,628233;52
3000;2008;3;8;91000;clean;automatic;rwd;;43,6221;-91,4837;43
17995;2011;2;8;120589;clean;automatic;4wd;full-size;43,315472;-73,61176;53
14690;2013;3;6;91568;clean;automatic;rwd;full-size;38,827255;-97,598441;51
12900;2011;3;8;177000;clean;automatic;4wd;full-size;44,524472;-88,076346;45
7600;2007;3;6;105000;clean;automatic;rwd;full-size;34,934943;-81,971208;60
13999;2014;3;8;136659;clean;automatic;rwd;full-size;33,881074;-84,533461;59
15392;2010;3;8;110951;clean;automatic;4wd;mid-size;36,31376;-95,31633;57
4200;2004;2;8;202000;clean;automatic;;;42,9959;-87,9944;45
30795;2014;3;6;24880;clean;automatic;4wd;full-size;38,588302;-89,923783;48
23499;2014;2;6;149278;clean;automatic;4wd;full-size;31,607642;-89,196805;61
26797;2011;3;8;46096;clean;automatic;4wd;mid-size;43,75891;-87,75358;45
34940;2012;3;8;93166;clean;automatic;4wd;full-size;30,219472;-97,759417;67
18990;2014;3;6;91383;clean;automatic;4wd;;43,223605;-76,802231;53
28000;2015;4;6;24050;clean;automatic;rwd;full-size;35,1506;-106,569;45
15000;2002;3;8;123;clean;automatic;rwd;full-size;27,3672;-82,4848;65
950;1998;1;8;130000;clean;automatic;rwd;full-size;42,8143;-89,6437;45
22695;2014;2;6;149278;clean;automatic;4wd;full-size;31,607642;-89,196805;61
4500;2004;2;8;174000;clean;manual;rwd;mid-size;34,421797;-119,678471;59
28900;2016;2;8;33307;clean;automatic;4wd;full-size;43,029559;-89,397796;45
18950;2010;3;8;145278;clean;automatic;4wd;full-size;37,286501;-80,056719;55
14995;2008;3;8;92053;clean;automatic;4wd;full-size;41,4351;-90,4652;48
21900;2015;2;6;149616;clean;automatic;4wd;full-size;31,316064;-89,437114;61
5000;2006;2;8;179000;clean;automatic;4wd;full-size;41,6895;-81,3421;49
15995;2010;2;8;90236;clean;automatic;4wd;full-size;35,661076;-78,703988;56
5000;1994;3;6;210000;clean;manual;4wd;;39,5354;-119,8374;46
35890;2016;3;6;73560;clean;automatic;4wd;;49,204598;-123,139205;
15997;2014;2;8;121722;clean;automatic;4wd;full-size;42,1621;-75,893726;53
20890;2012;3;8;50079;clean;automatic;4wd;full-size;43,154434;-75,931063;53
53800;2017;4;6;40050;clean;automatic;4wd;full-size;49,184885;-122,801111;
13990;2012;3;8;164000;clean;automatic;;;46,450007;-95,12469;43
9550;2006;3;8;168942;clean;automatic;4wd;mid-size;44,87313;-87,89568;45
62995;2017;3;6;22973;clean;automatic;4wd;full-size;34,244046;-77,860915;56
3250;1994;2;8;151000;clean;automatic;rwd;full-size;41,224505;-95,953774;46
5483;2004;2;8;152816;clean;automatic;4wd;full-size;41,46389;-81,7693;49
11880;2008;3;8;162820;clean;automatic;4wd;mid-size;44,57437;-88,16024;45
17000;2011;3;8;109250;clean;automatic;4wd;mid-size;39,01453;-94,66246;51
2650;1994;2;8;145000;clean;automatic;rwd;full-size;34,8763;-83,992;59
5935;2007;2;8;247746;clean;automatic;4wd;full-size;38,717906;-108,054869;45
7600;2007;3;6;105000;clean;automatic;rwd;full-size;34,934943;-81,971208;60
25990;2013;3;8;37419;clean;automatic;4wd;mid-size;43,75891;-87,75358;45
28995;2014;3;8;69679;clean;automatic;4wd;mid-size;34,59723;-112,3173;71
5000;2005;2;8;160000;clean;automatic;rwd;;36,967022;-86,470896;50
7400;2006;3;8;94600;clean;automatic;4wd;full-size;41,747;-73,8143;53
23995;2015;3;8;108142;clean;automatic;4wd;full-size;38,671776;-94,367098;52
16995;2012;3;6;125405;clean;automatic;4wd;full-size;37,640967;-122,058376;59
7900;2005;3;8;145267;clean;automatic;rwd;full-size;33,451747;-112,019144;71
11000;2006;2;8;107000;lien;automatic;4wd;full-size;42,0763;-80,0668;53
13990;2010;3;8;144000;clean;automatic;4wd;;46,450007;-95,12469;43
16995;2010;3;8;88402;rebuilt;automatic;4wd;full-size;44,409698;-89,880948;45
450;1997;2;6;102000;clean;automatic;4wd;full-size;44,203718;-69,467583;44
11000;2008;3;8;171000;lien;automatic;4wd;full-size;36,473479;-77,080936;56
39800;2015;3;6;81233;clean;automatic;4wd;mid-size;34,74851;-77,41559;56
12900;2010;2;8;133751;clean;automatic;4wd;full-size;37,10833;-93,054936;52
9700;2009;3;8;114331;clean;automatic;fwd;full-size;36,2417;-93,1062;59
3999;2003;2;8;230000;clean;automatic;rwd;full-size;35,333;-94,3082;59
18588;2009;3;8;119956;clean;automatic;4wd;full-size;40,007316;-85,946769;48
8250;2007;2;8;94486;clean;automatic;4wd;;45,666468;-93,911326;43
27995;2016;3;6;42207;clean;automatic;4wd;full-size;40,83598;-96,725713;46
24985;2014;3;6;12781;clean;automatic;rwd;mid-size;36,723981;-86,515325;50
14788;2009;2;8;153671;clean;automatic;4wd;full-size;42,892121;-85,665539;45
8000;2006;3;8;152500;clean;automatic;rwd;full-size;36,4794;-94,4521;59
4999;2006;3;8;190000;clean;automatic;;;29,718272;-95,674782;67
2950;1999;2;6;58000;clean;automatic;;;35,222108;-89,976856;59
11995;2014;2;6;155425;clean;automatic;rwd;full-size;42,477134;-82,949564;45
16788;2014;2;6;127865;clean;automatic;4wd;full-size;42,892121;-85,665539;45
20581;2016;3;6;5337;clean;automatic;rwd;mid-size;33,9379;-117,17763;59
10500;2011;3;8;158250;clean;automatic;4wd;full-size;35,975343;-95,887938;57
4950;2006;2;6;147652;clean;manual;;;33,99881;-85,050488;59
10900;2006;3;8;101000;clean;automatic;4wd;full-size;41,7004;-71,5183;49
4950;2006;2;6;147652;clean;manual;;;33,99881;-85,050488;59
5000;2000;2;8;167000;clean;automatic;rwd;full-size;32,4781;-85,124;61
9995;2003;3;8;192864;clean;automatic;4wd;full-size;41,781722;-72,533825;51
4250;2008;2;6;69000;clean;automatic;rwd;full-size;43,8494;-79,12;
60000;2016;4;8;12890;clean;automatic;4wd;full-size;40,602719;-122,35417;59
4500;2005;3;8;190000;clean;automatic;;full-size;33,561423;-101,856239;67
7500;2007;3;6;94000;clean;automatic;rwd;full-size;26,209085;-98,244467;67
15995;2010;3;8;90260;clean;automatic;4wd;full-size;43,223552;-77,372473;53
10500;2003;2;8;120550;clean;automatic;fwd;full-size;34,05731;-117,925396;59
18800;2010;3;8;100292;clean;automatic;4wd;full-size;35,8762;-84,1746;59
17988;2012;3;6;103919;clean;automatic;4wd;full-size;45,750271;-111,184096;40
10950;2008;3;6;72700;clean;automatic;rwd;full-size;32,269985;-110,977868;71
6000;2006;2;8;196500;clean;automatic;4wd;full-size;32,3915;-82,7479;59
2200;1992;2;8;214000;lien;automatic;4wd;full-size;44,6565;-96,1581;43
9995;2012;2;6;154316;clean;automatic;rwd;full-size;35,661076;-78,703988;56
3200;1993;2;6;34000;rebuilt;manual;4wd;full-size;39,0295;-86,8675;48
25000;2013;3;6;52640;clean;automatic;rwd;full-size;27,848654;-82,690316;65
16995;2007;3;8;30415;clean;automatic;4wd;full-size;47,830597;-110,662694;40
21900;2010;3;8;135000;clean;automatic;4wd;;35,1591;-85,2182;59
18750;2017;3;6;5925;clean;automatic;4wd;;46,136342;-100,16963;38
11995;2009;3;8;135702;clean;automatic;rwd;full-size;38,159627;-85,697708;50
17900;2014;3;8;99001;clean;automatic;4wd;full-size;44,227258;-88,467902;45
35778;2018;3;6;13;clean;automatic;4wd;;47,830597;-110,662694;40
4990;2003;3;8;208000;clean;automatic;;;46,450007;-95,12469;43
3900;2003;2;6;1;clean;automatic;rwd;full-size;31,217814;-82,357716;59
26000;2014;3;6;58600;clean;automatic;4wd;full-size;42,829516;-106,40257;41
10950;2005;3;8;79609;clean;automatic;4wd;full-size;43,420385;-112,128353;47
19700;2015;2;6;142282;clean;automatic;4wd;full-size;42,504823;-92,405569;47
17500;2016;2;8;21000;rebuilt;automatic;4wd;full-size;61,5923;-149,3959;29
1500;2003;1;8;139000;clean;automatic;4wd;mid-size;43,9743;-75,9122;53
23500;2013;2;4;88497;clean;automatic;4wd;full-size;34,0558;-78,9161;60
21495;2013;3;8;64412;rebuilt;automatic;4wd;full-size;44,409843;-89,881957;45
16995;2011;3;6;82345;clean;automatic;4wd;full-size;38,159627;-85,697708;50
3500;2004;2;8;127000;clean;automatic;4wd;;42,1165;-72,1885;50
26000;2011;4;8;57323;clean;automatic;4wd;;38,181336;-78,970797;55
5997;2003;2;8;172200;clean;automatic;rwd;;32,427868;-86,467649;61
31880;2015;3;6;55000;clean;automatic;4wd;full-size;49,184885;-122,801111;
12950;2011;2;6;147164;clean;automatic;rwd;full-size;33,512633;-86,79777;61
7500;2007;3;8;121082;clean;automatic;rwd;full-size;37,3302;-120,508;59
15900;2016;3;6;142595;clean;automatic;4wd;full-size;44,227258;-88,467902;45
9888;2009;2;8;0;clean;automatic;4wd;full-size;30,520244;-89,647288;61
18977;2015;3;6;87679;clean;automatic;rwd;full-size;27,848654;-82,690316;65
36500;2016;3;6;22000;lien;automatic;4wd;;44,880411;-91,431323;45
3000;1996;4;6;153240;clean;automatic;rwd;full-size;36,1916;-81,0004;56
7450;2005;3;8;110112;clean;automatic;4wd;full-size;27,875196;-82,786723;65
28306;2014;3;8;25147;clean;automatic;4wd;mid-size;44,52039;-88,06645;45
10998;2008;3;8;132614;clean;automatic;4wd;mid-size;43,78124;-88,50265;45
16950;2013;2;6;80413;clean;automatic;rwd;full-size;33,512633;-86,79777;61
3900;2008;2;8;140234;clean;automatic;rwd;full-size;41,669017;-86,014473;48
25000;2013;2;6;100000;clean;automatic;4wd;full-size;43,204996;-77,484512;53
7995;2007;3;8;134345;clean;automatic;4wd;;45,2617;-88,078;45
2700;1994;2;8;163683;clean;automatic;4wd;;46,266291;-119,174881;50
17500;2011;2;6;150500;lien;automatic;4wd;full-size;33,743;-90,7309;61
6300;2005;2;8;145000;clean;automatic;4wd;;40,242216;-103,81493;45
11977;2008;3;8;171488;clean;automatic;4wd;mid-size;44,87313;-87,89568;45
20500;2014;2;6;114;clean;automatic;4wd;full-size;37,1393;-93,3849;52
14995;2010;3;8;120715;clean;automatic;4wd;full-size;43,223552;-77,372473;53
5485;2008;3;6;109099;clean;automatic;rwd;full-size;27,873066;-82,786729;65
3200;2001;3;8;232608;clean;automatic;rwd;full-size;25,986348;-97,521163;67
6999;2005;3;8;145000;clean;automatic;4wd;full-size;42,484503;-92,324974;47
19000;2010;3;8;86000;clean;automatic;4wd;full-size;45,747051;-119,197133;50
8495;2006;3;8;152536;clean;automatic;4wd;full-size;38,159627;-85,697708;50
36000;2014;2;6;68000;clean;automatic;4wd;;49,144748;-122,870895;
1;2007;3;8;44143;clean;automatic;rwd;mid-size;26,211075;-98,218975;67
29000;2016;4;6;29500;clean;automatic;4wd;;40,4574;-122,3282;59
25994;2014;3;6;55017;clean;automatic;4wd;mid-size;43,78124;-88,50265;45
16998;2012;3;6;93882;clean;automatic;4wd;mid-size;42,22969;-83,48548;45
10607;2006;3;8;134807;clean;automatic;4wd;mid-size;44,52039;-88,06645;45
3500;1999;2;6;144000;clean;manual;fwd;;64,8378;-147,7164;29
22000;2014;3;8;46000;rebuilt;automatic;rwd;;35,9121;-86,7655;59
6995;2008;2;8;144000;clean;automatic;4wd;full-size;46,9268;-98,0033;38
20000;2009;3;8;99000;clean;automatic;4wd;;40,550461;-105,067062;45
24888;2013;3;6;70988;clean;automatic;4wd;;47,830597;-110,662694;40
12900;2011;2;8;129508;clean;automatic;4wd;full-size;40,703026;-99,116767;46
16995;2007;3;8;30415;clean;automatic;4wd;full-size;47,830597;-110,662694;40
15900;2012;2;6;108000;clean;automatic;4wd;full-size;41,6255;-86,2433;48
2500;2000;2;6;237000;clean;manual;rwd;;28,1384;-80,6524;65
26900;2013;3;8;45000;clean;automatic;4wd;full-size;35,606916;-82,6579;56
10900;2005;2;8;178710;clean;automatic;4wd;full-size;35,448025;-84,598355;59
3900;2008;2;8;140234;clean;automatic;rwd;full-size;41,669017;-86,014473;48
9900;2010;2;8;160000;clean;automatic;4wd;;42,851055;-83,45119;45
2700;1986;2;6;60000;clean;automatic;rwd;full-size;39,668277;-84,12616;49
34525;2016;3;6;26717;clean;automatic;4wd;mid-size;42,18631;-71,83726;50
30000;2017;4;8;12200;lien;automatic;4wd;full-size;33,058;-80,0101;60
4900;2000;3;8;98000;clean;automatic;rwd;full-size;38,548031;-75,947628;56
3995;2003;3;6;206000;clean;automatic;rwd;full-size;42,085391;-76,056076;53
13950;2011;2;8;146746;clean;automatic;;full-size;38,692648;-82,857744;49
17500;2010;2;8;45000;clean;automatic;4wd;full-size;40,55984;-74,3368;52
10000;2007;2;8;200000;clean;automatic;4wd;full-size;50,262351;-119,258205;
2950;2007;2;6;192000;clean;automatic;rwd;;49,273427;-122,788353;
4990;1997;2;6;82946;clean;automatic;rwd;full-size;40,468826;-74,281734;52
22900;2012;2;8;125874;clean;automatic;4wd;full-size;31,316064;-89,437114;61
7500;2003;3;8;259000;clean;automatic;4wd;full-size;30,5116;-92,3985;67
3500;1999;2;8;196113;clean;automatic;rwd;;28,9295;-82,4892;65
6995;2006;2;8;184397;clean;automatic;4wd;full-size;32,207624;-110,898933;71
4990;1997;2;6;82946;clean;automatic;rwd;full-size;40,468826;-74,281734;52
28500;2013;3;6;67500;clean;other;4wd;full-size;34,5073;-97,9403;57
2995;2003;2;8;194000;clean;automatic;rwd;full-size;37,175631;-113,60824;50
8588;2007;3;8;138100;clean;automatic;4wd;mid-size;41,10224;-81,48186;49
14950;2013;3;6;28782;clean;automatic;rwd;mid-size;42,64387;-84,0733;45
9200;2006;3;8;136000;clean;automatic;4wd;full-size;31,618756;-106,220761;67
18499;2004;3;8;65053;clean;manual;4wd;full-size;42,550206;-114,462303;47
17495;2009;2;8;120312;clean;other;4wd;full-size;45,049163;-93,035945;43
14770;2010;3;8;149100;clean;automatic;4wd;mid-size;44,57437;-88,16024;45
24995;2012;2;6;86315;clean;automatic;4wd;full-size;41,213364;-96,012719;46
20954;2013;2;6;89730;clean;automatic;4wd;full-size;36,137597;-86,761799;59
35190;2016;3;8;14926;clean;automatic;4wd;mid-size;44,52039;-88,06645;45
32482;2016;3;8;38205;clean;automatic;4wd;full-size;41,274868;-95,937188;46
31990;2016;3;6;22726;clean;automatic;4wd;full-size;43,153933;-75,934839;53
9995;2006;2;8;116019;clean;automatic;4wd;full-size;45,049163;-93,035945;43
4499;2002;3;6;165272;clean;automatic;;full-size;39,829891;-75,125281;52
12188;2011;2;6;146699;clean;automatic;4wd;full-size;42,892121;-85,665539;45
14995;2009;3;8;140149;clean;automatic;4wd;full-size;38,159627;-85,697708;50
6000;2004;2;8;169000;clean;automatic;4wd;full-size;37,527764;-78,478716;55
12950;2011;2;8;163169;clean;automatic;4wd;full-size;38,692648;-82,857744;49
20950;2016;2;8;148224;clean;automatic;4wd;full-size;38,692648;-82,857744;49
8900;2010;2;8;142774;clean;automatic;4wd;full-size;28,079232;-80,674959;65
6900;2004;2;8;152234;clean;manual;4wd;full-size;35,273684;-93,120968;59
3841;2006;3;8;154070;clean;automatic;rwd;mid-size;28,03978;-81,94071;65
4500;2006;2;6;202000;clean;automatic;rwd;full-size;34,169788;-118,379016;59
9950;2008;3;8;125500;clean;automatic;rwd;full-size;39,9727;-82,8329;49
24995;2013;2;6;76852;clean;automatic;4wd;full-size;34,586557;-83,761243;59
14995;2011;2;8;122000;clean;automatic;4wd;full-size;39,91533;-94,808774;52
10995;2004;3;8;93000;clean;automatic;4wd;full-size;39,814484;-76,992882;53
7495;2011;2;6;189975;clean;automatic;;full-size;39,073454;-95,664519;51
1200;1997;1;8;161131;clean;automatic;4wd;full-size;42,4834;-91,449;47
11995;2008;2;8;128613;clean;automatic;4wd;full-size;45,049163;-93,035945;43
2800;2000;2;6;200000;clean;automatic;rwd;full-size;40,693968;-84,16822;49
19999;2011;2;6;81281;clean;automatic;4wd;full-size;38,976487;-88,160859;48
3000;2002;3;8;149900;clean;automatic;rwd;;31,923468;-102,292436;67
4400;1988;2;8;143828;clean;automatic;rwd;full-size;40,7893;-96,6938;46
24995;2014;3;8;95473;clean;automatic;4wd;;42,644633;-76,187862;53
12000;2008;3;8;160000;clean;automatic;rwd;;36,307257;-119,782391;59
27993;2013;3;6;88363;clean;automatic;4wd;full-size;44,071509;-123,146439;50
9038;2006;3;8;196531;clean;automatic;4wd;mid-size;44,52039;-88,06645;45
18900;2013;2;8;68288;clean;automatic;rwd;full-size;31,316064;-89,437114;61
21890;2016;3;6;46203;clean;automatic;rwd;full-size;43,154559;-75,931234;53
35998;2016;3;8;27417;clean;automatic;4wd;mid-size;44,52039;-88,06645;45
1900;1977;1;8;43911;clean;automatic;rwd;full-size;38,2712;-94,3137;52
4800;2006;2;6;186000;clean;automatic;rwd;full-size;26,664571;-81,880578;65
27000;2015;3;8;29000;clean;automatic;4wd;full-size;43,2193;-75,4498;53
9888;2005;2;8;119000;clean;automatic;rwd;full-size;30,520244;-89,647288;61
29995;2014;2;6;66435;clean;automatic;4wd;full-size;41,680677;-86,126046;48
7249;2005;2;8;160000;clean;automatic;rwd;full-size;35,41141;-80,840321;56
28860;2015;3;6;75000;clean;automatic;4wd;full-size;49,184885;-122,801111;
16000;2009;3;8;115000;clean;automatic;;;28,4756;-98,1782;67
33670;2016;3;6;15736;clean;automatic;4wd;mid-size;43,75891;-87,75358;45
16995;2010;3;8;70816;clean;automatic;4wd;full-size;43,223552;-77,372473;53
6995;2008;2;8;197776;clean;automatic;4wd;full-size;38,848686;-104,757437;45
20995;2008;3;8;65527;clean;automatic;4wd;full-size;35,616097;-78,541161;56
5200;2006;2;8;148000;rebuilt;automatic;;;31,6446;-106,2737;67
1200;2005;1;8;200000;clean;automatic;4wd;;46,7016;-92,0912;45
2450;2003;2;6;174;clean;automatic;rwd;;41,8383;-71,4377;49
20900;2011;3;8;116119;clean;automatic;4wd;mid-size;34,82834;-87,63558;61
22995;2010;3;8;112062;clean;automatic;4wd;full-size;39,535788;-104,779079;45
7000;2005;2;8;140000;clean;automatic;4wd;mid-size;43,5566;-96,8028;38
800;1984;1;6;115850;clean;manual;rwd;;43,5851;-116,2191;47
32995;2015;3;6;85743;clean;automatic;4wd;full-size;38,671618;-94,36651;52
13988;2011;2;6;146699;clean;automatic;4wd;full-size;42,892121;-85,665539;45
21395;2010;3;8;128836;clean;automatic;4wd;full-size;38,588302;-89,923783;48
18000;2016;3;6;10000;clean;automatic;4wd;full-size;29,0058;-82,1828;65
10985;2010;3;8;82629;clean;automatic;4wd;full-size;44,463351;-73,119023;44
26750;2014;3;6;43848;clean;automatic;4wd;mid-size;46,59003;-95,57416;43
6800;2003;2;5;172000;clean;automatic;4wd;;43,6376;-84,268;45
1750;1998;1;8;200500;clean;automatic;rwd;;37,2717;-94,4865;52
7900;2008;2;8;170000;clean;automatic;4wd;;42,375669;-85,678221;45
21500;2011;3;8;61000;clean;automatic;4wd;full-size;37,5512;-82,1434;50
10770;2008;3;8;149218;clean;automatic;4wd;mid-size;44,54929;-88,04897;45
11700;2010;2;8;144570;clean;automatic;4wd;full-size;42,892121;-85,665539;45
27900;2014;4;6;62533;clean;automatic;4wd;full-size;42,235513;-85,794456;45
950;1989;2;8;144000;clean;automatic;rwd;full-size;39,2003;-84,4859;49
17995;2011;3;6;133260;clean;automatic;4wd;full-size;42,838576;-71,10688;43
11000;2008;2;8;153000;lien;automatic;4wd;;43,124894;-86,174485;45
12000;2011;2;6;144000;clean;automatic;fwd;;29,9466;-89,9611;67
24995;2012;2;6;86315;clean;automatic;4wd;full-size;41,213364;-96,012719;46
1495;2000;2;6;125788;clean;automatic;rwd;full-size;42,477134;-82,949564;45
4500;2003;2;6;158600;clean;automatic;4wd;full-size;43,232527;-78,219481;53
10497;2005;2;8;111340;clean;automatic;4wd;full-size;40,335245;-76,488033;53
9900;2005;2;6;130625;clean;automatic;4wd;full-size;43,029559;-89,397796;45
12950;2011;2;6;130105;clean;automatic;rwd;full-size;33,512633;-86,79777;61
15000;2008;3;8;77000;clean;automatic;4wd;full-size;40,591556;-86,529522;48
7950;2007;3;6;160000;clean;automatic;fwd;full-size;31,752046;-106,390308;67
14500;2007;3;8;90000;clean;automatic;4wd;full-size;39,4493;-123,3679;59
35850;2014;3;6;35577;clean;automatic;4wd;mid-size;34,74851;-77,41559;56
11990;2007;2;8;88020;clean;automatic;4wd;full-size;34,733208;-87,667996;61
3600;2004;3;8;236000;clean;automatic;4wd;full-size;42,81955;-73,890095;53
7200;2010;3;8;190000;clean;automatic;4wd;full-size;44,5025;-87,9771;45
29999;2017;3;6;11187;clean;automatic;4wd;mid-size;43,78124;-88,50265;45
36900;2014;2;8;99110;clean;automatic;4wd;full-size;31,316064;-89,437114;61
6500;2001;2;8;142000;clean;automatic;4wd;full-size;44,9545;-92,0752;45
5999;2004;2;8;168460;clean;automatic;4wd;;40,2352;-76,9291;53
10000;2005;2;8;134000;clean;automatic;4wd;full-size;61,600284;-149,361807;29
2000;2003;1;8;209000;clean;automatic;4wd;full-size;40,145027;-81,554604;49
18950;2013;2;6;115000;clean;automatic;4wd;full-size;36,162987;-94,143275;59
1200;1989;1;6;116165;clean;manual;rwd;full-size;47,5427;-122,5871;50
1600;2001;2;8;177000;clean;automatic;4wd;full-size;45,2825;-93,4186;43
24900;2014;2;8;115117;clean;automatic;4wd;full-size;31,316064;-89,437114;61
5950;2006;2;8;95000;clean;automatic;4wd;;41,089134;-80,704291;49
2000;2002;2;8;130000;clean;automatic;4wd;full-size;43,2193;-75,4498;53
16995;2007;3;8;30415;clean;automatic;4wd;full-size;47,830597;-110,662694;40
26495;2013;3;6;65160;clean;automatic;4wd;full-size;38,671618;-94,36651;52
17000;2010;2;8;90000;clean;automatic;4wd;;37,268266;-107,022869;45
2000;1996;1;8;231926;clean;manual;rwd;full-size;40,134451;-77,025777;53
5799;2009;2;8;114900;salvage;automatic;rwd;mid-size;31,790439;-106,287746;67
1;2014;3;6;117123;clean;automatic;rwd;full-size;29,975385;-90,172386;67
6880;2004;2;8;142794;clean;automatic;rwd;;31,051433;-97,515764;67
3800;1999;3;8;223000;clean;automatic;rwd;full-size;32,773868;-116,997951;59
7500;2002;3;8;122000;clean;automatic;4wd;;41,3914;-75,6657;53
2800;1996;2;6;122000;clean;automatic;rwd;;36,3339;-82,3408;59
19900;2016;2;6;99811;clean;automatic;rwd;full-size;31,316064;-89,437114;61
21990;2014;3;8;96079;clean;automatic;4wd;full-size;43,154559;-75,931921;53
5500;2008;2;8;249000;clean;automatic;4wd;full-size;34,9352;-81,9654;60
16995;2002;2;8;65336;clean;automatic;rwd;full-size;33,711509;-78,909582;60
4600;2001;1;8;121000;clean;automatic;4wd;full-size;38,220002;-86,871536;48
20990;2013;3;6;56000;clean;automatic;;;46,450007;-95,12469;43
16000;2010;3;8;163000;clean;automatic;4wd;full-size;37,784988;-89,119029;48
27990;2018;4;6;33690;clean;automatic;4wd;full-size;45,655562;-89,386634;45
1995;1998;2;8;203930;clean;automatic;4wd;full-size;41,680321;-86,160307;48
3600;2003;1;8;188000;clean;automatic;4wd;;44,1364;-91,6779;45
24995;2012;2;6;122461;clean;automatic;4wd;full-size;34,947213;-89,440953;61
2495;2002;2;8;201803;clean;automatic;4wd;full-size;42,477134;-82,949564;45
1250;1999;1;8;319000;clean;automatic;4wd;full-size;44,9842;-92,7271;45
7500;2004;2;8;173000;clean;automatic;4wd;full-size;35,0642;-101,9743;67
17945;2014;3;6;146168;clean;automatic;4wd;full-size;45,750271;-111,184096;40
25988;2014;3;6;114477;clean;automatic;4wd;;45,121187;-92,693325;45
3800;2000;2;8;203;clean;automatic;rwd;;39,0405;-95,7178;51
13495;2010;3;8;167070;clean;automatic;4wd;full-size;45,513983;-122,579225;50
12990;2013;3;8;176752;clean;automatic;;full-size;47,911024;-97,045022;38
10900;2012;3;6;190000;rebuilt;automatic;;;29,4388;-98,4935;67
12900;2008;3;8;0;clean;automatic;4wd;full-size;32,252974;-110,97871;71
48000;2017;4;8;10000;lien;automatic;4wd;full-size;38,6961;-93,2323;52
33300;2016;3;6;32419;clean;automatic;4wd;full-size;49,184885;-122,801111;
34855;2016;2;8;15829;clean;automatic;4wd;full-size;43,078373;-92,317804;47
16995;2013;3;6;75000;clean;automatic;rwd;full-size;32,25;-110,8869;71
5975;2004;2;8;0;clean;automatic;rwd;full-size;38,213303;-85,785762;50
3000;1993;2;8;146042;clean;automatic;rwd;full-size;30,692958;-92,280296;67
9200;2004;3;8;167088;clean;automatic;4wd;full-size;36,0129;-115,2118;46
1995;2002;3;6;295888;clean;automatic;rwd;full-size;39,333126;-76,44374;56
8000;2004;3;8;129420;clean;automatic;4wd;;42,5593;-83,79443;45
16900;2014;2;6;64368;clean;automatic;rwd;full-size;31,316064;-89,437114;61
43900;2018;3;8;1000;clean;automatic;;full-size;42,484503;-92,324974;47
5895;2006;3;8;169987;clean;automatic;4wd;;45,2617;-88,078;45
23995;2014;3;8;61430;clean;automatic;4wd;full-size;42,032203;-91,611698;47
4299;2001;3;8;189130;clean;automatic;4wd;full-size;17,265609;-101,555951;
10900;2012;3;6;108555;clean;automatic;rwd;;33,362838;-84,793821;59
13995;2008;3;8;105033;clean;automatic;4wd;full-size;43,223552;-77,372473;53
24000;2013;3;8;96000;clean;automatic;4wd;full-size;43,835758;-87,82188;45
10000;2006;2;8;160000;clean;automatic;4wd;full-size;42,507447;-123,448548;50
16500;2014;3;8;40176;rebuilt;automatic;rwd;;33,8769;-83,8968;59
3900;2004;2;8;108000;clean;automatic;rwd;;44,98212;-89,618225;45
6995;2005;2;4;151227;clean;automatic;4wd;full-size;40,770563;-76,326406;53
6999;2004;3;8;122138;clean;automatic;rwd;full-size;27,873066;-82,786729;65
48000;2015;3;6;17000;lien;automatic;4wd;;37,1686;-76,4581;55
4700;2008;3;6;156000;clean;automatic;rwd;full-size;44,77653;-93,325219;43
3000;2008;3;8;91000;clean;automatic;rwd;;43,6221;-91,4837;43
8500;2009;3;8;111037;clean;automatic;rwd;full-size;29,402816;-82,552612;65
2000;1999;1;8;145464;clean;automatic;4wd;;40,7152;-89,2706;48
4500;2001;2;8;166975;clean;automatic;4wd;full-size;40,4574;-122,3282;59
8299;2005;2;8;154000;clean;automatic;4wd;full-size;37,67662;-97,058201;51
3800;2003;2;8;312000;clean;automatic;4wd;;49,829932;-119,621209;
995;2001;4;6;113523;clean;automatic;4wd;;39,198094;-84,737327;49
5500;2001;1;8;200500;clean;automatic;4wd;;44,7302;-92,489;45
21890;2016;3;6;74111;clean;automatic;rwd;full-size;43,154309;-75,931406;53
29249;2013;3;8;65523;clean;automatic;4wd;mid-size;43,78124;-88,50265;45
6000;2004;3;8;179000;clean;automatic;4wd;full-size;32,5753;-117,0707;59
25000;2013;3;6;52640;clean;automatic;rwd;full-size;27,848654;-82,690316;65
38000;2018;4;8;4000;lien;automatic;4wd;full-size;35,413247;-82,550126;56
18400;2012;3;6;147000;clean;automatic;4wd;full-size;41,648507;-93,564034;47
1500;1988;1;6;177600;clean;automatic;rwd;full-size;30,6045;-96,3123;67
5495;2005;3;8;204333;clean;automatic;4wd;;45,2617;-88,078;45
18888;2010;3;8;85811;clean;automatic;4wd;;47,830597;-110,662694;40
9500;2008;2;8;170579;clean;automatic;4wd;;39,170902;-90,783291;52
11345;2007;2;8;159535;clean;automatic;4wd;;50,045346;-125,269028;
26750;2014;3;6;43848;clean;automatic;4wd;mid-size;46,59003;-95,57416;43
8000;2006;2;8;200000;clean;automatic;4wd;full-size;40,1964;-88,3928;48
9995;2006;3;8;133900;clean;automatic;4wd;;42,233919;-85,786915;45
34455;2016;3;6;56329;clean;automatic;4wd;full-size;45,1814;-93,8635;43
5997;2003;2;8;172200;clean;automatic;rwd;;32,427868;-86,467649;61
3600;2002;2;8;197658;clean;automatic;;;30,2407;-81,617;65
17988;2013;2;6;130480;clean;automatic;4wd;full-size;36,137597;-86,761799;59
36998;2016;4;6;19881;clean;automatic;4wd;;50,045346;-125,269028;
7995;2006;3;8;152000;clean;automatic;rwd;;30,0098;-90,163;67
4499;2000;2;6;178000;clean;manual;rwd;;41,9798;-84,6451;45
8995;2006;3;8;115500;clean;automatic;rwd;full-size;42,464404;-96,333242;47
9995;2004;3;8;174801;clean;automatic;4wd;full-size;38,084394;-89,339761;48
18800;2010;3;8;100292;clean;automatic;4wd;full-size;35,6539;-83,9956;59
12490;2013;2;6;137914;clean;automatic;rwd;full-size;33,755261;-117,919524;59
5979;1999;2;8;178825;clean;automatic;4wd;full-size;42,550206;-114,462303;47
15400;2014;3;8;145281;clean;automatic;4wd;;40,007891;-104,818353;45
9550;2006;3;8;168942;clean;automatic;4wd;mid-size;44,87313;-87,89568;45
32499;2016;3;8;57407;clean;automatic;4wd;mid-size;44,52039;-88,06645;45
6900;2004;2;8;152234;clean;manual;4wd;full-size;35,273684;-93,120968;59
7900;2006;3;8;120254;clean;automatic;4wd;full-size;42,325755;-92,209389;47
8500;2006;2;8;129430;clean;automatic;4wd;;39,817119;-76,983089;53
22500;2013;3;8;56000;clean;automatic;rwd;full-size;35,8072;-78,0892;56
18995;2015;2;6;142282;clean;automatic;4wd;full-size;42,504823;-92,405569;47
4700;2003;2;8;222706;clean;automatic;4wd;full-size;39,7309;-94,2437;52
4500;1999;3;8;101927;clean;automatic;4wd;;41,22815;-95,85953;47
10500;2004;2;8;136000;clean;automatic;4wd;full-size;38,0617;-87,5548;48
5800;2007;2;6;135500;clean;automatic;rwd;full-size;27,2625;-80,3793;65
12950;2011;2;8;163169;clean;automatic;4wd;full-size;38,692648;-82,857744;49
38995;2012;3;8;70274;clean;automatic;4wd;full-size;38,611926;-121,423565;59
3900;2008;2;8;140848;clean;automatic;rwd;full-size;41,669081;-86,014431;48
19500;2010;3;8;91599;clean;automatic;4wd;mid-size;36,28962;-95,31964;57
28862;2015;4;8;42303;clean;automatic;4wd;full-size;41,344632;-75,688506;53
33000;2018;4;8;12500;clean;automatic;;;33,6819;-112,0996;71
12000;2009;2;8;145000;clean;automatic;4wd;full-size;41,5817;-83,6628;49
21995;2013;2;6;107739;clean;automatic;4wd;full-size;41,686718;-86,012028;48
38200;2016;3;6;55155;clean;automatic;4wd;mid-size;34,74851;-77,41559;56
12000;2009;2;8;140000;clean;automatic;4wd;full-size;44,3703;-92,0361;43
4500;2002;2;8;240000;clean;automatic;4wd;full-size;42,313897;-73,262804;50
12488;2010;2;8;144570;clean;automatic;4wd;full-size;42,892121;-85,665539;45
11950;2010;2;8;172103;clean;automatic;4wd;full-size;38,692648;-82,857744;49
9491;2006;2;8;172299;clean;automatic;4wd;full-size;41,46389;-81,7693;49
3600;1996;2;6;276249;clean;automatic;4wd;full-size;38,837468;-104,791342;45
6000;1979;3;8;123456;clean;automatic;4wd;;40,4015;-74,0309;52
11977;2008;3;8;171488;clean;automatic;4wd;mid-size;44,87313;-87,89568;45
3990;2001;3;8;0;clean;automatic;;;46,450007;-95,12469;43
21993;2012;3;6;63440;clean;automatic;4wd;full-size;45,750271;-111,184096;40
14000;2010;3;8;174330;clean;automatic;4wd;;33,4812;-88,3554;61
19995;2013;3;8;119695;clean;automatic;4wd;full-size;43,0601;-85,9517;45
31995;2015;4;6;29800;clean;automatic;4wd;full-size;43,204543;-75,4242;53
2900;1998;3;8;253000;clean;automatic;rwd;full-size;35,341481;-80,191277;56
5895;2005;2;8;138680;clean;automatic;4wd;full-size;41,2742;-75,8903;53
2100;2001;2;6;164583;clean;automatic;rwd;full-size;44,73353;-87,664831;45
17314;2011;4;8;146686;clean;automatic;4wd;full-size;42,329865;-122,875369;50
19995;2012;2;6;110301;clean;automatic;4wd;full-size;37,678867;-97,070307;51
3500;1995;3;6;87000;clean;manual;;full-size;43,602928;-84,207593;45
27480;2014;3;6;47301;clean;automatic;4wd;mid-size;32,965063;-96,913304;67
2000;1999;2;6;167000;clean;automatic;rwd;;39,03;-84,559;50
11500;2013;3;6;62000;rebuilt;automatic;rwd;;27,531495;-99,480518;67
15880;2010;3;8;127094;clean;automatic;4wd;mid-size;44,54929;-88,04897;45
2200;2001;1;8;185400;clean;automatic;4wd;full-size;40,946033;-81,123605;49
16993;2015;3;8;146982;clean;automatic;4wd;mid-size;29,792364;-95,409924;67
39900;2016;2;8;29363;clean;automatic;rwd;full-size;31,316064;-89,437114;61
21995;2011;4;8;97855;clean;automatic;rwd;full-size;26,173143;-98,002489;67
17990;2014;3;8;138000;clean;automatic;;;46,450007;-95,12469;43
25452;2013;3;8;37419;clean;automatic;4wd;mid-size;43,75891;-87,75358;45
3200;2004;2;6;238000;clean;automatic;rwd;full-size;35,6884;-81,3612;56
6500;2007;1;8;167000;clean;automatic;4wd;full-size;45,014715;-83,465281;45
4000;2004;2;8;214500;clean;automatic;4wd;full-size;41,214031;-91,540152;47
16700;2011;3;8;170000;clean;automatic;4wd;;27,785138;-82,746277;65
14995;2010;3;8;102480;clean;automatic;4wd;full-size;42,70335;-84,548468;45
8995;2007;3;8;159721;clean;automatic;rwd;full-size;30,175406;-85,659568;65
11632;2006;3;8;134721;clean;automatic;4wd;mid-size;44,87313;-87,89568;45
7500;2005;2;8;159000;clean;automatic;4wd;full-size;45,979927;-111,139788;40
31975;2015;3;6;53240;clean;automatic;4wd;full-size;43,204762;-75,440834;53
28787;2016;4;6;103356;clean;automatic;4wd;full-size;32,18182;-90,137611;61
52000;2018;4;8;10000;clean;automatic;4wd;;31,2668;-85,3971;61
25000;2011;3;6;95000;clean;automatic;4wd;full-size;49,13651;-123,779918;
28799;2013;3;8;65523;clean;automatic;4wd;mid-size;43,78124;-88,50265;45
8999;2010;3;8;136288;clean;automatic;rwd;full-size;36,841301;-86,871815;50
900;1998;1;6;170000;clean;automatic;;;39,1237;-121,6611;59
4900;2005;2;8;106403;clean;automatic;4wd;full-size;39,9999;-74,2228;52
18995;2013;3;6;0;clean;automatic;;full-size;32,788557;-117,098278;59
18990;2011;3;8;128000;clean;automatic;4wd;;46,450007;-95,12469;43
26299;2016;3;6;47442;clean;automatic;4wd;mid-size;43,78124;-88,50265;45
3600;1991;2;8;135000;clean;automatic;4wd;full-size;42,4289;-83,7828;45
27800;2015;3;6;59700;clean;automatic;4wd;full-size;37,13284;-95,78558;51
8500;2005;2;8;152693;clean;automatic;4wd;;39,3662;-82,1341;49
4200;1997;2;6;228000;clean;automatic;rwd;;49,319943;-123,09445;
13900;2009;3;8;130251;clean;automatic;fwd;full-size;26,194211;-98,247196;67
11500;2011;3;8;218000;clean;automatic;4wd;full-size;30,244439;-89,760399;67
19500;2015;3;8;124000;clean;automatic;rwd;;31,194742;-85,444845;61
10795;2006;4;8;113185;clean;automatic;4wd;full-size;40,463961;-74,262957;52
11900;2010;2;8;145000;clean;automatic;4wd;;42,049551;-87,990994;48
4800;2007;2;8;145021;clean;automatic;4wd;full-size;44,82046;-91,478736;45
20299;2012;3;6;120691;clean;automatic;4wd;mid-size;43,78124;-88,50265;45
7500;2005;4;8;122000;clean;automatic;4wd;full-size;42,9133;-71,0639;43
25841;2015;3;6;30000;clean;automatic;;;32,7972;-117,1708;59
39800;2015;3;6;81233;clean;automatic;4wd;mid-size;34,74851;-77,41559;56
3999;2012;4;6;262000;clean;automatic;4wd;full-size;32,85978;-79,984071;60
4500;2006;3;8;154231;clean;automatic;;;42,146;-76,088;53
28987;2014;3;6;73897;clean;automatic;4wd;full-size;37,911918;-84,559276;50
14500;2011;2;8;114000;clean;automatic;4wd;full-size;45,8753;-96,7174;38
29500;2016;3;8;5905;clean;automatic;rwd;mid-size;34,74851;-77,41559;56
26777;2015;2;8;63453;clean;automatic;4wd;full-size;43,078373;-92,317804;47
2500;2003;2;8;175000;clean;automatic;4wd;full-size;40,941067;-76,855215;53
1250;1995;2;8;214627;clean;automatic;rwd;;42,0035;-91,3217;47
1;2017;2;8;6172;clean;automatic;4wd;full-size;38,172315;-85,711007;50
3999;2002;2;8;201000;clean;automatic;rwd;full-size;28,305439;-81,394272;65
700;2002;1;6;152000;clean;automatic;rwd;full-size;45,070156;-85,260335;45
11990;2007;3;8;132000;clean;automatic;;;46,450007;-95,12469;43
48500;2017;4;6;60000;clean;automatic;4wd;full-size;49,318683;-124,323717;
24900;2012;3;8;135592;clean;automatic;4wd;full-size;36,277213;-80,339822;56
5400;2007;2;8;245500;clean;automatic;4wd;full-size;42,3688;-83,4799;45
9550;2006;3;8;168942;clean;automatic;4wd;mid-size;44,87313;-87,89568;45
13800;2010;2;8;188106;clean;automatic;4wd;full-size;35,250553;-91,711354;59
34998;2016;3;6;30662;clean;automatic;4wd;mid-size;42,22969;-83,48548;45
1000;1984;1;8;160000;clean;manual;4wd;;48,2028;-114,3039;40
15985;2013;3;6;74692;clean;automatic;rwd;full-size;35,844127;-79,938248;56
3500;2004;3;8;200000;clean;automatic;;;25,950376;-97,321693;67
800;1995;1;6;84000;clean;automatic;4wd;;43,1473;-75,5724;53
29995;2014;3;6;89082;clean;automatic;4wd;mid-size;34,59723;-112,3173;71
14900;2014;3;8;63745;clean;automatic;rwd;full-size;36,277213;-80,339822;56
41800;2014;3;6;68500;clean;automatic;4wd;;50,007206;-125,244168;
11988;2010;2;8;144570;clean;automatic;4wd;full-size;42,892121;-85,665539;45
17995;2014;2;6;122043;clean;automatic;4wd;full-size;42,477134;-82,949564;45
18995;2010;2;8;113256;clean;automatic;4wd;full-size;39,733601;-94,828925;52
9660;2006;3;8;179931;clean;automatic;4wd;mid-size;44,87313;-87,89568;45
15200;2009;3;8;94000;clean;automatic;4wd;;42,7496;-83,5358;45
18000;2010;2;8;101500;lien;automatic;4wd;full-size;41,5509;-90,4942;47
15400;2014;3;8;145281;clean;automatic;4wd;;40,007891;-104,818353;45
27000;2015;3;8;64000;clean;automatic;4wd;;45,180319;-84,94174;45
6980;2006;2;6;126276;clean;automatic;rwd;full-size;35,743308;-78,910847;56
19998;2012;2;8;95340;clean;automatic;;full-size;42,3899;-122,9222;50
7500;2012;3;8;152790;clean;automatic;rwd;full-size;29,8323;-95,736;67
750;2001;1;8;219337;clean;automatic;rwd;full-size;41,4615;-88,2786;48
30900;2015;3;6;59487;clean;automatic;4wd;full-size;32,26299;-95,306624;67
34589;2018;5;6;2;clean;automatic;4wd;full-size;38,9847;-88,1704;48
11000;2005;2;8;136000;clean;automatic;4wd;;36,084621;-80,348511;56
16990;2014;3;6;107000;clean;automatic;4wd;;46,450007;-95,12469;43
5300;2006;2;8;165000;clean;automatic;4wd;full-size;40,0315;-98,0779;46
8000;2005;3;8;163000;clean;automatic;4wd;full-size;37,840157;-85,937531;50
8588;2007;3;8;138100;clean;automatic;4wd;mid-size;41,10224;-81,48186;49
25995;2014;3;8;122631;clean;automatic;4wd;;50,045346;-125,269028;
9491;2006;2;8;172299;clean;automatic;4wd;full-size;41,46389;-81,7693;49
16995;2013;3;6;75000;clean;automatic;rwd;full-size;32,25;-110,8869;71
17988;2010;4;8;121871;clean;automatic;4wd;full-size;44,0496;-92,4896;43
12459;2008;3;8;152530;clean;automatic;4wd;mid-size;35,725717;-97,981122;57
6500;2001;2;8;165000;clean;automatic;rwd;full-size;35,684;-85,7782;59
18500;2013;4;6;117731;clean;automatic;4wd;full-size;47,2348;-93,5115;43
11995;2014;2;6;155425;clean;automatic;rwd;full-size;42,477134;-82,949564;45
600;1997;1;8;141500;clean;automatic;rwd;;36,0557;-96,0602;57
4000;2004;2;8;156000;clean;automatic;rwd;mid-size;32,6566;-114,4042;71
3750;2001;2;6;149000;clean;automatic;rwd;;33,667708;-78,984061;60
29995;2016;4;6;42421;clean;automatic;4wd;;43,610899;-84,753942;45
23990;2014;2;8;62127;clean;automatic;rwd;full-size;34,062843;-81,115349;60
11632;2006;3;8;134721;clean;automatic;4wd;mid-size;44,87313;-87,89568;45
6800;2007;2;8;185230;clean;automatic;4wd;mid-size;40,0836;-104,9297;45
9999;2007;2;6;83804;clean;automatic;rwd;full-size;37,647619;-97,279835;51
29500;2013;3;6;78000;lien;automatic;4wd;full-size;39,9917;-89,6684;48
32995;2013;4;8;26258;clean;automatic;4wd;full-size;32,264775;-110,971806;71
18880;2013;3;6;123674;clean;automatic;4wd;mid-size;44,57437;-88,16024;45
39999;2016;3;6;53773;clean;automatic;4wd;mid-size;44,52039;-88,06645;45
13999;2011;3;8;130000;clean;automatic;rwd;full-size;40,1167;-87,7825;48
9500;2008;2;8;134000;clean;automatic;4wd;full-size;44,049843;-91,693332;43
23900;2015;4;8;181861;clean;automatic;4wd;;36,18908;-94,138031;59
2900;1997;2;8;258198;clean;automatic;4wd;;36,918014;-94,275825;52
12995;2008;4;8;101420;clean;automatic;4wd;full-size;61,166252;-149,857916;29
5999;2006;3;8;178000;clean;automatic;4wd;;42,257254;-83,171804;45
15500;2004;4;8;32000;clean;automatic;4wd;;39,4488;-83,8417;49
18500;2011;3;8;159;clean;automatic;4wd;full-size;33,5409;-86,7495;61
18900;2013;2;8;68284;clean;automatic;rwd;full-size;31,316064;-89,437114;61
1550;1999;1;8;190000;clean;automatic;4wd;full-size;39,840279;-82,908263;49
30795;2014;3;6;24880;clean;automatic;4wd;full-size;38,588302;-89,923783;48
31995;2016;3;8;34585;clean;automatic;4wd;full-size;38,671618;-94,36651;52
12800;2011;4;8;151040;clean;automatic;4wd;full-size;46,8887;-100,6819;38
6500;2008;1;4;230600;clean;automatic;4wd;full-size;61,709568;-148,160013;29
14900;2007;4;8;103026;clean;automatic;4wd;full-size;39,044586;-94,668267;51
14300;2012;2;8;215300;clean;automatic;4wd;full-size;35,72101;-79,186357;56
16495;2014;2;6;122043;clean;automatic;4wd;full-size;42,477134;-82,949564;45
28860;2015;3;6;75000;clean;automatic;4wd;full-size;49,184885;-122,801111;
8500;1979;2;8;89000;clean;automatic;rwd;;33,8343;-78,6606;60
3250;2003;2;8;239446;clean;automatic;fwd;;39,0421;-95,6449;51
1600;1994;2;8;137000;clean;automatic;4wd;full-size;43,8436;-87,9767;45
14900;2009;2;8;117300;clean;automatic;4wd;full-size;45,401728;-84,879168;45
17880;2010;3;8;130338;clean;automatic;4wd;mid-size;44,57437;-88,16024;45
5900;2007;1;8;184121;clean;automatic;4wd;;43,5926;-96,586;38
1700;1996;2;6;150000;clean;manual;4wd;full-size;33,6803;-85,7137;61
3200;2002;2;8;169048;clean;automatic;4wd;;43,653565;-90,728703;45
1500;1993;1;8;173000;clean;automatic;rwd;full-size;28,6266;-80,854819;65
3000;2008;3;8;91000;clean;automatic;rwd;;43,6221;-91,4837;43
27950;2014;3;8;49509;clean;automatic;4wd;mid-size;42,64387;-84,0733;45
21890;2016;3;6;46203;clean;automatic;rwd;full-size;43,154559;-75,931234;53
7150;2001;3;8;147681;clean;automatic;rwd;;30,475548;-87,24535;65
32624;2018;3;6;11;clean;automatic;4wd;;47,830597;-110,662694;40
18790;2013;3;6;120000;clean;automatic;;;46,450007;-95,12469;43
600;1996;2;6;241554;salvage;manual;rwd;;77,617682;-100,174193;
73055;2018;3;6;1;clean;automatic;4wd;full-size;47,830597;-110,662694;40
21490;2013;3;8;64412;rebuilt;automatic;4wd;full-size;44,409843;-89,881957;45
4995;2005;2;8;176460;clean;automatic;;full-size;42,03519;-91,559347;47
4500;2003;2;6;158600;clean;automatic;4wd;full-size;43,242304;-78,216777;53
7900;2006;3;8;120254;clean;automatic;4wd;full-size;42,325638;-92,20939;47
20350;2011;2;8;98471;clean;automatic;4wd;full-size;38,942665;-95,219078;51
21795;2015;2;6;103217;clean;automatic;4wd;full-size;35,796126;-78,554108;56
4500;2005;3;8;190000;clean;automatic;;full-size;33,561423;-101,856239;67
11880;2008;3;8;162820;clean;automatic;4wd;mid-size;44,57437;-88,16024;45
13988;2011;2;6;146699;clean;automatic;4wd;full-size;42,892121;-85,665539;45
6950;2011;2;6;155016;clean;automatic;rwd;full-size;38,692648;-82,857744;49
10900;2013;2;6;192000;clean;automatic;4wd;full-size;45,215498;-94,94565;43
2500;1999;3;8;216000;clean;automatic;4wd;full-size;42,9295;-89,387;45
1700;1998;1;8;228900;clean;automatic;4wd;;40,1964;-88,3928;48
2950;2001;2;8;187000;clean;automatic;4wd;full-size;44,422948;-86,146889;45
24999;2011;4;8;67000;clean;automatic;4wd;full-size;42,868175;-85,862086;45
2500;1992;1;6;180000;clean;manual;4wd;full-size;47,6496;-117,2581;50
11880;2005;3;8;151726;clean;automatic;4wd;mid-size;44,57437;-88,16024;45
15000;2009;3;8;152000;lien;automatic;4wd;full-size;31,9571;-98,9656;67
25993;2013;3;8;41952;clean;automatic;4wd;mid-size;44,52039;-88,06645;45
20990;2012;3;6;70444;clean;automatic;4wd;full-size;43,153808;-75,932436;53
32624;2018;3;6;11;clean;automatic;4wd;;47,830597;-110,662694;40
16990;2008;3;8;79000;clean;automatic;;;46,450007;-95,12469;43
25999;2014;3;8;35231;clean;automatic;4wd;mid-size;44,52039;-88,06645;45
4500;1999;3;8;101927;clean;automatic;4wd;;41,22815;-95,85953;47
3800;1994;2;8;197707;clean;automatic;;;30,459841;-86,069841;65
12999;2013;2;8;75900;rebuilt;automatic;4wd;;61,5923;-149,3959;29
26995;2017;3;6;7427;salvage;automatic;4wd;full-size;42,636721;-85,284741;45
14900;2009;2;8;117300;clean;automatic;4wd;full-size;45,401728;-84,879168;45
3500;2007;2;6;250000;clean;automatic;rwd;full-size;28,0384;-82,3949;65
9500;1988;3;8;42760;clean;automatic;;full-size;34,4954;-94,6981;57
3990;2001;3;8;0;clean;automatic;;;46,450007;-95,12469;43
11000;2008;2;8;150000;clean;automatic;4wd;full-size;41,1465;-85,1232;48
5900;2004;2;8;154065;clean;automatic;4wd;full-size;40,0161;-75,7183;53
30900;2017;3;6;7105;clean;automatic;rwd;mid-size;34,74851;-77,41559;56
20777;2014;3;8;900;clean;automatic;rwd;mid-size;35,821163;-90,671453;59
7000;2006;2;8;195000;clean;automatic;4wd;;38,1961;-87,2935;48
5495;2002;5;8;132000;clean;automatic;rwd;full-size;29,683363;-98,137028;67
995;2001;4;6;113523;clean;automatic;4wd;;39,198094;-84,737327;49
19999;2008;3;8;104674;clean;automatic;4wd;;46,312912;-119,976139;50
19800;2013;3;8;107000;clean;automatic;4wd;;42,7496;-83,5358;45
6495;2004;2;8;206903;clean;automatic;4wd;full-size;46,842209;-96,769064;43
3900;2003;3;8;167000;clean;automatic;4wd;;40,0369;-75,0664;53
6999;2005;3;8;145000;clean;automatic;4wd;full-size;42,484503;-92,324974;47
4000;1978;1;6;85972;clean;automatic;rwd;full-size;39,7434;-75,5827;54
1600;1991;1;8;67467;clean;manual;4wd;full-size;47,6977;-117,3746;50
700;1999;0;8;85000;clean;automatic;4wd;;42,2247;-72,7194;50
49890;2018;4;6;3073;clean;automatic;4wd;;49,204598;-123,139205;
9900;2005;3;8;0;clean;automatic;4wd;full-size;32,252974;-110,97871;71
3950;1998;4;8;106255;clean;automatic;4wd;full-size;39,1564;-75,4955;54
6481;2004;2;8;152816;clean;automatic;4wd;full-size;41,46389;-81,7693;49
10900;2014;3;6;149732;clean;automatic;rwd;;40,007891;-104,818353;45
16942;2010;2;8;150060;clean;automatic;4wd;full-size;36,032192;-79,800374;56
20777;2014;3;8;909;clean;automatic;rwd;mid-size;35,821163;-90,671453;59
3300;1998;2;8;159165;clean;automatic;rwd;full-size;38,478753;-82,666154;50
26525;2014;3;8;51638;clean;automatic;4wd;mid-size;42,18631;-71,83726;50
10900;2001;3;8;124061;clean;automatic;rwd;full-size;43,204762;-75,440834;53
19000;2009;3;8;1173602;clean;automatic;4wd;full-size;38,956901;-77,116432;56
10000;2007;3;8;104500;clean;automatic;rwd;full-size;30,017495;-90,076993;67
3500;2006;1;8;172000;clean;automatic;4wd;full-size;44,1987;-75,9569;53
2700;1994;2;8;110900;clean;automatic;4wd;full-size;39,9148;-80,731;52
28898;2018;3;6;895;clean;automatic;rwd;full-size;49,184885;-122,801111;
11999;2008;3;8;113589;clean;automatic;rwd;full-size;37,609783;-120,995406;59
2000;1999;2;6;198030;clean;manual;rwd;mid-size;47,116486;-119,260248;50
2650;1995;2;8;210000;clean;automatic;rwd;;39,169271;-86,538659;48
15995;2007;2;8;76322;clean;automatic;;full-size;45,049163;-93,035945;43
18975;2014;3;6;71394;clean;automatic;4wd;full-size;30,421564;-87,25144;65
3800;1999;2;6;143430;clean;manual;4wd;mid-size;36,147163;-95,154819;57
38970;2017;4;8;14000;clean;automatic;4wd;full-size;49,184885;-122,801111;
13900;2013;2;6;209795;clean;automatic;4wd;full-size;43,029559;-89,397796;45
1500;1995;1;8;265000;clean;automatic;;;34,15;-114,2891;71
26495;2014;2;6;72402;clean;automatic;4wd;full-size;39,831608;-74,653007;52
21490;2013;3;8;64412;rebuilt;automatic;4wd;full-size;44,410131;-89,881957;45
14999;2010;3;8;109333;clean;automatic;4wd;full-size;42,550206;-114,462303;47
5900;1999;3;8;86700;clean;automatic;4wd;;44,4073;-94,4365;43
35188;2015;3;8;82626;clean;automatic;4wd;;45,121187;-92,693325;45
6900;2005;3;8;155000;clean;automatic;rwd;full-size;34,8286;-120,4268;59
26495;2013;3;6;65160;clean;automatic;4wd;full-size;38,671618;-94,36651;52
26900;2015;2;6;37220;clean;automatic;4wd;full-size;43,029559;-89,397796;45
21000;2011;4;8;32000;clean;automatic;4wd;full-size;35,805;-80,313;56
43900;2018;3;8;1000;clean;automatic;;full-size;42,484503;-92,324974;47
6999;2006;3;8;130244;clean;automatic;rwd;full-size;27,875196;-82,786723;65
6995;2005;2;8;162730;clean;automatic;4wd;full-size;45,683596;-92,964836;43
12550;2007;3;8;139875;clean;automatic;4wd;mid-size;44,57437;-88,16024;45
6999;2005;3;8;145000;clean;automatic;4wd;full-size;42,484503;-92,324974;47
5500;2007;2;6;200000;clean;automatic;;;33,3538;-86,8254;61
6750;1999;3;8;152000;clean;automatic;4wd;full-size;34,71758;-112,020804;71
8000;2005;1;8;155000;clean;automatic;;;36,3339;-82,3408;59
4000;1993;2;8;89000;clean;automatic;4wd;full-size;30,8494;-86,2023;65
10000;2009;2;8;235000;clean;automatic;4wd;full-size;49,4806;-119,5858;
14100;2009;2;8;136100;clean;automatic;4wd;full-size;42,5254;-96,4005;47
11200;2007;3;8;179000;lien;automatic;4wd;full-size;43,556502;-96,688903;38
13450;2008;3;8;95680;clean;automatic;4wd;full-size;42,8697;-85,6628;45
27499;2014;3;8;31576;clean;automatic;4wd;mid-size;43,78124;-88,50265;45
29699;2013;3;8;65523;clean;automatic;4wd;mid-size;43,78124;-88,50265;45
2000;1992;2;8;127000;clean;automatic;4wd;full-size;42,7057;-85,1326;45
5950;2002;3;8;188988;clean;automatic;4wd;;42,64387;-84,0733;45
6995;2006;2;6;154200;clean;automatic;rwd;full-size;39,5303;-76,3153;56
3900;2003;2;8;151000;clean;automatic;rwd;full-size;37,0831;-113,5581;50
800;1994;1;8;320;clean;automatic;rwd;full-size;27,3111;-82,5195;65
6995;2007;3;8;121434;clean;automatic;rwd;full-size;27,872735;-82,787042;65
4200;2007;2;6;170000;clean;automatic;rwd;full-size;35,0604;-80,6958;56
22000;2012;3;6;101000;lien;automatic;4wd;full-size;34,1921;-86,1941;61
24995;2014;3;8;95473;clean;automatic;4wd;;42,644633;-76,187862;53
16995;2002;2;8;65336;clean;automatic;rwd;full-size;33,711509;-78,909582;60
31999;2015;3;6;78915;clean;automatic;4wd;full-size;35,839694;-86,387087;59
15895;2009;2;8;102349;clean;automatic;4wd;full-size;44,2945;-93,2818;43
30923;2015;3;6;43195;clean;automatic;4wd;mid-size;43,4436;-86,34779;45
6995;2005;2;8;154118;clean;automatic;4wd;full-size;39,097695;-83,348057;49
3495;2000;2;6;90000;clean;automatic;rwd;full-size;42,978146;-82,456159;45
1000;1994;1;8;112000;clean;automatic;4wd;full-size;41,5968;-70,5671;50
16788;2014;2;6;127865;clean;automatic;4wd;full-size;42,892121;-85,665539;45
42980;2017;4;6;13615;clean;automatic;4wd;;49,204598;-123,139205;
10000;2008;2;8;183000;clean;automatic;4wd;full-size;36,7031;-97,0784;57
28918;2014;3;6;84100;clean;automatic;4wd;full-size;50,039106;-125,271714;
4900;1998;3;8;75000;clean;automatic;4wd;full-size;35,675419;-80,239205;56
1800;1996;1;8;114000;clean;automatic;4wd;full-size;41,1963;-76,0044;53
3000;2001;1;8;185000;clean;automatic;4wd;full-size;44,6615;-90,1784;45
3500;2007;3;8;225001;clean;automatic;rwd;full-size;42,325755;-92,209389;47
4000;2002;2;8;218000;clean;automatic;rwd;full-size;29,399326;-95,092793;67
1499;1993;2;6;276946;clean;manual;rwd;full-size;38,795521;-104,766992;45
14900;2011;2;6;149610;clean;automatic;rwd;full-size;31,316064;-89,437114;61
15988;2006;2;6;106697;clean;automatic;4wd;full-size;43,630744;-116,251228;47
12990;2008;4;8;123129;clean;automatic;4wd;full-size;38,731803;-90,073678;48
11977;2008;3;8;171488;clean;automatic;4wd;mid-size;44,87313;-87,89568;45
25500;2014;3;8;42300;clean;automatic;;;40,0322;-83,1383;49
21990;2014;3;8;96079;clean;automatic;4wd;full-size;43,154559;-75,931921;53
6499;2006;3;8;130244;clean;automatic;rwd;full-size;27,872735;-82,787042;65
25000;2000;4;8;7445;clean;automatic;rwd;full-size;39,015;-84,7736;50
3800;2004;3;8;236000;clean;automatic;4wd;full-size;42,81955;-73,890095;53
19993;2009;3;8;71150;clean;automatic;4wd;mid-size;36,47793;-79,7389;56
2900;1985;1;8;79714;clean;automatic;4wd;full-size;35,3183;-80,7476;56
18800;2011;2;6;92611;clean;automatic;rwd;full-size;30,803146;-88,140898;61
1200;1995;1;8;133000;clean;automatic;rwd;full-size;42,4651;-86,0799;45
38995;2012;3;8;70274;clean;automatic;4wd;full-size;38,611926;-121,423565;59
14900;2014;3;8;63745;clean;automatic;rwd;full-size;36,277213;-80,339822;56
33764;2015;3;8;82626;clean;automatic;4wd;;45,121187;-92,693325;45
7995;2006;2;8;142813;clean;automatic;4wd;full-size;45,52882;-93,369298;43
9995;2003;3;8;192864;clean;automatic;4wd;full-size;41,781722;-72,533825;51
14900;2014;3;8;63745;clean;automatic;rwd;full-size;36,277213;-80,339822;56
9500;2007;3;8;197450;clean;automatic;4wd;full-size;37,175881;-94,319524;52
5890;2007;2;8;164200;clean;automatic;rwd;;42,515234;-83,76948;45
61900;2017;3;6;16622;clean;automatic;4wd;mid-size;42,638389;-83,132835;45
7195;2005;2;8;154118;clean;automatic;4wd;full-size;39,097828;-83,348293;49
17850;2014;2;8;103505;clean;automatic;4wd;full-size;35,273684;-93,120968;59
19880;2011;3;8;73224;clean;automatic;4wd;mid-size;44,57437;-88,16024;45
500;1988;0;6;160000;clean;manual;4wd;full-size;61,400523;-149,477918;29
24500;2012;3;6;67000;clean;automatic;4wd;;41,6034;-81,057;49
35190;2016;3;8;14926;clean;automatic;4wd;mid-size;44,52039;-88,06645;45
16990;2009;3;8;132155;clean;automatic;4wd;mid-size;44,54929;-88,04897;45
22900;2014;4;6;38017;rebuilt;automatic;4wd;full-size;40,112059;-75,047822;53
26891;2013;3;8;124314;clean;automatic;4wd;mid-size;44,52039;-88,06645;45
35403;2016;3;6;22375;clean;automatic;4wd;mid-size;43,75891;-87,75358;45
18880;2013;3;6;123674;clean;automatic;4wd;mid-size;44,57437;-88,16024;45
6000;2003;2;8;138714;clean;automatic;4wd;full-size;30,2362;-85,6467;65
11345;2007;2;8;159535;clean;automatic;4wd;;50,045346;-125,269028;
600;1989;1;6;80000;clean;manual;4wd;full-size;43,875513;-111,745698;47
17995;2010;2;8;75063;clean;automatic;4wd;full-size;42,477134;-82,949564;45
18000;2011;3;8;70000;clean;automatic;4wd;full-size;40,0846;-75,7711;53
28750;2013;3;6;78000;lien;automatic;4wd;full-size;39,9917;-89,6684;48
3000;2000;2;6;175695;clean;manual;rwd;full-size;28,809251;-81,885166;65
23995;2017;3;6;25322;salvage;automatic;4wd;full-size;42,636702;-85,284473;45
33999;2016;3;6;30500;clean;automatic;4wd;full-size;44,100009;-123,167158;50
48900;2015;3;6;67000;clean;automatic;4wd;full-size;49,184885;-122,801111;
6995;2002;3;8;160955;clean;automatic;4wd;;38,257745;-77,495224;55
25995;2014;3;8;122631;clean;automatic;4wd;;50,045346;-125,269028;
4499;2000;2;6;178000;clean;manual;rwd;;41,9798;-84,6451;45
34950;2011;2;8;12429;clean;automatic;4wd;full-size;39,07833;-108,575315;45
9788;2004;3;8;149347;clean;automatic;4wd;full-size;38,611926;-121,423565;59
8500;2010;2;8;104300;clean;automatic;rwd;;30,3231;-97,3737;67
6800;2006;2;6;106793;clean;automatic;rwd;full-size;43,225846;-77,348444;53
24888;2014;3;8;73671;clean;automatic;4wd;;47,830597;-110,662694;40
2650;2000;2;8;210000;clean;automatic;4wd;;38,5773;-92,2443;52
15880;2010;3;8;127094;clean;automatic;4wd;mid-size;44,54929;-88,04897;45
9880;2006;3;8;112213;clean;automatic;4wd;mid-size;44,87313;-87,89568;45
3000;2003;2;8;163000;clean;automatic;4wd;compact;30,605512;-84,22893;65
1900;2001;2;8;210000;clean;automatic;4wd;full-size;41,662942;-71,498251;49
1850;1996;2;6;178000;clean;manual;rwd;full-size;27,917;-82,8027;65
44870;2016;3;6;61125;clean;automatic;4wd;full-size;49,184885;-122,801111;
20987;2012;3;6;50865;clean;automatic;4wd;full-size;37,911918;-84,559276;50
28799;2013;3;8;65523;clean;automatic;4wd;mid-size;43,78124;-88,50265;45
16990;2008;3;8;79000;clean;automatic;;;46,450007;-95,12469;43
24000;2014;3;8;99465;clean;automatic;4wd;mid-size;36,28962;-95,31964;57
21995;2013;2;6;137475;clean;automatic;4wd;full-size;30,4273;-91,0356;67
26950;2014;3;8;96372;clean;automatic;4wd;full-size;33,276727;-87,094631;61
3000;2000;2;8;194000;clean;automatic;4wd;full-size;38,5347;-121,4451;59
31995;2016;3;6;98968;clean;automatic;4wd;full-size;38,671618;-94,36651;52
2000;1990;2;8;158000;clean;automatic;fwd;;39,7848;-88,0001;48
23899;2014;2;6;120278;clean;automatic;4wd;;30,665776;-88,105149;61
14995;2010;3;8;80246;clean;automatic;4wd;full-size;43,223552;-77,372473;53
4995;2004;2;8;165000;clean;automatic;rwd;full-size;34,0296;-86,0967;61
6800;2007;3;8;125000;clean;automatic;4wd;full-size;44,486738;-73,191419;44
9788;2004;3;8;149347;clean;automatic;4wd;full-size;38,611926;-121,423565;59
22988;2012;3;6;132010;clean;automatic;4wd;;45,121187;-92,693325;45
23995;2014;3;8;61430;clean;automatic;4wd;full-size;42,032203;-91,611698;47
13995;2009;3;8;146168;clean;automatic;4wd;mid-size;43,05929;-71,44274;43
9500;2004;3;8;98700;clean;automatic;4wd;;46,384442;-118,943862;50
20770;2012;3;6;118690;clean;automatic;4wd;mid-size;44,57437;-88,16024;45
16950;2012;2;6;96243;clean;automatic;4wd;full-size;38,692648;-82,857744;49
39800;2015;3;6;81233;clean;automatic;4wd;mid-size;34,74851;-77,41559;56
18900;2011;4;8;99488;clean;automatic;;;36,188987;-94,138076;59
16997;2009;3;8;110516;clean;automatic;4wd;mid-size;43,78124;-88,50265;45
18250;2011;2;8;110000;clean;automatic;4wd;full-size;43,8942;-70,3429;44
20000;2012;3;6;81797;clean;automatic;4wd;full-size;47,84824;-117,189499;50
11977;2008;3;8;171488;clean;automatic;4wd;mid-size;44,87313;-87,89568;45
14995;2010;3;8;120715;clean;automatic;4wd;full-size;43,223552;-77,372473;53
2500;1988;2;8;134000;clean;manual;;;34,457859;-84,430009;59
3490;1999;3;8;237000;clean;automatic;;;46,450007;-95,12469;43
26000;2011;4;8;57323;clean;automatic;4wd;;38,181336;-78,970797;55
1999;1995;2;8;221000;clean;automatic;;full-size;45,792754;-108,48371;40
12000;2009;3;8;66000;clean;automatic;;;36,561944;-87,574425;59
255;2007;3;8;90611;clean;automatic;4wd;full-size;38,584848;-89,985587;48
1500;2002;2;8;185000;rebuilt;automatic;4wd;full-size;40,2343;-78,9515;53
7995;2005;3;8;110112;clean;automatic;4wd;full-size;27,873066;-82,786729;65
6500;2004;2;8;117000;clean;automatic;4wd;full-size;42,62814;-73,864721;53
21000;2013;3;6;109000;clean;automatic;4wd;;43,073;-89,4528;45
18299;2013;3;6;75295;clean;automatic;4wd;mid-size;43,78124;-88,50265;45
31788;2015;2;6;28298;clean;automatic;4wd;full-size;42,611972;-97,2786;46
15500;2010;3;8;156000;clean;automatic;4wd;full-size;32,5556;-92,5224;67
8550;2005;3;8;164628;clean;automatic;4wd;mid-size;44,57437;-88,16024;45
1700;2001;2;6;156000;clean;manual;4wd;full-size;44,4896;-75,2871;53
11950;2010;2;8;172103;clean;automatic;4wd;full-size;38,692648;-82,857744;49
6799;2003;3;8;81731;clean;automatic;rwd;full-size;40,050455;-84,193339;49
37000;2018;3;8;1235;clean;automatic;4wd;mid-size;34,74851;-77,41559;56
21900;2015;4;8;41000;rebuilt;automatic;4wd;mid-size;34,9803;-81,9168;60
8542;2005;3;8;106501;clean;automatic;4wd;mid-size;41,10224;-81,48186;49
5995;2004;2;8;230036;clean;automatic;4wd;full-size;37,678867;-97,070307;51
5000;2009;2;8;131500;clean;automatic;rwd;full-size;43,354877;-124,146166;50
10888;2010;2;8;190000;clean;automatic;4wd;full-size;30,520244;-89,647288;61
3841;2006;3;8;154070;clean;automatic;rwd;mid-size;28,03978;-81,94071;65
19999;2013;3;6;73000;rebuilt;automatic;4wd;full-size;41,745445;-86,251431;48
8700;2006;2;8;148000;clean;automatic;4wd;;35,7126;-82,5491;56
9995;2010;3;8;144375;clean;automatic;rwd;full-size;38,611926;-121,423565;59
26499;2011;3;8;46096;clean;automatic;4wd;mid-size;43,75891;-87,75358;45
895;1997;2;8;176000;clean;automatic;4wd;full-size;46,8445;-92,25955;43
24995;2015;3;6;68849;clean;automatic;4wd;full-size;42,701772;-89,008858;45
32988;2017;2;8;9377;clean;automatic;4wd;full-size;43,630744;-116,251228;47
17950;2012;3;8;115212;clean;automatic;4wd;full-size;42,944251;-83,730441;45
19995;2014;3;8;35840;clean;automatic;4wd;full-size;42,636642;-85,284719;45
19550;2014;2;6;102069;clean;automatic;4wd;full-size;41,680677;-86,126046;48
19770;2014;3;6;137774;clean;automatic;4wd;mid-size;44,57437;-88,16024;45
5500;2005;2;8;161100;clean;automatic;4wd;full-size;37,99915;-85,711844;50
3200;2000;2;8;151000;clean;automatic;4wd;full-size;45,1025;-91,49;45
11880;2008;3;8;162820;clean;automatic;4wd;mid-size;44,57437;-88,16024;45
33995;2015;3;6;100987;clean;automatic;4wd;full-size;38,671618;-94,36651;52
32000;2015;3;6;31052;clean;automatic;4wd;mid-size;46,59003;-95,57416;43
8500;2009;3;8;285000;clean;automatic;rwd;full-size;30,7644;-86,5917;65
6300;2008;5;6;100000;clean;automatic;rwd;full-size;33,576515;-117,738926;59
21900;2010;2;8;122275;clean;automatic;4wd;full-size;31,316064;-89,437114;61
9995;2006;3;8;115500;clean;automatic;rwd;full-size;41,26742;-96,052036;46
5895;2001;2;8;48859;clean;automatic;rwd;full-size;37,126265;-113,636429;50
11950;2007;3;8;77533;clean;automatic;4wd;full-size;37,286501;-80,056719;55
14995;2010;3;8;120715;clean;automatic;4wd;full-size;43,223552;-77,372473;53
1;2006;3;8;181939;clean;automatic;fwd;full-size;36,2022;-119,338;59
6000;2008;2;6;116000;clean;manual;rwd;full-size;39,976239;-83,118937;49
16990;2009;3;8;132155;clean;automatic;4wd;mid-size;44,54929;-88,04897;45
4500;2005;2;8;191000;clean;automatic;rwd;full-size;40,0373;-87,8365;48
21890;2016;3;6;74111;clean;automatic;rwd;full-size;43,154479;-75,931492;53
10900;2006;3;8;75000;clean;automatic;4wd;full-size;47,022952;-95,098147;43
8495;2005;3;8;101000;clean;automatic;4wd;;42,0811;-75,8977;53
6999;2005;3;8;146000;clean;automatic;4wd;;45,656264;-95,426302;43
26799;2013;3;6;61637;clean;automatic;4wd;mid-size;43,78124;-88,50265;45
5500;1978;1;8;104000;clean;manual;rwd;full-size;38,1768;-85,5218;50
7870;2007;3;8;170510;clean;automatic;4wd;full-size;44,777022;-93,369691;43
3000;1998;3;8;158000;clean;automatic;rwd;full-size;41,535377;-90,483535;47
13900;2008;3;8;57500;clean;automatic;4wd;full-size;43,204762;-75,440834;53
63990;2018;3;6;8023;clean;automatic;4wd;full-size;43,154309;-75,930033;53
21990;2014;3;8;96079;clean;automatic;4wd;full-size;43,153808;-75,930719;53
3200;2002;2;6;212000;clean;automatic;rwd;;38,8518;-91,9605;52
29000;2013;3;6;60000;clean;automatic;4wd;;37,13284;-95,78558;51
9892;2006;2;8;165650;clean;automatic;4wd;full-size;41,46389;-81,7693;49
3200;1998;2;8;225000;clean;automatic;rwd;full-size;29,7325;-82,0279;65
16995;2009;3;8;0;clean;automatic;;full-size;32,788557;-117,098278;59
13000;2010;3;8;168000;clean;automatic;4wd;full-size;44,9842;-92,7271;45
18850;2014;2;8;118324;clean;automatic;4wd;full-size;35,273684;-93,120968;59
2800;1993;2;6;243000;clean;automatic;rwd;full-size;40,560488;-83,148455;49
4300;1999;2;6;137000;clean;manual;rwd;;33,565607;-81,721202;60
2500;2005;2;8;212000;clean;automatic;4wd;full-size;43,2609;-76,2395;53
5400;2006;2;6;140000;clean;automatic;fwd;full-size;36,1232;-115,0902;46
2100;2001;1;8;224516;clean;automatic;4wd;full-size;45,085746;-93,380871;43
8000;2006;4;8;159000;lien;automatic;4wd;full-size;44,2675;-83,5449;45
1;2004;3;8;182000;clean;automatic;rwd;full-size;37,2962;-93,4259;52
19700;2011;3;8;143000;clean;automatic;4wd;full-size;30,18235;-97,971954;67
31249;2017;3;8;8921;clean;automatic;4wd;mid-size;43,78124;-88,50265;45
11995;2007;2;8;129746;clean;automatic;rwd;full-size;32,292782;-95,350543;67
24995;2014;3;8;95473;clean;automatic;4wd;;42,644633;-76,187862;53
23995;2014;4;6;130580;clean;automatic;4wd;full-size;32,18182;-90,137611;61
32290;2016;3;8;43813;clean;automatic;4wd;mid-size;43,75891;-87,75358;45
2600;2002;1;8;213000;clean;automatic;;;34,2788;-119,1651;59
9550;2006;3;8;168942;clean;automatic;4wd;mid-size;44,87313;-87,89568;45
12995;2011;2;6;139508;clean;automatic;4wd;full-size;42,477134;-82,949564;45
6999;2003;2;8;120364;clean;automatic;4wd;full-size;39,410814;-81,443564;49
28992;2014;3;6;39895;clean;automatic;4wd;;43,852883;-88,855927;45
16987;2012;3;8;108956;clean;automatic;4wd;full-size;37,911918;-84,559276;50
5495;2005;3;8;204333;clean;automatic;4wd;;45,2617;-88,078;45
19999;2010;3;8;80669;clean;automatic;4wd;full-size;38,9847;-88,1704;48
3000;2000;2;6;119000;clean;automatic;rwd;;48,2028;-114,3039;40
13880;2009;3;8;154597;clean;automatic;4wd;mid-size;44,87313;-87,89568;45
25000;2014;3;6;54088;clean;automatic;4wd;mid-size;44,4737;-88,06308;45
5800;2005;2;6;137000;clean;automatic;rwd;full-size;36,8806;-88,3548;50
8995;2006;3;8;115500;clean;automatic;rwd;full-size;41,140276;-100,760145;46
26900;2016;3;6;94578;clean;automatic;4wd;;39,368811;-104,860535;45
7300;2007;2;6;76800;clean;automatic;rwd;full-size;39,5591;-75,4521;52
13300;2012;3;6;105000;clean;automatic;4wd;full-size;45,8768;-95,1332;43
15990;2008;3;8;79000;clean;automatic;;;46,450007;-95,12469;43
12990;2013;3;8;176752;clean;automatic;;full-size;47,911024;-97,045022;38
21900;2013;2;8;93000;lien;automatic;4wd;full-size;38,9268;-78,1796;55
31999;2015;3;6;78915;clean;automatic;4wd;full-size;35,839694;-86,387087;59
14900;2014;3;8;63745;clean;automatic;rwd;full-size;36,277213;-80,339822;56
1000;1998;2;8;215000;clean;automatic;;;36,8706;-94,3862;52
3500;2006;2;8;165500;clean;automatic;rwd;full-size;46,4752;-89,9424;45
17550;2010;3;8;67486;clean;automatic;4wd;full-size;43,204762;-75,440834;53
11299;2006;2;8;99000;clean;automatic;rwd;full-size;37,677;-97,059059;51
3995;2004;2;8;155000;clean;automatic;rwd;full-size;42,011896;-91,635014;47
41900;2015;4;6;27750;clean;automatic;4wd;;43,651753;-94,45321;43
18500;2013;3;6;98000;rebuilt;automatic;4wd;full-size;40,2688;-76,1013;53
2300;2002;2;8;312000;clean;automatic;4wd;full-size;49,440974;-123,704527;
4995;1998;3;6;0;clean;automatic;rwd;;40,007891;-104,818353;45
9888;2009;2;8;0;clean;automatic;4wd;full-size;30,520244;-89,647288;61
13995;2008;3;8;94739;clean;automatic;4wd;full-size;41,781722;-72,533825;51
15000;2008;3;8;134450;clean;automatic;4wd;full-size;44,482375;-73,084046;44
15500;2008;3;8;90061;clean;automatic;rwd;full-size;32,579641;-99,663505;67
5495;2006;3;8;151344;clean;automatic;4wd;;45,2617;-88,078;45
26997;2011;4;8;68278;clean;automatic;rwd;full-size;37,711627;-122,138132;59
26900;2015;3;6;96233;clean;automatic;4wd;;40,007891;-104,818353;45
5999;2005;2;8;163222;rebuilt;automatic;rwd;full-size;35,44446;-97,548016;57
4995;2005;2;8;141500;clean;automatic;4wd;full-size;41,5831;-75,5056;53
2995;2003;2;8;285000;rebuilt;automatic;rwd;full-size;36,111946;-95,902576;57
6799;2003;3;8;81731;clean;automatic;rwd;full-size;40,050455;-84,193339;49
6500;2007;2;8;170547;clean;automatic;4wd;full-size;41,6835;-86,1682;48
7995;2007;2;8;135196;clean;automatic;4wd;full-size;45,049163;-93,035945;43
29900;2015;3;6;53240;clean;automatic;4wd;full-size;43,204762;-75,440834;53
2000;1999;2;8;230000;clean;manual;4wd;full-size;37,904;-83,3888;50
12900;2012;3;6;73260;clean;automatic;rwd;;41,0203;-77,6702;53
1300;1995;1;8;230000;clean;manual;4wd;full-size;30,125117;-91,155624;67
14995;2010;3;8;120715;clean;automatic;4wd;full-size;43,223552;-77,372473;53
11995;2008;3;8;148484;clean;automatic;4wd;full-size;45,518031;-122,578752;50
25880;2014;3;6;104226;clean;automatic;4wd;mid-size;44,57437;-88,16024;45
25870;2014;3;6;67630;clean;automatic;4wd;full-size;38,584848;-89,985587;48
17900;2013;2;6;156657;clean;automatic;4wd;full-size;43,029559;-89,397796;45
31495;2015;2;8;81269;clean;automatic;4wd;full-size;42,970214;-90,112347;45
34599;2016;3;6;55812;clean;automatic;4wd;mid-size;43,75891;-87,75358;45
52980;2018;4;8;13253;clean;automatic;4wd;full-size;45,655562;-89,386634;45
5999;2004;2;8;279000;clean;automatic;4wd;full-size;30,755331;-88,216537;61
5200;2001;3;8;208000;clean;automatic;4wd;full-size;44,9961;-122,9124;50
9995;2006;3;6;106000;clean;automatic;rwd;full-size;32,25;-110,8869;71
13995;2008;3;8;67943;clean;automatic;4wd;full-size;43,223552;-77,372473;53
21990;2011;3;8;178707;clean;automatic;rwd;full-size;32,867351;-97,262497;67
18995;2014;2;6;108026;clean;automatic;4wd;full-size;41,686718;-86,012028;48
43900;2016;3;6;57250;clean;automatic;4wd;full-size;32,965063;-96,913304;67
27997;2015;3;8;48363;clean;automatic;4wd;full-size;41,274888;-95,937166;46
15600;2010;3;8;155000;clean;automatic;4wd;full-size;38,042681;-97,345139;51
73055;2018;3;6;1;clean;automatic;4wd;full-size;47,830597;-110,662694;40
40000;2015;4;8;55000;lien;automatic;;;30,414734;-88,762313;61
3000;2002;2;8;200000;clean;automatic;4wd;full-size;41,229;-85,3244;48
37995;2015;3;6;48800;clean;automatic;4wd;;47,830597;-110,662694;40
27200;2014;3;6;75514;clean;automatic;4wd;;38,0185;-92,7677;52
6000;2004;4;8;175000;salvage;automatic;4wd;full-size;48,4786;-122,3345;50
999;2011;2;8;85000;clean;automatic;rwd;;41,0334;-81,4385;49
14500;2009;2;8;135000;lien;automatic;4wd;;34,864725;-76,898734;56
15600;2012;4;8;116500;clean;automatic;rwd;;26,3033;-80,2415;65
9500;2005;2;8;119100;clean;automatic;4wd;;48,403926;-122,369334;50
15490;2009;2;8;98131;clean;automatic;4wd;full-size;40,468826;-74,281734;52
8900;2010;2;8;75000;rebuilt;automatic;4wd;full-size;41,9766;-83,2804;45
18500;2014;3;8;31500;salvage;automatic;4wd;full-size;43,5179;-96,7924;38
10700;2009;3;8;82000;clean;automatic;4wd;;41,817605;-87,724972;48
2400;2001;1;8;256000;clean;automatic;rwd;full-size;39,194059;-95,554876;51
19998;2012;2;8;95340;clean;automatic;;full-size;42,3899;-122,9222;50
13500;2006;3;8;131000;clean;automatic;4wd;;-2,508807;-105,886335;
29990;2015;3;8;37271;clean;automatic;4wd;full-size;43,154684;-75,930204;53
8000;2004;3;8;129420;clean;automatic;4wd;;42,5593;-83,79443;45
8000;2004;3;8;129420;clean;automatic;4wd;;42,5593;-83,79443;45
3000;2000;2;8;137027;clean;automatic;rwd;;39,296048;-119,527473;46
13995;2008;3;8;67943;clean;automatic;4wd;full-size;43,223552;-77,372473;53
7500;2007;2;6;75744;clean;automatic;rwd;full-size;44,037029;-75,797798;53
16500;2014;3;6;124800;clean;automatic;;;33,6819;-112,0996;71
29300;2015;4;6;64300;clean;automatic;4wd;full-size;27,4703;-81,4872;65
19770;2014;3;6;137774;clean;automatic;4wd;mid-size;44,57437;-88,16024;45
12500;2006;3;8;158302;clean;automatic;4wd;full-size;38,389279;-75,345294;56
7800;2011;4;6;161161;clean;automatic;fwd;full-size;33,7446;-117,984;59
4000;1993;2;6;33000;clean;manual;4wd;full-size;39,0295;-86,8675;48
31794;2014;3;6;48725;clean;automatic;4wd;mid-size;44,52039;-88,06645;45
26995;2017;3;6;7427;salvage;automatic;4wd;full-size;42,636106;-85,284119;45
9990;2012;2;8;127501;clean;automatic;rwd;full-size;40,468826;-74,281734;52
1500;1987;2;8;999999;clean;manual;4wd;;34,6323;-89,8855;61
6900;2009;2;8;150100;clean;automatic;rwd;full-size;37,952491;-84,506684;50
27995;2017;2;8;67131;clean;automatic;4wd;full-size;42,970214;-90,112347;45
16477;2012;3;6;102221;clean;automatic;rwd;mid-size;33,9379;-117,17763;59
15995;2009;3;8;136101;clean;automatic;4wd;full-size;38,159627;-85,697708;50
3300;1997;2;8;136000;clean;manual;4wd;mid-size;43,15111;-97,714909;38
7900;2010;2;8;142774;clean;automatic;4wd;full-size;28,079232;-80,674959;65
38692;2018;3;6;2127;clean;automatic;4wd;mid-size;42,58998;-83,03095;45
1500;1990;1;8;151000;clean;automatic;rwd;;37,538862;-79,384801;55
37998;2016;4;6;19881;clean;automatic;4wd;;50,045346;-125,269028;
19900;2014;4;8;114295;clean;automatic;4wd;;36,18884;-94,138076;59
1800;1995;1;8;138315;clean;automatic;4wd;full-size;39,9874;-83,0456;49
36000;2017;4;8;9426;clean;automatic;4wd;full-size;35,1526;-76,7518;56
11933;2012;3;6;99240;clean;automatic;rwd;full-size;38,052548;-85,676488;50
60950;2018;4;6;22829;clean;automatic;4wd;full-size;33,409933;-111,860477;71
27250;2014;3;6;50602;clean;automatic;rwd;mid-size;34,74851;-77,41559;56
15897;2010;2;8;125351;clean;automatic;4wd;full-size;40,335245;-76,488033;53
8000;2010;2;8;104300;clean;automatic;rwd;;30,3231;-97,3737;67
12995;2006;2;8;127025;clean;automatic;rwd;full-size;31,336557;-92,376425;67
9500;2005;2;8;109000;clean;automatic;4wd;full-size;45,8817;-95,382;43
30533;2016;3;6;12292;clean;automatic;4wd;mid-size;41,24643;-81,35853;49
27000;2016;4;6;42000;lien;automatic;rwd;full-size;32,389741;-111,377008;71
38500;2015;3;6;49000;clean;automatic;4wd;;38,1768;-85,5218;50
27996;2014;2;8;22918;clean;automatic;4wd;full-size;40,335245;-76,488033;53
13850;2007;4;8;91000;lien;automatic;4wd;full-size;42,172463;-84,246029;45
3800;2006;2;8;185000;clean;automatic;;mid-size;46,234182;-119,131618;50
32625;2016;3;6;9470;clean;automatic;4wd;mid-size;43,75891;-87,75358;45
36900;2014;2;8;99110;clean;automatic;4wd;full-size;31,316064;-89,437114;61
13990;2010;3;8;144000;clean;automatic;4wd;;46,450007;-95,12469;43
12995;2008;3;8;86000;clean;automatic;4wd;full-size;37,373702;-89,665754;52
12488;2010;2;8;144570;clean;automatic;4wd;full-size;42,892121;-85,665539;45
9499;2006;3;8;161514;clean;automatic;;full-size;37,609783;-120,995406;59
16795;2011;2;6;168971;clean;automatic;4wd;full-size;39,073454;-95,664519;51
8995;2008;4;8;157859;clean;automatic;4wd;full-size;38,220529;-90,384202;52
2500;1990;2;6;85000;clean;manual;4wd;full-size;44,3045;-120,8336;50
3100;1998;1;8;164000;clean;automatic;4wd;;40,7977;-77,0468;53
13995;2008;3;8;67943;clean;automatic;4wd;full-size;43,223552;-77,372473;53
4600;2005;2;8;270000;clean;automatic;4wd;full-size;45,011252;-88,168416;45
13985;2007;2;8;115268;clean;automatic;4wd;full-size;43,122774;-88,52791;45
27500;2013;3;8;93000;clean;automatic;4wd;full-size;33,7751;-89,8087;61
11450;2003;2;8;142950;clean;automatic;rwd;full-size;39,253225;-75,586968;54
34500;2016;3;6;38000;clean;automatic;4wd;full-size;61,5923;-149,3959;29
23450;2014;2;8;45900;clean;automatic;;;28,623724;-96,63866;67
16990;2011;4;8;91306;clean;automatic;4wd;full-size;38,731803;-90,073678;48
20299;2012;3;6;120691;clean;automatic;4wd;mid-size;43,78124;-88,50265;45
16500;2014;3;6;155001;clean;automatic;4wd;full-size;33,881074;-84,533461;59
10250;2006;3;8;104500;clean;automatic;4wd;full-size;46,206891;-116,896288;47
4000;1998;2;6;233079;clean;manual;rwd;;32,4724;-94,7101;67
11999;2008;3;8;113589;clean;automatic;rwd;full-size;37,609783;-120,995406;59
3650;2003;3;8;250000;clean;automatic;4wd;;37,503326;-77,614117;55
41499;2018;3;8;36622;clean;automatic;4wd;mid-size;43,78124;-88,50265;45
9990;2005;2;8;138215;clean;automatic;4wd;full-size;40,468826;-74,281734;52
6999;1998;3;8;180261;clean;automatic;4wd;full-size;42,42807;-123,330875;50
12188;2011;2;6;146699;clean;automatic;4wd;full-size;42,892121;-85,665539;45
14983;2010;3;8;116198;clean;automatic;4wd;full-size;45,750271;-111,184096;40
5500;2005;2;8;133000;clean;automatic;4wd;full-size;40,2884;-75,341;53
18995;2015;2;6;142282;clean;automatic;4wd;full-size;42,504823;-92,405569;47
14995;2009;3;8;136101;clean;automatic;4wd;full-size;38,159627;-85,697708;50
15995;2010;2;8;126646;clean;automatic;4wd;full-size;45,049163;-93,035945;43
13990;2011;2;8;138484;clean;automatic;4wd;full-size;35,715664;-84,017687;59
36997;2018;4;8;12100;clean;automatic;4wd;;31,9933;-90,3744;61
11000;2004;3;8;187500;clean;automatic;4wd;full-size;32,4593;-82,9381;59
19995;2013;2;6;107739;clean;automatic;4wd;full-size;41,686718;-86,012028;48
5000;2006;2;6;119000;clean;automatic;;;32,339483;-99,669829;67
500;1997;1;8;195000;clean;automatic;4wd;;41,0975;-81,426;49
3995;2002;1;8;240000;clean;automatic;4wd;full-size;42,310905;-73,255722;50
12488;2010;2;8;144570;clean;automatic;4wd;full-size;42,892121;-85,665539;45
2300;2001;2;6;290;clean;automatic;rwd;full-size;34,8059;-92,2305;59
16995;2012;4;8;123000;clean;automatic;4wd;;42,977191;-73,849497;53
1;2017;4;6;10500;clean;automatic;rwd;full-size;36,304703;-100,171911;67
2900;2005;2;8;130847;clean;automatic;;;40,8705;-73,0822;53
7500;2002;3;8;122000;clean;automatic;4wd;;41,3914;-75,6657;53
13977;2013;2;6;106454;clean;automatic;rwd;full-size;42,345504;-88,269936;48
5000;2005;3;6;153426;clean;automatic;rwd;full-size;42,408096;-76,486022;53
20000;2009;3;8;59000;clean;automatic;;;40,86845;-81,328487;49
37995;2015;3;6;48800;clean;automatic;4wd;;47,830597;-110,662694;40
10999;2006;3;8;106000;clean;automatic;rwd;full-size;37,504659;-97,504327;51
32995;2012;2;6;36168;clean;automatic;4wd;full-size;34,947213;-89,440953;61
49980;2016;3;6;39200;clean;automatic;4wd;full-size;50,039051;-125,271671;
10988;2008;2;8;104430;clean;automatic;rwd;full-size;42,892121;-85,665539;45
24000;2011;3;6;90500;clean;automatic;4wd;full-size;48,2028;-114,3039;40
2800;1997;2;8;143000;clean;automatic;4wd;full-size;41,761803;-73,126278;51
3500;2001;2;8;126679;clean;automatic;4wd;full-size;42,9017;-88,0086;45
4900;1998;3;8;75000;clean;automatic;4wd;full-size;35,675663;-80,239248;56
39995;2016;4;6;27815;clean;automatic;4wd;;48,7974;-122,4448;50
27995;2016;3;8;42956;clean;automatic;4wd;full-size;40,83598;-96,725713;46
14995;2009;3;8;136101;clean;automatic;4wd;full-size;38,159627;-85,697708;50
3300;2006;2;6;282000;clean;automatic;rwd;full-size;31,316698;-89,375077;61
10900;2013;3;6;30000;rebuilt;automatic;rwd;full-size;41,5592;-81,4828;49
21800;2012;3;6;96000;lien;automatic;4wd;;43,009;-88,6726;45
17895;2010;3;8;115453;clean;automatic;4wd;full-size;38,159627;-85,697708;50
7725;2008;2;6;68000;clean;automatic;rwd;full-size;37,4955;-77,471;55
27300;2011;3;8;119691;clean;automatic;4wd;mid-size;41,96378;-83,67195;45
21495;2013;3;8;64412;rebuilt;automatic;4wd;full-size;44,409987;-89,880544;45
9777;2006;3;8;152536;clean;automatic;4wd;full-size;38,159627;-85,697708;50
24888;2014;3;8;73671;clean;automatic;4wd;;47,830597;-110,662694;40
3495;2002;2;8;201803;clean;automatic;4wd;full-size;42,477134;-82,949564;45
3200;1998;1;8;222000;clean;manual;4wd;full-size;36,451643;-89,084015;59
23495;2015;3;8;102689;clean;automatic;4wd;full-size;38,671618;-94,36651;52
12995;2009;2;8;140455;clean;automatic;4wd;full-size;42,477134;-82,949564;45
23995;2014;4;6;130580;clean;automatic;4wd;full-size;32,18182;-90,137611;61
49890;2018;4;6;2073;clean;automatic;4wd;;49,204598;-123,139205;
3000;1999;2;8;175600;clean;automatic;4wd;full-size;43,835837;-84,586108;45
4700;2004;2;8;130712;clean;automatic;4wd;mid-size;42,0086;-87,6947;48
3200;1998;2;6;175000;clean;automatic;rwd;full-size;32,791748;-115,544715;59
32900;2015;3;6;69000;lien;automatic;4wd;full-size;46,744396;-112,043261;40
1600;1993;2;6;176000;clean;automatic;4wd;full-size;33,608543;-112,324455;71
5200;2004;1;8;185000;clean;automatic;4wd;full-size;39,0564;-76,045;56
3200;2003;1;8;180000;clean;automatic;4wd;full-size;40,2378;-75,2955;53
3950;2007;2;8;260000;clean;automatic;rwd;full-size;43,664898;-79,501446;
3900;2008;2;8;140848;clean;automatic;rwd;full-size;41,669081;-86,014431;48
6400;2008;2;6;137431;clean;automatic;rwd;full-size;38,521585;-90,012054;48
21890;2016;3;6;74111;clean;automatic;rwd;full-size;43,154309;-75,932779;53
17950;2012;3;8;115212;clean;automatic;4wd;full-size;42,944251;-83,730441;45
7600;2007;3;6;147512;clean;automatic;fwd;compact;28,5302;-81,4045;65
21900;2015;2;6;149616;clean;automatic;4wd;full-size;31,316064;-89,437114;61
12988;2013;2;6;48459;clean;automatic;rwd;full-size;45,553434;-94,231841;43
12900;2007;2;8;155560;clean;automatic;4wd;full-size;42,483865;-91,47302;47
2800;2000;2;6;107000;clean;automatic;rwd;full-size;44,377348;-89,826554;45
4100;1999;2;8;158000;clean;automatic;4wd;;34,86843;-120,419067;59
5500;1977;1;8;150000;clean;automatic;rwd;full-size;38,882307;-77,169363;55
35984;2015;3;6;70939;clean;automatic;4wd;full-size;45,750271;-111,184096;40
34374;2015;3;6;48680;clean;automatic;4wd;mid-size;27,15356;-80,21936;65
6000;2006;1;8;150000;clean;automatic;4wd;full-size;44,081595;-88,593916;45
2000;1999;2;8;100875;clean;automatic;rwd;;39,8949;-76,1465;53
14995;2011;2;8;99000;clean;automatic;;full-size;40,902117;-73,791738;53
28799;2013;3;8;65523;clean;automatic;4wd;mid-size;43,78124;-88,50265;45
4990;1997;2;6;82946;clean;automatic;rwd;full-size;40,468826;-74,281734;52
11000;2012;2;6;32000;clean;automatic;rwd;;40,636758;-73,928781;53
12900;2007;3;8;99461;clean;automatic;4wd;full-size;32,252358;-110,978487;71
2000;2001;2;6;169000;clean;automatic;rwd;full-size;39,7495;-77,1003;53
11700;2010;2;8;144570;clean;automatic;4wd;full-size;42,892121;-85,665539;45
7977;2005;2;8;159323;clean;automatic;4wd;full-size;42,345504;-88,269936;48
17998;2011;3;6;90082;clean;automatic;4wd;mid-size;42,22969;-83,48548;45
2995;1979;2;8;111111;clean;manual;4wd;;42,4638;-123,3457;50
21495;2013;3;8;64412;rebuilt;automatic;4wd;full-size;44,409987;-89,880544;45
11990;2007;3;8;132000;clean;automatic;;;46,450007;-95,12469;43
20990;2012;3;6;70444;clean;automatic;4wd;full-size;43,154935;-75,932093;53
2500;1997;2;8;243300;clean;automatic;4wd;full-size;33,418746;-111,807862;71
7150;2007;3;6;85700;clean;automatic;rwd;full-size;41,695661;-83,616642;49
30767;2016;3;6;73397;clean;automatic;4wd;mid-size;44,4737;-88,06308;45
17695;2011;2;6;100709;clean;automatic;4wd;full-size;39,928215;-105,148438;45
31794;2014;3;6;48725;clean;automatic;4wd;mid-size;44,52039;-88,06645;45
16500;2011;3;8;142000;clean;automatic;rwd;full-size;36,1762;-86,8076;59
25995;2017;3;6;7427;salvage;automatic;4wd;full-size;42,636106;-85,284119;45
18283;2012;2;6;82625;clean;automatic;4wd;full-size;43,122774;-88,52791;45
26500;2013;3;6;95000;clean;automatic;4wd;full-size;33,4669;-94,0774;67
2500;1999;2;8;190000;clean;automatic;rwd;full-size;40,5674;-89,6243;48
22995;2014;3;8;133929;clean;automatic;;full-size;31,732124;-106,364833;67
5500;2002;2;8;113000;clean;manual;4wd;full-size;41,2175;-73,0549;51
3950;2006;3;8;187000;clean;automatic;4wd;full-size;42,484503;-92,324974;47
23800;2013;2;6;94356;clean;automatic;4wd;full-size;30,803146;-88,140898;61
28000;2015;4;6;64000;clean;automatic;;;43,6453;-85,0046;45
650;1997;1;8;192000;clean;automatic;rwd;full-size;46,260314;-86,928549;45
19995;2014;3;8;89000;clean;automatic;4wd;;35,7313;-81,2165;56
3800;2005;3;8;209000;clean;automatic;4wd;full-size;41,2335;-96,1188;46
4299;2008;2;6;179200;clean;automatic;rwd;;36,1032;-79,8794;56
13880;2009;3;8;154597;clean;automatic;4wd;mid-size;44,87313;-87,89568;45
15000;2010;2;8;62000;clean;automatic;4wd;full-size;64,8378;-147,7164;29
45700;2018;4;6;3350;clean;automatic;4wd;full-size;50,039161;-125,271671;
15500;2008;3;8;105000;clean;automatic;4wd;full-size;36,0544;-95,7223;57
24550;2012;4;6;80000;lien;automatic;4wd;full-size;49,906733;-97,201863;
15950;2013;2;8;99470;clean;automatic;rwd;full-size;33,512633;-86,79777;61
37900;2016;3;6;44766;clean;automatic;4wd;;43,852883;-88,855927;45
16788;2014;2;6;127865;clean;automatic;4wd;full-size;42,892121;-85,665539;45
6300;2007;3;8;192534;clean;automatic;4wd;mid-size;35,725717;-97,981122;57
9500;1988;3;8;42760;clean;automatic;;full-size;34,4954;-94,6981;57
15995;2010;2;8;126646;clean;automatic;4wd;full-size;45,049163;-93,035945;43
14850;2014;4;6;39000;salvage;automatic;rwd;full-size;32,6084;-117,0565;59
25000;2013;3;6;91000;clean;automatic;4wd;full-size;44,9225;-123,32;50
11500;2005;3;8;11100;clean;automatic;4wd;;41,2842;-85,8547;48
6950;2011;2;6;169257;clean;automatic;rwd;full-size;38,692648;-82,857744;49
1;2006;3;8;182069;clean;automatic;rwd;full-size;36,2022;-119,338;59
21995;2015;2;8;110578;clean;automatic;4wd;full-size;40,004236;-75,035217;52
20581;2016;3;6;5337;clean;automatic;rwd;mid-size;33,9379;-117,17763;59
19900;2013;4;6;129000;clean;automatic;;;30,1949;-85,6727;65
16995;2009;3;8;130390;clean;automatic;4wd;full-size;30,175406;-85,659568;65
9900;2005;3;8;0;clean;automatic;4wd;full-size;32,252974;-110,97871;71
37499;2015;3;6;36378;clean;automatic;4wd;mid-size;43,78124;-88,50265;45
10995;2006;3;8;103646;clean;automatic;4wd;;43,618978;-116,240501;47
9000;2005;3;8;61000;clean;automatic;4wd;;40,80424;-73,158636;53
13990;2005;3;8;90320;clean;automatic;4wd;full-size;41,117453;-81,349004;49
900;1990;1;8;129499;clean;manual;4wd;full-size;27,8176;-82,6776;65
33988;2016;3;8;14926;clean;automatic;4wd;mid-size;44,4737;-88,06308;45
21000;2014;3;8;89400;clean;automatic;4wd;full-size;39,626431;-106,072762;45
5300;2004;2;8;210000;clean;automatic;4wd;;42,3353;-83,2864;45
3000;1999;2;6;163000;salvage;automatic;rwd;mid-size;36,4787;-121,7244;59
45500;2018;3;6;21117;clean;automatic;4wd;;42,983;-76,0766;53
28488;2015;4;8;79557;clean;automatic;4wd;full-size;43,558671;-92,009977;43
15995;2007;3;8;120321;clean;automatic;rwd;;41,6255;-93,6736;47
25450;2015;3;6;65144;clean;automatic;4wd;mid-size;42,64387;-84,0733;45
1500;1995;3;6;220000;clean;manual;rwd;full-size;39,4416;-77,5502;56
29500;2016;3;8;5905;clean;automatic;rwd;mid-size;34,74851;-77,41559;56
1000;1997;2;6;200000;clean;automatic;rwd;;42,048301;-84,376824;45
29977;2012;3;6;82496;clean;automatic;4wd;;33,3425;-111,6353;71
22351;2015;2;6;39403;clean;automatic;rwd;full-size;33,512633;-86,79777;61
16990;2011;4;8;91306;clean;automatic;4wd;full-size;38,731803;-90,073678;48
12888;2006;3;8;118810;clean;automatic;4wd;;39,650614;-82,959051;49
10874;2007;3;8;171071;clean;automatic;4wd;full-size;44,071509;-123,146095;50
4600;2006;2;8;347103;clean;automatic;rwd;full-size;36,019557;-80,389626;56
4500;2000;2;6;150000;rebuilt;automatic;rwd;;37,8083;-85,4613;50
8900;2010;2;8;142774;clean;automatic;4wd;full-size;28,079232;-80,674959;65
11700;2010;2;8;144570;clean;automatic;4wd;full-size;42,892121;-85,665539;45
30650;2014;2;6;57000;clean;automatic;4wd;full-size;38,942665;-95,219078;51
7995;2003;2;8;259131;clean;automatic;4wd;full-size;39,928215;-105,148438;45
4400;2005;1;8;145000;clean;automatic;4wd;full-size;43,169928;-78,695655;53
2800;2002;3;6;152437;clean;automatic;;;32,7244;-96,6755;67
24988;2012;4;6;85572;clean;automatic;4wd;;30,457703;-84,347448;65
24500;2013;3;6;81000;clean;automatic;4wd;;37,7677;-92,112;52
18888;2010;3;8;85812;clean;automatic;4wd;;47,830597;-110,662694;40
2000;2000;2;8;2130000;clean;automatic;rwd;;40,190602;-122,23526;59
7450;2004;3;8;145000;clean;automatic;4wd;full-size;33,3794;-112,0283;71
7500;2013;3;6;167000;clean;automatic;rwd;full-size;42,581322;-83,859512;45
16900;2010;3;8;123000;clean;automatic;4wd;;31,4194;-100,48;67
21900;2010;2;8;122275;clean;automatic;4wd;full-size;31,316064;-89,437114;61
289;2006;2;8;128000;clean;automatic;rwd;full-size;32,624058;-117,086746;59
9995;1994;2;8;178785;clean;automatic;rwd;full-size;34,947213;-89,440953;61
5490;2008;3;6;89000;clean;automatic;rwd;;41,888913;-87,882313;48
6990;1995;2;8;115705;clean;automatic;4wd;full-size;40,468826;-74,281734;52
8995;2006;3;8;124654;clean;automatic;rwd;;34,952815;-120,446824;59
5700;2004;2;8;157000;clean;automatic;4wd;;41,6712;-83,606;49
2800;1992;2;6;126000;clean;manual;rwd;;38,5511;-106,931;45
34589;2018;5;6;2;clean;automatic;4wd;full-size;38,9847;-88,1704;48
26995;2012;3;8;79321;clean;automatic;4wd;full-size;39,535772;-104,779079;45
2350;2003;2;8;193016;clean;automatic;4wd;full-size;44,861013;-91,647877;45
20987;2013;3;6;101407;clean;automatic;4wd;full-size;37,911918;-84,559276;50
8500;2004;2;6;158000;clean;automatic;;;29,2172;-99,7931;67
11977;2008;3;8;171488;clean;automatic;4wd;mid-size;44,87313;-87,89568;45
22888;2010;3;8;48745;clean;automatic;4wd;;47,830597;-110,662694;40
12500;2006;3;8;162500;clean;automatic;4wd;full-size;44,3909;-121,2379;50
7900;2010;2;8;142774;clean;automatic;4wd;full-size;28,079232;-80,674959;65
8000;2006;3;8;203000;clean;automatic;4wd;full-size;38,221159;-89,943245;48
32995;2017;4;6;20000;clean;automatic;4wd;;43,389625;-123,315397;50
14000;2014;2;8;113000;clean;automatic;rwd;full-size;27,693157;-97,403305;67
32750;2015;3;6;83680;clean;automatic;4wd;full-size;42,400862;-122,856032;50
16500;2014;2;8;179000;clean;automatic;4wd;full-size;37,276386;-97,171762;51
1;2018;3;10;20983;clean;other;4wd;full-size;28,466088;-81,396429;65
28495;2013;4;6;95964;clean;automatic;4wd;full-size;42,570152;-71,771825;50
36000;2016;3;8;27000;lien;automatic;4wd;;43,1619;-85,6877;45
1;2011;3;10;64984;clean;other;4wd;full-size;28,466088;-81,396429;65
5499;2004;3;8;116824;clean;automatic;rwd;full-size;27,875196;-82,786723;65
32700;2015;3;6;88500;clean;automatic;4wd;full-size;50,039134;-125,271757;
5900;1998;3;8;140000;clean;automatic;rwd;full-size;35,3228;-84,7364;59
5500;2005;3;8;190000;clean;automatic;;full-size;33,561566;-101,856411;67
27988;2013;2;6;71485;clean;automatic;4wd;full-size;36,137597;-86,761799;59
1995;1987;1;6;93650;clean;manual;;;39,743252;-121,886107;59
20999;2011;3;8;100068;clean;automatic;4wd;;39,53018;-104,767626;45
16950;2010;3;8;88402;rebuilt;automatic;4wd;full-size;44,410276;-89,880948;45
5483;2004;2;8;152816;clean;automatic;4wd;full-size;41,46389;-81,7693;49
9995;2002;3;8;131017;clean;automatic;4wd;full-size;41,781722;-72,533825;51
37995;2015;3;6;47286;clean;automatic;4wd;;47,830597;-110,662694;40
7250;2006;3;8;94600;clean;automatic;4wd;full-size;41,747;-73,8143;53
25000;2015;4;8;45000;clean;automatic;rwd;full-size;42,26066;-84,403866;45
3000;2001;2;8;192000;clean;automatic;4wd;full-size;41,8736;-71,0192;50
22900;2015;3;8;126513;clean;automatic;4wd;;39,368811;-104,860535;45
15897;2010;2;8;125351;clean;automatic;4wd;full-size;40,335245;-76,488033;53
20880;2015;3;8;124371;clean;automatic;4wd;mid-size;44,57437;-88,16024;45
4250;1999;2;6;91455;clean;automatic;4wd;full-size;42,7047;-96,2283;47
6500;2008;2;6;128500;clean;automatic;rwd;mid-size;27,973207;-82,359611;65
4200;1992;3;8;184000;clean;automatic;4wd;;42,132134;-123,313377;50
31995;2014;3;6;50625;clean;automatic;4wd;mid-size;34,59723;-112,3173;71
32995;2015;3;6;63373;clean;automatic;4wd;full-size;45,832707;-95,388536;43
2450;1992;1;6;103304;clean;automatic;rwd;full-size;34,252034;-83,497667;59
6600;2006;3;8;140;clean;automatic;4wd;full-size;41,020197;-73,524466;51
16500;1977;2;8;53000;clean;manual;4wd;;43,499383;-73,816795;53
13999;2010;2;8;141954;clean;automatic;4wd;full-size;35,56523;-97,563402;57
17995;2011;2;8;132713;clean;automatic;4wd;full-size;36,032192;-79,800374;56
22000;2012;3;8;93000;clean;automatic;4wd;full-size;46,3142;-114,096;40
18283;2012;2;6;82625;clean;automatic;4wd;full-size;43,122774;-88,52791;45
13900;2014;3;6;113287;clean;automatic;;full-size;30,497405;-87,263267;65
31500;2013;3;6;68680;clean;automatic;4wd;full-size;38,9014;-77,0504;
29780;2015;2;8;76711;clean;automatic;4wd;full-size;39,019586;-94,574291;52
9900;2010;2;8;160000;clean;automatic;4wd;;42,851807;-83,452353;45
3700;2004;1;8;177583;clean;automatic;4wd;;42,245;-71,838;50
34999;2013;3;8;95000;lien;automatic;4wd;full-size;41,9255;-85,0057;45
18997;2011;3;6;99511;clean;automatic;4wd;full-size;45,750271;-111,184096;40
4000;1992;3;8;204000;clean;automatic;4wd;full-size;45,371041;-91,698889;45
1495;2000;2;6;125788;clean;automatic;rwd;full-size;42,477134;-82,949564;45
9850;2005;3;8;213195;clean;automatic;4wd;full-size;36,030812;-80,166818;56
3500;2004;1;8;238000;clean;automatic;4wd;;41,5371;-72,0849;51
6500;1995;3;8;81000;clean;automatic;4wd;mid-size;37,2853;-80,0692;55
12488;2010;2;8;144570;clean;automatic;4wd;full-size;42,892121;-85,665539;45
1200;1993;2;6;214000;clean;manual;rwd;full-size;33,5025;-80,8593;60
9795;2004;3;8;149347;clean;automatic;4wd;full-size;38,611926;-121,423565;59
34999;2015;3;6;76002;clean;automatic;4wd;mid-size;44,52039;-88,06645;45
14995;2009;3;8;136101;clean;automatic;4wd;full-size;38,159627;-85,697708;50
43995;2018;2;8;17675;clean;automatic;4wd;full-size;43,078373;-92,317804;47
29699;2013;3;8;65523;clean;automatic;4wd;mid-size;43,78124;-88,50265;45
12488;2010;2;8;144570;clean;automatic;4wd;full-size;42,892121;-85,665539;45
33855;2013;3;8;29540;clean;automatic;4wd;mid-size;44,52039;-88,06645;45
10998;2008;3;8;132614;clean;automatic;4wd;mid-size;43,78124;-88,50265;45
20980;2011;3;6;73000;clean;automatic;4wd;full-size;38,210411;-84,548431;50
1;1997;2;8;247500;clean;automatic;;full-size;26,6281;-82,0182;65
33490;2016;3;6;32633;clean;automatic;4wd;mid-size;43,75891;-87,75358;45
6481;2004;2;8;152816;clean;automatic;4wd;full-size;41,46389;-81,7693;49
15999;2013;3;6;100000;rebuilt;automatic;4wd;;41,6674;-86,3153;48
30995;2015;3;6;90971;clean;automatic;4wd;full-size;38,671618;-94,36651;52
5500;2004;2;8;128000;clean;automatic;4wd;full-size;40,0806;-74,0595;52
9880;2006;3;8;112213;clean;automatic;4wd;mid-size;44,87313;-87,89568;45
7900;2005;3;8;101000;clean;automatic;4wd;full-size;42,484503;-92,324974;47
6995;2001;2;8;124461;clean;automatic;rwd;full-size;39,743252;-121,886107;59
41800;2014;3;6;68500;clean;automatic;4wd;;50,007206;-125,244168;
7000;2005;3;8;212900;clean;automatic;4wd;;32,67814;-114,521141;71
2;1997;1;8;247500;clean;automatic;;full-size;26,6281;-82,0182;65
900;1997;1;8;253550;clean;automatic;4wd;full-size;48,2028;-114,3039;40
30000;2013;3;6;60000;clean;automatic;4wd;;35,4919;-79,16898;56
33900;2016;4;6;30000;clean;automatic;4wd;full-size;38,5459;-91,0193;52
20990;2010;2;8;137276;clean;automatic;rwd;full-size;27,631375;-80,356205;65
8600;2006;2;8;183171;clean;automatic;rwd;full-size;33,075365;-79,968967;60
4995;2004;3;8;151712;clean;automatic;rwd;full-size;36,156939;-115,115061;46
2650;1991;2;6;51026;clean;automatic;rwd;full-size;30,2837;-81,8202;65
4500;2006;3;8;154231;clean;automatic;;;42,146;-76,088;53
20000;2011;2;6;35000;clean;automatic;rwd;full-size;35,690415;-88,888707;59
39697;2015;3;6;29531;clean;automatic;4wd;mid-size;44,52039;-88,06645;45
11000;2009;2;8;170;clean;automatic;4wd;full-size;42,160627;-77,124945;53
17499;2008;2;8;44113;clean;automatic;rwd;full-size;38,843335;-104,793839;45
3700;2005;3;6;244000;clean;automatic;rwd;full-size;32,7624;-117,1242;59
50000;2016;4;8;17000;lien;automatic;4wd;;33,8632;-81,2351;60
9995;2010;3;8;132347;rebuilt;automatic;4wd;;40,851;-96,711;46
28999;2013;3;6;88485;clean;automatic;4wd;full-size;35,839694;-86,387087;59
19995;2011;3;8;62000;clean;automatic;4wd;full-size;39,552;-77,6957;56
18987;2011;3;8;63503;clean;automatic;4wd;full-size;37,911918;-84,559276;50
2800;2001;2;6;190;clean;automatic;rwd;full-size;37,9849;-84,4816;50
10850;2013;3;6;153237;clean;automatic;rwd;full-size;36,8881;-76,1446;55
16995;2002;2;8;65336;clean;automatic;rwd;full-size;33,711509;-78,909582;60
12800;2010;3;8;146000;rebuilt;automatic;4wd;;37,0174;-86,4518;50
34212;2016;3;8;35381;clean;automatic;4wd;;43,852883;-88,855927;45
21480;2013;3;8;64412;rebuilt;automatic;4wd;full-size;44,409554;-89,880342;45
24000;2012;2;6;88200;clean;automatic;4wd;full-size;41,6028;-83,6292;49
21995;2014;2;6;81275;clean;automatic;rwd;full-size;36,08996;-96,05206;57
24600;2010;3;8;63970;clean;automatic;4wd;mid-size;38,88358;-94,79383;51
23277;2013;3;6;52640;clean;automatic;rwd;full-size;27,848654;-82,690316;65
6000;2005;2;8;234000;clean;automatic;4wd;full-size;32,8473;-79,8206;60
28999;2013;3;6;88485;clean;automatic;4wd;full-size;35,839694;-86,387087;59
30900;2014;3;6;89671;clean;automatic;4wd;mid-size;34,74851;-77,41559;56
8995;2006;3;8;138975;clean;automatic;4wd;full-size;40,842755;-96,694022;46
46300;2016;3;6;87989;clean;automatic;4wd;full-size;49,184885;-122,801111;
5200;2003;2;8;162000;clean;automatic;fwd;full-size;38,0451;-97,3435;51
16430;2007;3;8;98531;clean;automatic;rwd;full-size;28,563377;-81,301186;65
31500;2017;4;6;7900;clean;automatic;4wd;;46,490371;-87,5879;45
22888;2010;3;8;48745;clean;automatic;4wd;;47,830597;-110,662694;40
11985;2009;3;8;156000;clean;automatic;4wd;full-size;42,979576;-82,433416;45
27995;2015;3;6;47970;clean;automatic;4wd;full-size;38,671776;-94,367098;52
26990;2013;2;8;102848;clean;automatic;4wd;full-size;27,631375;-80,356205;65
2800;1989;2;6;91;clean;manual;rwd;full-size;36,23556;-83,130987;59
10999;2013;1;6;135000;clean;automatic;4wd;full-size;39,1987;-96,0683;51
10900;2007;2;8;0;clean;other;4wd;full-size;33,875577;-117,570384;59
6999;2005;3;8;127806;clean;automatic;;full-size;27,873066;-82,786729;65
6775;2003;2;8;286565;clean;automatic;4wd;;44,326734;-94,494867;43
26499;2011;3;8;46096;clean;automatic;4wd;mid-size;43,75891;-87,75358;45
9770;2007;3;8;170320;clean;automatic;4wd;mid-size;44,57437;-88,16024;45
12995;2014;2;8;156496;clean;automatic;4wd;;47,054335;-109,445835;40
29959;2013;3;6;50617;clean;automatic;4wd;mid-size;44,52039;-88,06645;45
14995;2010;2;8;136000;clean;automatic;rwd;full-size;33,946412;-117,295118;59
10500;2012;2;6;149500;clean;automatic;4wd;;39,8814;-83,0839;49
4900;2006;2;8;146000;clean;automatic;4wd;full-size;32,2519;-110,82;71
33890;2018;3;8;17621;clean;automatic;rwd;full-size;43,154309;-75,931063;53
6400;2001;2;8;142000;clean;automatic;4wd;full-size;44,9545;-92,0752;45
16995;2010;3;8;88402;rebuilt;automatic;4wd;full-size;44,409843;-89,88115;45
13995;2013;2;6;96984;clean;automatic;4wd;;37,637112;-122,054679;59
49980;2018;4;6;3073;clean;automatic;4wd;;49,204598;-123,139205;
22574;2013;2;8;42074;clean;automatic;4wd;;43,5937;-116,536;47
2500;2002;2;8;240000;clean;automatic;4wd;full-size;26,7383;-80,276;65
19870;2010;3;8;72573;clean;automatic;4wd;full-size;49,184885;-122,801111;
18995;2013;2;8;134431;clean;automatic;4wd;full-size;35,661076;-78,703988;56
20950;2016;2;8;148224;clean;automatic;4wd;full-size;38,692648;-82,857744;49
2300;2000;1;8;87021;clean;automatic;4wd;full-size;47,1367;-88,5654;45
19988;2009;2;8;82565;clean;automatic;4wd;full-size;43,630744;-116,251228;47
25880;2014;3;6;104226;clean;automatic;4wd;mid-size;44,57437;-88,16024;45
6000;2007;3;8;220;clean;automatic;rwd;full-size;39,7458;-121,8444;59
4950;2005;2;8;195115;clean;automatic;rwd;;35,421;-97,5616;57
20995;2010;2;8;99142;clean;automatic;4wd;full-size;45,003773;-90,317059;45
1000;2006;3;8;98000;clean;automatic;4wd;full-size;29,5943;-90,7548;67
12500;1979;3;8;118000;clean;manual;rwd;full-size;41,929102;-74,065876;53
21999;2014;2;6;115405;clean;automatic;4wd;;30,665776;-88,105149;61
9550;2006;3;8;168942;clean;automatic;4wd;mid-size;44,87313;-87,89568;45
49890;2018;4;6;3073;clean;automatic;4wd;;49,204598;-123,139205;
7000;2001;3;8;245000;clean;automatic;4wd;full-size;50,06572;-125,274586;
1449;2011;2;8;85000;clean;automatic;rwd;;41,0334;-81,4385;49
3950;1999;1;8;156000;clean;automatic;4wd;;32,24805;-101,480474;67
10900;2010;3;8;153000;clean;automatic;rwd;;35,207964;-80,670896;56
3500;1999;2;8;173542;clean;automatic;rwd;full-size;32,305872;-95,314038;67
4900;1998;3;8;75000;clean;automatic;4wd;full-size;35,675419;-80,239205;56
9950;2006;3;8;124039;clean;automatic;4wd;full-size;33,173803;-87,490226;61
13995;2012;2;8;125466;clean;automatic;4wd;mid-size;45,4094;-122,8014;50
1;2005;1;8;230000;clean;automatic;4wd;;42,6129;-72,2924;50
19995;2013;3;6;82000;clean;automatic;rwd;;35,244;-81,044;56
16950;2013;2;6;80413;clean;automatic;rwd;full-size;33,512633;-86,79777;61
5950;2006;2;8;166983;clean;automatic;4wd;full-size;44,861013;-91,647877;45
7500;2006;2;8;129843;clean;automatic;rwd;full-size;31,9618;-95,2703;67
4500;2005;3;8;133144;clean;automatic;rwd;full-size;39,7893;-94,8043;52
17995;2010;3;8;115453;clean;automatic;4wd;full-size;38,159627;-85,697708;50
69000;2018;4;6;10300;lien;automatic;4wd;full-size;34,3046;-118,6844;59
18499;2010;3;8;81032;clean;automatic;4wd;full-size;42,989707;-78,873274;53
6999;2003;2;8;180000;clean;automatic;fwd;full-size;35,835217;-88,895797;59
10500;2004;3;8;134000;clean;automatic;4wd;;36,115066;-94,048911;59
8450;2005;3;8;96812;rebuilt;automatic;4wd;full-size;41,1624;-80,5762;49
2400;1992;2;8;217000;clean;automatic;4wd;full-size;43,4732;-111,9661;47
45700;2018;4;6;3350;clean;automatic;4wd;full-size;50,039134;-125,271757;
5000;1998;3;8;225800;clean;automatic;4wd;;37,989027;-84,362053;50
11985;2009;3;8;156000;clean;automatic;4wd;full-size;42,979576;-82,433416;45
4350;2003;2;6;154810;clean;automatic;rwd;;35,639102;-97,5319;57
21682;2011;3;6;89127;clean;automatic;4wd;mid-size;44,52039;-88,06645;45
24995;2013;2;6;76852;clean;automatic;4wd;full-size;34,586557;-83,761243;59
2200;1997;2;8;198000;clean;automatic;;;40,517209;-88,971319;48
11345;2007;2;8;159535;clean;automatic;4wd;;50,045346;-125,269028;
16995;2010;3;8;70816;clean;automatic;4wd;full-size;43,223552;-77,372473;53
27499;2014;3;8;31576;clean;automatic;4wd;mid-size;43,78124;-88,50265;45
15500;2012;3;6;122434;clean;automatic;4wd;full-size;42,6847;-73,7354;53
32624;2018;3;6;11;clean;automatic;4wd;;47,830597;-110,662694;40
9900;2008;2;8;178526;clean;automatic;rwd;full-size;31,217814;-82,357716;59
5220;2004;2;8;157000;clean;automatic;4wd;;41,736436;-92,717669;47
13900;2011;3;8;132000;lien;automatic;rwd;;43,9688;-86,4403;45
3900;2001;2;8;234000;salvage;automatic;4wd;full-size;41,6992;-93,0455;47
8900;2003;3;8;75200;clean;automatic;rwd;mid-size;38,495975;-121,465123;59
45900;2016;4;6;20000;clean;automatic;4wd;;35,1591;-85,2182;59
21900;2011;2;6;122882;clean;automatic;4wd;full-size;31,316064;-89,437114;61
25990;2013;4;8;131000;clean;automatic;4wd;full-size;41,287729;-88,286089;48
11000;2004;3;8;56000;clean;automatic;4wd;full-size;36,335732;-95,943775;57
4000;1994;3;8;177450;clean;automatic;fwd;;34,656664;-99,298897;57
14995;2010;3;8;120715;clean;automatic;4wd;full-size;43,223552;-77,372473;53
18900;2011;2;6;123386;clean;automatic;4wd;full-size;31,316064;-89,437114;61
27499;2014;3;8;31576;clean;automatic;4wd;mid-size;43,78124;-88,50265;45
12488;2010;2;8;144570;clean;automatic;4wd;full-size;42,892121;-85,665539;45
3500;1997;2;8;154000;clean;manual;rwd;full-size;42,376254;-122,904654;50
1500;1993;1;8;150000;clean;automatic;4wd;compact;42,0928;-79,244;53
4900;2004;2;8;173000;clean;automatic;;;34,139107;-118,258008;59
8500;2006;3;6;92745;clean;automatic;rwd;mid-size;34,83092;-87,62284;61
2500;1993;2;8;175000;clean;automatic;4wd;full-size;46,5065;-94,9676;43
25988;2013;4;8;31876;clean;automatic;4wd;full-size;43,629169;-116,248457;47
14000;2008;2;8;99250;lien;automatic;4wd;full-size;39,054913;-95,896494;51
24900;2014;2;8;115117;clean;automatic;4wd;full-size;31,316064;-89,437114;61
5000;1988;3;8;95000;clean;automatic;rwd;full-size;35,9238;-77,835;56
21900;2010;2;8;122275;clean;automatic;4wd;full-size;31,316064;-89,437114;61
31995;2016;3;6;98968;clean;automatic;4wd;full-size;38,671776;-94,367098;52
1950;2000;2;8;218200;clean;automatic;4wd;;45,8505;-91,9155;45
4950;2006;4;6;129683;clean;automatic;4wd;;40,7664;-74,1695;52
20950;2012;2;8;136602;clean;automatic;4wd;full-size;32,356164;-89,971375;61
34900;2016;4;8;43500;clean;automatic;4wd;;49,202931;-124,004105;
6000;2000;2;8;225000;clean;automatic;4wd;full-size;34,5814;-94,221;59
28335;2014;3;6;54182;clean;automatic;4wd;mid-size;44,52039;-88,06645;45
18000;2011;3;6;127000;clean;automatic;4wd;full-size;43,2193;-75,4498;53
13950;2010;3;8;121340;clean;automatic;4wd;full-size;36,068923;-95,797855;57
22500;2014;3;6;91383;clean;automatic;4wd;;43,223605;-76,802231;53
21800;2014;3;6;82481;clean;automatic;rwd;full-size;29,503215;-95,092042;67
37995;2015;3;6;47286;clean;automatic;4wd;;47,830597;-110,662694;40
11880;2008;3;8;162820;clean;automatic;4wd;mid-size;44,57437;-88,16024;45
10995;2006;2;8;154124;clean;other;4wd;full-size;45,049163;-93,035945;43
8000;2004;3;8;130000;clean;automatic;;full-size;34,9535;-120,4957;59
5800;2003;3;8;180;rebuilt;automatic;;;38,5662;-121,3286;59
14850;2010;3;8;131664;clean;automatic;4wd;mid-size;42,64387;-84,0733;45
1500;2004;1;6;155000;clean;manual;rwd;;31,5765;-97,1786;67
10999;2006;3;8;106000;clean;automatic;rwd;full-size;37,504659;-97,504327;51
9500;2010;3;8;210000;clean;automatic;4wd;;42,923272;-73,95808;53
11950;2010;2;8;172103;clean;automatic;4wd;full-size;38,692648;-82,857744;49
29495;2013;3;8;56711;clean;automatic;4wd;full-size;43,222926;-77,84495;53
33900;2018;3;6;18338;clean;automatic;4wd;full-size;44,227258;-88,467902;45
12500;2003;3;8;86875;clean;automatic;4wd;full-size;39,900699;-76,644189;53
13985;2007;2;8;115268;clean;automatic;4wd;full-size;43,122774;-88,52791;45
6800;2005;3;8;111036;clean;automatic;rwd;full-size;38,3908;-84,5384;50
9500;2012;4;6;125000;clean;automatic;rwd;compact;32,7492;-96,8389;67
19500;2013;3;8;66052;clean;automatic;4wd;full-size;42,09494;-70,72055;50
9900;2008;3;8;137779;clean;automatic;;;26,92;-82,3048;65
7500;2005;2;8;197000;clean;automatic;4wd;;30,7996;-85,2293;65
18888;2010;3;8;85812;clean;automatic;4wd;;47,830597;-110,662694;40
5200;2001;3;8;149000;clean;automatic;;;40,121;-74,3017;52
49890;2018;4;6;3073;clean;automatic;4wd;;49,204598;-123,139205;
26995;2017;3;6;7427;salvage;automatic;4wd;full-size;42,636563;-85,284333;45
25000;2013;3;6;52640;clean;automatic;rwd;full-size;27,848654;-82,690316;65
28000;2013;3;6;66000;clean;automatic;4wd;;41,6907;-73,8621;53
4995;1994;1;8;75000;clean;automatic;4wd;full-size;45,296669;-122,972803;50
18900;2011;4;8;153092;clean;automatic;4wd;;36,189043;-94,137916;59
29900;2015;3;8;38000;clean;automatic;4wd;full-size;41,0382;-81,359;49
2000;1994;2;6;14500;clean;automatic;rwd;full-size;38,522;-83,861;50
6300;2003;3;8;88000;clean;automatic;;;33,4939;-112,1696;71
5000;2007;3;6;140000;clean;manual;rwd;full-size;31,782356;-96,088975;67
8000;2007;2;8;154000;clean;automatic;4wd;full-size;41,126;-78,7527;53
7195;2005;2;8;154118;clean;automatic;4wd;full-size;39,097695;-83,348057;49
17995;2012;2;6;153997;clean;automatic;4wd;full-size;38,153554;-85,659028;50
29125;2016;3;6;25935;clean;automatic;4wd;mid-size;42,18631;-71,83726;50
5500;2001;2;8;249000;clean;automatic;4wd;full-size;40,167126;-122,23768;59
15950;2013;2;8;99470;clean;automatic;rwd;full-size;33,512633;-86,79777;61
27990;2015;2;8;53571;clean;automatic;4wd;full-size;44,4975;-88,0324;45
18790;2013;3;6;120000;clean;automatic;;;46,450007;-95,12469;43
34000;2016;3;6;19807;clean;automatic;4wd;mid-size;46,59003;-95,57416;43
17880;2010;3;8;130338;clean;automatic;4wd;mid-size;44,57437;-88,16024;45
2995;1997;1;8;197193;clean;automatic;4wd;full-size;31,119086;-97,737989;67
3900;2003;2;6;1;clean;automatic;rwd;full-size;31,217814;-82,357716;59
2000;1994;2;6;157000;clean;manual;rwd;full-size;38,522;-83,861;50
8500;2005;3;8;135000;clean;automatic;4wd;full-size;44,761497;-85,636196;45
11500;2008;2;8;164000;clean;automatic;4wd;;47,5098;-111,3405;40
24900;2014;2;8;115117;clean;automatic;4wd;full-size;31,316064;-89,437114;61
6000;2003;2;8;180234;clean;automatic;rwd;full-size;26,4481;-98,2842;67
4990;2003;2;8;214000;clean;automatic;rwd;full-size;30,755331;-88,216537;61
2500;1989;2;6;120000;clean;manual;rwd;full-size;30,2916;-89,8129;67
1995;1987;1;6;93650;clean;manual;;;39,743252;-121,886107;59
21994;2014;3;8;96551;clean;automatic;4wd;mid-size;30,43955;-91,08613;67
3950;2002;2;8;188850;clean;automatic;rwd;;33,4321;-111,6426;71
6799;2003;3;8;81731;clean;automatic;rwd;full-size;40,050455;-84,193339;49
10974;2007;3;8;132448;clean;automatic;4wd;full-size;45,750271;-111,184096;40
16995;2011;3;6;82345;clean;automatic;4wd;full-size;38,159627;-85,697708;50
18500;2010;2;8;95000;clean;automatic;4wd;full-size;35,364836;-82,378235;56
34589;2018;5;6;2;clean;automatic;4wd;full-size;38,9847;-88,1704;48
24595;2013;3;6;95891;clean;automatic;4wd;full-size;42,701772;-89,008858;45
32990;2018;3;8;17621;clean;automatic;rwd;full-size;43,15481;-75,932436;53
24888;2014;3;8;53355;clean;automatic;4wd;;47,830597;-110,662694;40
13500;2010;3;8;174000;clean;automatic;4wd;;42,457013;-83,434431;45
26525;2014;3;8;51638;clean;automatic;4wd;mid-size;42,18631;-71,83726;50
4200;1997;2;8;162000;clean;manual;4wd;full-size;36,611284;-79,56674;55
27000;2017;5;6;33000;lien;automatic;rwd;full-size;39,110943;-97,01908;51
3500;1996;3;6;84500;clean;manual;rwd;full-size;30,3001;-92,5322;67
22900;2015;3;8;99108;clean;automatic;4wd;full-size;33,066044;-89,593906;61
1800;1985;1;8;1;clean;automatic;4wd;full-size;34,516884;-87,871312;61
6500;2006;2;8;149500;clean;automatic;4wd;;35,040752;-89,756522;59
5995;1997;2;8;136776;clean;automatic;4wd;full-size;35,496578;-120,681118;59
25987;2013;3;8;47199;clean;automatic;4wd;mid-size;44,52039;-88,06645;45
4800;2007;2;8;146000;clean;automatic;4wd;full-size;40,6328;-75,8513;53
6200;2004;2;8;164000;clean;automatic;4wd;;42,6359;-73,7219;53
14995;2012;3;6;162070;clean;automatic;4wd;full-size;39,19911;-96,08325;51
2000;1996;1;8;260000;clean;automatic;;;36,31813;-119,249104;59
20995;2014;3;6;157556;clean;automatic;;full-size;42,701772;-89,008858;45
5400;2008;2;8;89000;salvage;automatic;4wd;full-size;33,5507;-79,0528;60
20950;2016;2;6;114374;clean;automatic;rwd;full-size;33,512633;-86,79777;61
20900;2012;4;8;121296;clean;automatic;;;36,189061;-94,13787;59
7995;2006;2;8;210539;clean;automatic;4wd;full-size;39,857936;-76,554106;53
14995;2010;3;8;80246;clean;automatic;4wd;full-size;43,223552;-77,372473;53
10995;2013;4;8;149035;clean;automatic;;;34,846337;-82,459143;60
1500;1999;2;8;200000;clean;automatic;rwd;full-size;39,7426;-84,6508;49
6000;2004;2;8;146000;clean;automatic;rwd;full-size;40,3928;-111,7941;50
3200;1997;2;8;156000;clean;automatic;rwd;full-size;30,4481;-87,2589;65
13495;2009;4;8;99450;clean;automatic;4wd;;43,068762;-75,752964;53
6795;2008;3;6;104049;clean;automatic;rwd;full-size;39,2502;-94,8994;51
13900;2009;3;8;143000;clean;automatic;4wd;full-size;50,970007;-118,178932;
4800;2003;3;6;189;clean;automatic;4wd;full-size;42,5034;-82,9387;45
10995;2006;2;8;160784;clean;automatic;4wd;full-size;35,638642;-120,693396;59
2499;1995;2;8;2490000;clean;automatic;rwd;full-size;33,364912;-86,72071;61
9499;2006;3;8;161514;clean;automatic;;full-size;37,609783;-120,995406;59
5500;2001;2;8;249000;clean;automatic;4wd;full-size;40,192181;-122,236374;59
34599;2016;3;6;55812;clean;automatic;4wd;mid-size;43,75891;-87,75358;45
2500;1996;2;6;193862;clean;manual;rwd;full-size;37,537;-89,9272;52
11977;2008;3;8;171488;clean;automatic;4wd;mid-size;44,87313;-87,89568;45
15880;2010;3;8;127094;clean;automatic;4wd;mid-size;44,54929;-88,04897;45
9888;2005;2;8;119000;clean;automatic;rwd;full-size;30,520244;-89,647288;61
18950;2010;3;8;145278;clean;automatic;4wd;full-size;37,286501;-80,056719;55
1000;2000;2;6;200000;clean;manual;rwd;;43,5513;-71,02;43
34855;2016;2;8;15829;clean;automatic;4wd;full-size;43,078373;-92,317804;47
46500;2016;4;6;26000;clean;automatic;4wd;full-size;37,0174;-86,4518;50
5500;2004;1;8;208000;clean;automatic;rwd;full-size;31,4194;-100,48;67
34990;2015;3;6;60480;clean;automatic;4wd;full-size;43,154559;-75,930891;53
32624;2018;3;6;11;clean;automatic;4wd;;47,830597;-110,662694;40
12500;2009;2;8;183000;clean;automatic;4wd;full-size;29,725179;-84,991608;65
21995;2010;2;8;96378;clean;automatic;4wd;;50,045346;-125,269028;
1000;1993;2;8;178000;clean;automatic;rwd;full-size;41,41;-82,3554;49
3999;1998;2;8;199122;clean;automatic;4wd;full-size;38,298165;-104,612546;45
8890;2011;3;8;206326;clean;automatic;4wd;full-size;28,563377;-81,301186;65
12850;2012;2;8;194893;clean;automatic;4wd;full-size;38,758067;-83,022682;49
5500;2004;3;8;193000;clean;automatic;4wd;full-size;38,7196;-90,27;52
22858;2015;3;8;37876;clean;automatic;4wd;mid-size;34,6019;-112,3264;71
25995;2013;3;8;129491;clean;automatic;rwd;full-size;31,732124;-106,364833;67
11977;2008;3;8;171488;clean;automatic;4wd;mid-size;44,87313;-87,89568;45
43900;2016;3;6;57250;clean;automatic;4wd;full-size;32,965063;-96,913304;67
35500;2017;4;8;20500;clean;automatic;4wd;;40,8224;-76,8683;53
18000;2008;3;8;135000;clean;automatic;4wd;full-size;61,1535;-149,8289;29
28495;2013;4;6;95964;clean;automatic;4wd;full-size;42,570152;-71,771825;50
3000;2004;2;8;0;clean;automatic;rwd;;28,0699;-82,1576;65
7495;2011;2;6;220000;clean;automatic;4wd;full-size;30,2684;-91,2524;67
5990;2004;4;8;210445;clean;automatic;4wd;full-size;38,731803;-90,073678;48
27995;2014;2;6;85641;clean;automatic;rwd;full-size;31,104575;-97,718046;67
5300;2007;2;8;129000;clean;automatic;;full-size;25,7343;-80,3588;65
26495;2017;3;8;37103;clean;automatic;rwd;full-size;28,403792;-80,70522;65
5950;2002;3;8;188988;clean;automatic;4wd;;42,64387;-84,0733;45
650;1997;1;8;197000;clean;automatic;4wd;full-size;42,1223;-72,4876;50
15880;2010;3;8;127094;clean;automatic;4wd;mid-size;44,54929;-88,04897;45
22895;2013;2;6;98605;clean;automatic;4wd;full-size;43,091932;-75,19597;53
26500;2014;2;6;82000;lien;automatic;4wd;full-size;39,254161;-95,516727;51
13850;2007;4;8;91000;lien;automatic;4wd;full-size;42,172463;-84,245986;45
33000;2013;3;6;60000;clean;automatic;4wd;;35,4919;-79,16898;56
2900;1997;2;8;220000;clean;automatic;4wd;full-size;39,8538;-75,0393;52
18950;2014;3;6;138095;clean;automatic;4wd;full-size;42,944251;-83,730441;45
1900;2004;1;6;275000;clean;manual;rwd;full-size;29,4861;-81,2045;65
4500;2008;2;8;179000;clean;automatic;4wd;full-size;42,9934;-84,1595;45
5950;2006;2;8;95000;clean;automatic;4wd;;41,089134;-80,704291;49
5500;1978;2;8;53000;clean;automatic;4wd;;47,8241;-116,8873;47
10495;2004;3;8;152622;clean;automatic;4wd;;35,498787;-120,682576;59
19680;2015;4;6;135150;clean;automatic;4wd;full-size;37,167749;-113,415403;50
7000;2008;2;6;126000;clean;manual;;;44,0805;-93,2191;43
2495;1997;1;8;197193;clean;automatic;4wd;full-size;31,119086;-97,737989;67
650;1999;1;8;140000;clean;automatic;4wd;full-size;42,810571;-78,79914;53
2200;1998;2;8;218000;clean;automatic;rwd;full-size;32,8424;-83,6766;59
2800;2007;2;8;284000;clean;automatic;4wd;full-size;45,604;-94,1591;43
18995;2010;3;8;81051;clean;automatic;4wd;full-size;44,823694;-87,388201;45
7450;2007;2;8;142806;clean;automatic;4wd;full-size;44,861013;-91,647877;45
20950;2016;2;6;114374;clean;automatic;rwd;full-size;33,512633;-86,79777;61
36900;2014;2;8;99110;clean;automatic;4wd;full-size;31,316064;-89,437114;61
11880;2005;3;8;151726;clean;automatic;4wd;mid-size;44,57437;-88,16024;45
7480;2005;2;8;113098;clean;automatic;rwd;;30,258544;-89,78735;67
8500;2007;3;8;210500;clean;automatic;4wd;full-size;38,95794;-104,593964;45
15500;2013;3;6;116246;clean;automatic;rwd;full-size;39,742624;-122,192347;59
18000;2012;3;8;78000;clean;automatic;4wd;;40,425853;-79,83888;53
4500;2003;2;6;141000;clean;manual;4wd;;35,5376;-82,7001;56
17995;2012;4;6;149887;clean;automatic;4wd;full-size;42,1171;-75,8653;53
12950;2011;2;6;147164;clean;automatic;rwd;full-size;33,512633;-86,79777;61
14995;2009;3;8;140149;clean;automatic;4wd;full-size;38,159627;-85,697708;50
3800;2002;2;6;101500;clean;automatic;rwd;;39,341983;-77,250727;56
13880;2009;3;8;154597;clean;automatic;4wd;mid-size;44,87313;-87,89568;45
26995;2013;2;6;67104;clean;automatic;4wd;full-size;42,970214;-90,112347;45
12995;2010;2;8;156000;clean;automatic;4wd;full-size;39,834179;-75,124291;52
6900;1999;3;8;59800;clean;automatic;rwd;full-size;44,807734;-122,780713;50
13200;2013;3;8;102085;clean;automatic;rwd;mid-size;34,21788;-118,48452;59
14500;2011;3;8;126000;clean;automatic;4wd;full-size;43,3047;-96,4363;47
12999;2009;2;8;183000;clean;automatic;4wd;;36,173554;-94,190126;59
11999;2008;3;8;113589;clean;automatic;rwd;full-size;37,609783;-120,995406;59
9880;2006;3;8;112490;clean;automatic;4wd;mid-size;44,87313;-87,89568;45
19950;2014;3;6;91383;clean;automatic;4wd;;43,223605;-76,802231;53
7500;2006;3;8;219918;clean;automatic;4wd;full-size;35,872198;-80,156966;56
22990;2011;2;6;111470;clean;automatic;4wd;full-size;34,062843;-81,115349;60
24999;2011;4;8;67000;clean;automatic;4wd;full-size;42,868175;-85,862086;45
26632;2010;3;8;108598;clean;automatic;4wd;full-size;44,634426;-123,085706;50
13999;2011;3;8;130000;clean;automatic;rwd;full-size;39,407019;-87,425766;48
20984;2013;3;8;57242;clean;automatic;4wd;full-size;45,750271;-111,184096;40
29995;2012;3;8;164621;clean;automatic;4wd;;40,007891;-104,818353;45
17499;2015;3;6;77004;clean;automatic;rwd;full-size;39,829891;-75,125281;52
19900;2014;4;6;197452;clean;automatic;4wd;;29,5563;-98,3643;67
6500;2007;2;8;253987;clean;automatic;4wd;full-size;35,250553;-91,711354;59
6000;2005;2;8;223000;salvage;automatic;4wd;;38,7609;-121,2867;59
2000;1998;2;8;232000;salvage;automatic;rwd;;35,121;-120,6173;59
27799;2015;3;8;22243;clean;automatic;4wd;mid-size;43,78124;-88,50265;45
16000;2010;3;8;163000;clean;automatic;4wd;full-size;37,784988;-89,119029;48
26485;2015;3;6;71100;clean;automatic;4wd;full-size;45,655562;-89,386634;45
16950;2011;3;8;137943;clean;automatic;4wd;mid-size;42,64387;-84,0733;45
4000;1998;2;8;190000;clean;automatic;4wd;;42,1348;-123,6272;50
2300;1997;2;8;265000;clean;automatic;;;35,6102;-88,814;59
6895;2011;2;6;189975;clean;automatic;;full-size;39,073454;-95,664519;51
26995;2015;3;6;105123;clean;automatic;4wd;full-size;38,671618;-94,36651;52
3990;2001;3;8;0;clean;automatic;;;46,450007;-95,12469;43
28306;2014;3;8;25147;clean;automatic;4wd;mid-size;44,52039;-88,06645;45
36995;2015;4;6;81995;clean;automatic;4wd;full-size;26,173143;-98,002489;67
11995;2006;3;8;121978;clean;automatic;rwd;full-size;38,159627;-85,697708;50
29976;2014;3;6;54449;clean;automatic;4wd;mid-size;44,52039;-88,06645;45
10500;2010;3;8;132347;rebuilt;automatic;4wd;;40,851;-96,711;46
6800;2008;1;8;193600;clean;automatic;;;32,51779;-93,716845;67
8500;2004;2;8;87000;clean;automatic;4wd;;30,4896;-86,1684;65
2500;1998;3;8;190000;clean;automatic;4wd;full-size;37,1549;-84,0961;50
14950;2014;2;8;139325;clean;other;4wd;full-size;38,692648;-82,857744;49
9900;2004;3;8;134000;clean;automatic;4wd;;36,115066;-94,048911;59
8000;2010;2;8;104300;clean;automatic;rwd;;30,3231;-97,3737;67
7500;2007;3;8;208815;clean;automatic;4wd;full-size;38,9541;-104,5472;45
14988;2012;2;8;123568;clean;automatic;4wd;full-size;42,912954;-85,680286;45
26950;2014;2;8;69659;clean;automatic;4wd;full-size;33,512633;-86,79777;61
6250;2007;2;8;205600;clean;automatic;rwd;full-size;35,1845;-89,8574;59
5800;2004;2;8;216419;clean;automatic;4wd;full-size;42,769;-71,4121;43
16495;2014;2;6;122043;clean;automatic;4wd;full-size;42,477134;-82,949564;45
20950;2016;2;6;114374;clean;automatic;rwd;full-size;33,512633;-86,79777;61
21500;2011;3;8;132000;clean;automatic;4wd;full-size;35,238832;-90,056133;59
3900;1997;3;8;152000;clean;automatic;rwd;full-size;35,377265;-119,042538;59
25995;2014;2;8;67964;clean;automatic;4wd;;41,381951;-75,685531;53
6995;2003;3;8;167662;clean;automatic;4wd;full-size;45,518031;-122,578752;50
27799;2015;3;8;22243;clean;automatic;4wd;mid-size;43,78124;-88,50265;45
1377;1996;1;6;189000;clean;manual;rwd;;41,650456;-70,287854;50
8900;2010;2;8;142774;clean;automatic;4wd;full-size;28,079232;-80,674959;65
39888;2017;4;6;3894;clean;automatic;4wd;full-size;49,217779;-122,642126;
3300;1995;3;6;170000;clean;manual;4wd;;36,71222;-121,62735;59
1300;2002;2;8;165000;clean;automatic;4wd;;46,7606;-92,266;43
1900;2000;2;8;175000;clean;automatic;rwd;;26,7197;-80,1248;65
6990;1995;2;8;115705;clean;automatic;4wd;full-size;40,468826;-74,281734;52
13988;2011;2;6;146699;clean;automatic;4wd;full-size;42,892121;-85,665539;45
18977;2015;3;6;87679;clean;automatic;rwd;full-size;27,848654;-82,690316;65
6900;1995;2;8;153000;clean;automatic;4wd;full-size;35,255355;-111,955763;71
1;1994;2;8;148000;clean;automatic;4wd;;43,005072;-85,955153;45
4900;2011;4;8;200000;clean;automatic;;;39,2655;-76,4935;56
12488;2010;2;8;144570;clean;automatic;4wd;full-size;42,892121;-85,665539;45
4500;2006;3;8;190253;clean;automatic;rwd;full-size;36,807234;-76,221293;55
15995;2010;3;8;90260;clean;automatic;4wd;full-size;43,223552;-77,372473;53
5500;2008;1;8;241886;clean;automatic;4wd;;45,629671;-89,369985;45
4900;1995;2;8;71114;clean;automatic;4wd;full-size;41,814426;-76,189606;53
26994;2014;3;6;45726;clean;automatic;4wd;mid-size;44,4737;-88,06308;45
12550;2011;2;6;149971;clean;automatic;4wd;full-size;38,692648;-82,857744;49
22995;2012;3;8;102266;clean;automatic;4wd;mid-size;34,59723;-112,3173;71
23000;2013;3;8;56482;clean;automatic;4wd;full-size;43,204762;-75,440834;53
32599;2015;2;8;28433;clean;automatic;4wd;full-size;40,335245;-76,488033;53
24900;2016;4;8;80556;clean;automatic;4wd;full-size;44,210511;-88,397747;45
8000;2011;2;6;233600;clean;automatic;rwd;;49,209084;-123,00152;
2000;2002;2;8;200000;clean;automatic;4wd;;32,353993;-90,062184;61
16500;2007;4;8;78000;clean;automatic;4wd;full-size;47,924;-110,6052;40
7499;2005;3;8;127806;clean;automatic;;full-size;27,875196;-82,786723;65
9900;2012;3;6;108555;clean;automatic;rwd;;33,362838;-84,793821;59
14497;2008;3;8;95890;clean;automatic;4wd;full-size;26,5228;-81,7065;65
12488;2010;2;8;144570;clean;automatic;4wd;full-size;42,892121;-85,665539;45
3500;2001;3;8;254000;clean;automatic;rwd;full-size;36,07169;-94,231796;59
6995;2005;3;6;191198;clean;automatic;rwd;full-size;38,611926;-121,423565;59
4500;2001;2;8;161880;clean;automatic;4wd;full-size;35,9165;-90,5762;59
6995;2008;3;8;179000;clean;automatic;4wd;;39,4515;-94,7444;52
9995;2006;3;8;115500;clean;automatic;rwd;full-size;40,83598;-96,725713;46
17500;2010;3;8;138756;clean;automatic;4wd;;31,273815;-81,469581;59
21990;2014;3;8;84883;clean;automatic;4wd;full-size;43,155008;-75,952762;53
24993;2012;3;6;73737;clean;automatic;4wd;mid-size;44,52039;-88,06645;45
16500;2011;3;6;13129;clean;automatic;rwd;full-size;30,421564;-87,25144;65
5999;2006;3;8;178000;clean;automatic;4wd;;42,257254;-83,171804;45
9777;2006;3;8;152536;clean;automatic;4wd;full-size;38,159627;-85,697708;50
5399;2007;4;8;171000;clean;automatic;rwd;full-size;36,952581;-95,844821;57
18500;2013;3;6;75295;clean;automatic;4wd;mid-size;43,78124;-88,50265;45
26950;2014;2;8;69659;clean;automatic;4wd;full-size;33,512633;-86,79777;61
6500;2007;1;8;60000;clean;automatic;4wd;full-size;41,751625;-71,677337;49
16895;2012;2;6;124453;clean;automatic;4wd;full-size;40,335245;-76,488033;53
21999;2014;2;8;109801;clean;automatic;4wd;full-size;35,01845;-85,204983;59
1300;1990;2;8;156336;clean;automatic;rwd;full-size;44,7692;-123,339185;50
32990;2018;3;8;17621;clean;automatic;rwd;full-size;43,15481;-75,932436;53
6998;2002;3;8;173954;clean;automatic;4wd;full-size;36,184067;-95,74569;57
1350;1994;1;6;161000;clean;automatic;4wd;;45,8006;-88,0773;45
8500;2007;2;8;113592;clean;automatic;4wd;;40,7204;-81,5338;49
16998;2009;3;8;110516;clean;automatic;4wd;mid-size;43,78124;-88,50265;45
38900;2016;3;8;29169;clean;automatic;4wd;mid-size;34,74851;-77,41559;56
8995;2005;3;8;110080;clean;automatic;rwd;full-size;42,032203;-91,611698;47
19146;2013;3;6;85261;clean;automatic;4wd;mid-size;41,03056;-80,72808;49
6499;2004;4;8;50425;clean;automatic;rwd;full-size;27,873066;-82,786729;65
6800;2006;3;8;180000;clean;automatic;4wd;full-size;43,1099;-76,187;53
12500;2011;2;6;156413;clean;automatic;4wd;full-size;41,122022;-85,142453;48
41900;2015;4;8;28775;lien;automatic;4wd;full-size;36,4871;-76,1146;56
999;2003;2;8;150000;clean;automatic;rwd;;41,3805;-83,3358;49
33000;2013;3;8;115000;lien;automatic;4wd;full-size;37,512482;-77,680702;55
1950;2000;2;8;218200;clean;automatic;4wd;;45,8505;-91,9155;45
18950;2010;3;8;145278;clean;automatic;4wd;full-size;37,286501;-80,056719;55
6481;2004;2;8;152816;clean;automatic;4wd;full-size;41,46389;-81,7693;49
4350;2001;2;8;236581;rebuilt;automatic;4wd;full-size;38,479493;-90,741664;52
2600;2002;1;8;213000;clean;automatic;;;34,2788;-119,1651;59
4600;2006;2;6;163000;clean;manual;rwd;full-size;39,2209;-84,1188;49
1999;1998;2;8;191000;clean;automatic;4wd;full-size;44,8946;-94,3847;43
18500;2013;3;6;98000;rebuilt;automatic;4wd;full-size;40,2688;-76,1013;53
4950;2002;3;6;90943;clean;manual;4wd;full-size;61,167904;-149,869223;29
18499;2010;3;8;81032;clean;automatic;4wd;full-size;42,989707;-78,873274;53
24988;2012;2;8;92871;clean;automatic;4wd;full-size;36,137597;-86,761799;59
18281;2010;2;8;86872;clean;automatic;4wd;full-size;43,122774;-88,52791;45
19995;2012;3;6;134561;clean;automatic;4wd;full-size;45,132961;-94,527802;43
39998;2013;3;8;45329;clean;automatic;4wd;mid-size;43,75891;-87,75358;45
5999;2004;2;8;192000;clean;automatic;4wd;full-size;43,4106;-84,7631;45
39000;2017;4;8;9000;lien;automatic;4wd;;37,323317;-80,730534;55
18998;2012;2;8;95340;clean;automatic;4wd;full-size;42,3899;-122,9222;50
12000;2013;2;6;51159;salvage;automatic;4wd;full-size;45,553605;-122,601787;50
15985;2013;3;6;74692;clean;automatic;rwd;full-size;35,843839;-79,939613;56
1200;1999;1;8;199810;clean;automatic;4wd;;43,6017;-85,4446;45
28994;2013;3;6;64261;clean;automatic;4wd;full-size;38,201876;-89,993821;48
22888;2010;3;8;48736;clean;automatic;4wd;;47,830597;-110,662694;40
3795;2002;2;8;197860;clean;automatic;4wd;full-size;43,0128;-83,6914;45
12995;2008;4;8;101420;clean;automatic;4wd;full-size;61,166252;-149,857916;29
2995;1997;3;6;188487;clean;manual;4wd;full-size;42,339824;-122,880461;50
25990;2016;3;8;85455;clean;automatic;4wd;full-size;30,219472;-97,759417;67
17950;2014;2;8;82400;clean;automatic;rwd;full-size;33,512633;-86,79777;61
1500;1985;2;6;53000;clean;automatic;rwd;;64,878089;-148,214529;29
26250;2014;4;8;42300;lien;automatic;4wd;;35,101992;-89,80503;59
10900;2004;3;8;146000;clean;automatic;4wd;full-size;36,6955;-93,115;52
14900;2011;2;6;149610;clean;automatic;rwd;full-size;31,316064;-89,437114;61
28000;2015;3;6;68800;clean;automatic;4wd;full-size;44,9043;-97,124;38
24995;2015;3;6;68849;clean;automatic;4wd;full-size;42,701772;-89,008858;45
26500;2014;3;6;43848;clean;automatic;4wd;mid-size;46,59003;-95,57416;43
20499;2014;4;8;93000;rebuilt;automatic;4wd;full-size;38,824377;-91,200734;52
22900;2015;3;8;126513;clean;automatic;4wd;;39,53018;-104,767626;45
3850;2005;2;6;193250;clean;automatic;rwd;full-size;30,592439;-87,081722;65
16999;2013;3;6;165000;clean;automatic;4wd;;44,0496;-92,4896;43
13995;2008;3;8;105033;clean;automatic;4wd;full-size;43,223552;-77,372473;53
9000;2002;3;8;122000;rebuilt;automatic;;;38,8368;-76,5109;56
16900;2014;3;6;97000;clean;automatic;4wd;full-size;35,679522;-80,45268;56
17550;2010;3;8;67486;clean;automatic;4wd;full-size;43,204762;-75,440834;53
15995;2010;3;8;102480;clean;automatic;4wd;full-size;42,70335;-84,548468;45
18900;2011;2;6;123386;clean;automatic;4wd;full-size;31,316064;-89,437114;61
6500;2013;2;6;142000;clean;automatic;rwd;full-size;45,1263;-94,5268;43
6000;2007;3;8;130000;clean;automatic;fwd;mid-size;32,990246;-115,348887;59
38200;2016;3;6;55155;clean;automatic;4wd;mid-size;34,74851;-77,41559;56
33000;2015;4;8;20000;clean;automatic;4wd;;42,4073;-124,4218;50
1500;2001;1;6;200000;clean;automatic;4wd;full-size;41,9324;-71,0469;50
32999;2013;4;8;66000;clean;automatic;4wd;full-size;42,868175;-85,862086;45
5000;1984;3;6;122000;rebuilt;automatic;rwd;;41,061777;-81,686515;49
27500;2016;4;6;20700;clean;automatic;4wd;full-size;40,479222;-85,350927;48
13100;2011;2;6;184500;clean;automatic;4wd;full-size;41,60808;-81,480381;49
10995;2010;2;8;170505;clean;automatic;4wd;full-size;45,049163;-93,035945;43
15995;2009;3;8;136101;clean;automatic;4wd;full-size;38,159627;-85,697708;50
15997;2014;2;8;121722;clean;automatic;4wd;full-size;42,1621;-75,893726;53
16800;2011;3;8;145000;clean;automatic;rwd;mid-size;36,2022;-119,338;59
4100;2005;2;8;153000;clean;automatic;rwd;full-size;36,669;-93,2481;52
11000;2009;3;8;177513;clean;automatic;rwd;full-size;29,976456;-90,255105;67
3200;1997;2;8;199500;clean;automatic;4wd;;37,063191;-113,544216;50
16990;2014;3;6;107000;clean;automatic;4wd;;46,450007;-95,12469;43
11700;2010;2;8;144570;clean;automatic;4wd;full-size;42,892121;-85,665539;45
12995;2008;2;8;110959;clean;other;4wd;full-size;45,049163;-93,035945;43
6999;2005;3;8;145000;clean;automatic;4wd;full-size;42,484503;-92,324974;47
15500;2009;3;8;73000;clean;automatic;;full-size;30,457144;-87,256165;65
17995;2012;4;6;149887;clean;automatic;4wd;full-size;42,1171;-75,8653;53
35890;2016;3;6;73560;clean;automatic;4wd;;49,204598;-123,139205;
14983;2010;3;8;116198;clean;automatic;4wd;full-size;45,750271;-111,184096;40
28990;2015;3;8;37271;clean;automatic;4wd;full-size;43,154184;-75,931063;53
7950;2005;2;8;159302;clean;automatic;rwd;full-size;34,614367;-97,967015;57
17000;2011;3;6;120900;clean;automatic;4wd;full-size;35,130298;-85,239845;59
3000;1998;1;8;113680;clean;automatic;rwd;full-size;35,573191;-77,177747;56
33890;2018;3;8;17621;clean;automatic;rwd;full-size;43,154434;-75,931063;53
1500;2001;2;8;167000;clean;automatic;4wd;full-size;40,973371;-96,910486;46
23700;2014;4;6;31200;lien;automatic;rwd;;34,8185;-112,9584;71
12950;2004;3;8;152100;clean;automatic;4wd;full-size;27,3369;-82,5128;65
9660;2006;3;8;179931;clean;automatic;4wd;mid-size;44,87313;-87,89568;45
18990;2011;3;8;133184;clean;automatic;;full-size;27,9382;-82,3756;65
3600;2004;4;8;56799;clean;automatic;rwd;full-size;34,1016;-118,0537;59
3000;2001;2;8;177000;clean;automatic;4wd;;42,558899;-87,929639;45
16999;2014;3;6;127949;clean;automatic;;full-size;33,881074;-84,533461;59
8950;2010;2;8;168260;clean;automatic;4wd;;40,120838;-77,028586;53
8900;2004;2;8;93000;clean;automatic;rwd;full-size;36,7103;-121,6438;59
8950;2007;3;8;129000;clean;automatic;rwd;;30,0098;-90,163;67
10500;2008;3;8;115414;clean;automatic;rwd;mid-size;38,88358;-94,79383;51
6750;2004;2;8;203700;clean;automatic;4wd;full-size;36,090101;-96,119213;57
5500;2007;2;8;145021;clean;automatic;4wd;full-size;44,82046;-91,478736;45
15000;2007;4;8;275000;clean;automatic;rwd;;49,239044;-122,857271;
10000;2010;3;8;180;clean;automatic;;full-size;38,1768;-85,5218;50
17770;2011;3;6;118517;clean;automatic;4wd;mid-size;44,57437;-88,16024;45
6500;2006;2;8;104700;clean;automatic;4wd;full-size;44,0496;-92,4896;43
6900;2006;3;8;170000;clean;automatic;4wd;full-size;41,6835;-86,1682;48
20950;2016;2;8;148224;clean;automatic;4wd;full-size;38,692648;-82,857744;49
3500;1997;2;8;154000;clean;automatic;rwd;full-size;30,4481;-87,2589;65
11977;2008;3;8;171488;clean;automatic;4wd;mid-size;44,87313;-87,89568;45
9880;2006;3;8;112213;clean;automatic;4wd;mid-size;44,87313;-87,89568;45
18550;2011;3;6;129594;clean;automatic;4wd;mid-size;44,57437;-88,16024;45
14999;2012;2;6;112200;clean;automatic;rwd;full-size;29,642066;-98,517738;67
10000;2007;2;8;145000;clean;automatic;rwd;;37,3007;-87,1202;50
3200;2002;2;6;212000;clean;automatic;rwd;;38,8518;-91,9605;52
9750;1998;3;6;114000;clean;automatic;4wd;;36,8348;-76,0961;55
21988;2010;2;8;102561;clean;automatic;4wd;full-size;43,630744;-116,251228;47
450;1995;1;6;97337;clean;automatic;rwd;full-size;41,0867;-77,4836;53
19999;2010;3;8;80669;clean;automatic;4wd;full-size;38,976487;-88,160859;48
22980;2013;3;8;111754;clean;automatic;rwd;;36,3577;-94,2224;59
9660;2006;3;8;179931;clean;automatic;4wd;mid-size;44,87313;-87,89568;45
18500;2013;3;6;75295;clean;automatic;4wd;mid-size;43,78124;-88,50265;45
38998;2014;3;6;86250;clean;automatic;4wd;full-size;49,184885;-122,801111;
9950;2010;2;8;153060;clean;automatic;4wd;full-size;44,861013;-91,647877;45
28495;2013;2;6;52385;clean;automatic;4wd;full-size;38,190152;-94,026215;52
29500;2013;3;6;62185;clean;automatic;4wd;;43,852883;-88,855927;45
4499;2002;3;6;165272;clean;automatic;;full-size;39,829891;-75,125281;52
13880;2009;3;8;154597;clean;automatic;4wd;mid-size;44,87313;-87,89568;45
15995;2009;3;8;136101;clean;automatic;4wd;full-size;38,159627;-85,697708;50
8500;2007;2;8;165000;clean;automatic;;;29,5234;-98,5273;67
28335;2014;3;6;54182;clean;automatic;4wd;mid-size;44,52039;-88,06645;45
4000;2001;2;8;199000;clean;automatic;4wd;full-size;42,377106;-71,493565;50
2500;1998;1;6;183000;clean;automatic;4wd;full-size;36,3725;-96,0123;57
4800;1990;2;8;43656;clean;automatic;rwd;full-size;40,168925;-97,585716;46
38995;2012;3;8;70274;clean;automatic;4wd;full-size;38,611926;-121,423565;59
10999;2006;2;8;99000;clean;automatic;rwd;full-size;37,677;-97,059059;51
25800;2015;3;6;36000;rebuilt;automatic;4wd;full-size;42,317457;-83,208939;45
20995;2010;2;8;99142;clean;automatic;4wd;full-size;45,003773;-90,317059;45
5500;2002;2;8;176733;clean;automatic;4wd;full-size;41,875262;-84,018623;45
300;1996;1;8;175000;missing;automatic;fwd;mid-size;39,095572;-93,178816;52
16985;2014;2;8;138600;clean;automatic;4wd;full-size;31,453312;-100,464064;67
4800;2006;3;6;164550;clean;automatic;rwd;mid-size;34,334608;-119,291935;59
29249;2013;3;8;65523;clean;automatic;4wd;mid-size;43,78124;-88,50265;45
5500;1987;2;6;140000;clean;manual;4wd;full-size;38,0018;-79,1359;55
28495;2015;2;6;43130;clean;automatic;4wd;full-size;38,190152;-94,026215;52
33494;2016;3;6;69747;clean;automatic;rwd;mid-size;30,43955;-91,08613;67
15975;2010;3;8;111528;clean;automatic;4wd;full-size;43,812223;-84,768317;45
2995;1990;2;8;158051;clean;manual;4wd;full-size;44,354956;-106,680348;41
7300;2007;2;8;87078;clean;automatic;rwd;full-size;38,521585;-90,012054;48
8999;2001;3;8;147949;clean;automatic;4wd;full-size;46,7352;-117,1729;50
4200;2005;2;8;155000;rebuilt;automatic;4wd;mid-size;40,2084;-74,8291;53
3500;2001;2;8;165250;clean;automatic;;;58,3628;-134,5294;29
3500;2001;1;8;175527;clean;manual;4wd;;43,1443;-86,1388;45
19550;2011;3;8;95372;clean;automatic;4wd;mid-size;44,57437;-88,16024;45
18500;2011;3;6;109300;clean;automatic;4wd;full-size;39,962024;-86,119415;48
18499;2010;3;8;81032;clean;automatic;4wd;full-size;42,989707;-78,873274;53
5200;1998;3;8;75000;clean;automatic;4wd;full-size;35,675419;-80,239205;56
16900;2014;2;8;117000;clean;automatic;4wd;full-size;30,387533;-86,402827;65
25124;2012;3;8;93136;clean;automatic;4wd;mid-size;28,03978;-81,94071;65
23500;2014;2;8;82420;lien;automatic;rwd;full-size;36,1848;-86,6002;59
3500;2005;2;8;137000;clean;automatic;4wd;full-size;41,010719;-81,623218;49
30996;2014;3;6;48725;clean;automatic;4wd;mid-size;44,52039;-88,06645;45
38075;2016;3;6;16464;clean;automatic;4wd;mid-size;34,74851;-77,41559;56
16477;2012;3;6;102221;clean;automatic;rwd;mid-size;33,9379;-117,17763;59
27500;2013;3;8;64000;clean;automatic;4wd;;42,7178;-114,5012;47
5700;2004;2;8;152000;clean;automatic;;;33,5153;-112,1212;71
22890;2014;3;8;80930;clean;automatic;4wd;full-size;43,154604;-75,930805;53
23800;2014;3;8;93580;clean;automatic;4wd;full-size;33,066044;-89,593906;61
35778;2018;3;6;13;clean;automatic;4wd;;47,830597;-110,662694;40
7500;2010;2;8;142774;clean;automatic;4wd;full-size;28,079232;-80,674959;65
15699;2013;3;6;165000;clean;automatic;4wd;;44,0496;-92,4896;43
9777;2006;3;8;152536;clean;automatic;4wd;full-size;38,159627;-85,697708;50
19977;2013;3;8;46185;clean;automatic;rwd;full-size;27,848654;-82,690316;65
8650;2002;2;6;60023;clean;automatic;rwd;;40,1688;-74,072;52
4500;2001;2;8;200000;clean;automatic;4wd;full-size;35,0212;-85,014202;59
12750;2007;3;8;70199;clean;automatic;4wd;;30,234272;-97,869987;67
17895;2010;3;8;115453;clean;automatic;4wd;full-size;38,159627;-85,697708;50
7250;2008;4;8;96000;clean;automatic;;;29,72038;-95,535419;67
49890;2018;4;6;1073;clean;automatic;4wd;;49,204598;-123,139205;
7995;2011;2;8;375528;clean;automatic;4wd;full-size;36,307707;-95,605861;57
4495;2005;2;8;264000;clean;automatic;rwd;full-size;30,244288;-89,760495;67
14995;2007;3;8;141653;clean;automatic;4wd;full-size;38,084394;-89,339761;48
22000;2012;3;6;117000;lien;manual;4wd;full-size;34,6461;-82,4673;60
4650;1997;1;8;160000;clean;automatic;4wd;full-size;39,188621;-95,562097;51
11000;2005;3;8;144000;clean;automatic;4wd;;38,3457;-78,8957;55
14950;2014;2;8;139325;clean;other;4wd;full-size;38,692648;-82,857744;49
12999;2009;2;8;160000;clean;automatic;4wd;full-size;38,163294;-90,455192;52
27995;2016;3;6;42207;clean;automatic;4wd;full-size;42,464404;-96,333242;47
21897;2011;3;8;99133;clean;automatic;4wd;mid-size;44,52039;-88,06645;45
8988;2005;2;8;0;clean;automatic;4wd;full-size;30,520244;-89,647288;61
400;1991;0;8;126580;clean;automatic;4wd;full-size;40,327342;-76,303203;53
10000;2007;2;8;145000;clean;automatic;rwd;;37,3007;-87,1202;50
2250;2005;2;6;193500;clean;automatic;fwd;full-size;30,592439;-87,081722;65
5500;2003;1;8;159000;clean;automatic;4wd;full-size;40,8018;-78,0788;53
10500;2006;3;8;131000;clean;automatic;4wd;;-2,508807;-105,886335;
11999;2008;3;8;113589;clean;automatic;rwd;full-size;37,609783;-120,995406;59
12000;2008;2;8;148200;clean;automatic;4wd;full-size;32,353616;-110,972187;71
15900;2010;3;8;67000;clean;automatic;4wd;full-size;44,6902;-75,4774;53
27998;2013;3;6;64504;clean;automatic;4wd;;43,852883;-88,855927;45
5495;2006;4;8;190000;clean;automatic;rwd;full-size;28,318907;-81,401688;65
7500;2005;2;8;167000;clean;automatic;4wd;;25,950376;-97,321693;67
3000;1997;2;6;118000;clean;manual;;;41,5097;-73,9634;53
8399;2011;2;6;127000;clean;automatic;rwd;full-size;35,1313;-84,875;59
23850;2016;4;6;55000;clean;automatic;4wd;full-size;41,5105;-71,4427;49
33995;2015;3;6;100987;clean;automatic;4wd;full-size;38,671776;-94,367098;52
15000;1995;4;8;6000;clean;automatic;rwd;full-size;38,874196;-91,374664;52
8500;2001;2;8;165000;clean;automatic;4wd;full-size;39,021205;-95,626545;51
5977;2004;2;8;127855;clean;automatic;4wd;full-size;43,5054;-110,7865;41
21480;2013;3;8;64412;rebuilt;automatic;4wd;full-size;44,410131;-89,881957;45
39000;2016;3;6;51748;clean;automatic;4wd;mid-size;46,59003;-95,57416;43
11000;2009;2;8;225000;clean;automatic;4wd;full-size;30,246172;-89,761709;67
6880;2004;2;8;142794;clean;automatic;rwd;;31,051581;-97,515078;67
20900;2013;3;6;104953;clean;automatic;4wd;full-size;28,35742;-80,695708;65
4900;2008;3;6;115989;clean;automatic;rwd;full-size;43,5821;-83,8781;45
8000;2010;2;8;243000;clean;automatic;4wd;full-size;37,0447;-93,4383;52
40900;2016;3;6;34844;clean;automatic;4wd;full-size;44,227258;-88,467902;45
3800;2000;2;8;170000;clean;automatic;4wd;full-size;39,058;-78,1105;55
7500;2002;3;8;122000;clean;automatic;4wd;;41,3914;-75,6657;53
2000;2001;1;6;241000;lien;automatic;rwd;full-size;31,071;-97,3898;67
6500;2008;2;8;89000;salvage;automatic;4wd;full-size;33,5507;-79,0528;60
23888;2012;4;8;157887;clean;automatic;4wd;full-size;49,737705;-125,000103;
4300;2001;2;8;285000;clean;automatic;4wd;full-size;29,807156;-85,302662;65
1800;1998;2;8;186681;clean;automatic;4wd;full-size;40,902588;-81,150479;49
32995;2016;3;6;73405;clean;automatic;4wd;mid-size;44,4737;-88,06308;45
8550;2005;3;8;164628;clean;automatic;4wd;mid-size;44,57437;-88,16024;45
8000;1957;2;8;1234567;clean;automatic;rwd;;33,6539;-85,8382;61
3800;1993;2;8;123000;clean;automatic;rwd;;36,0471;-87,3061;59
16304;2011;3;8;136668;clean;automatic;4wd;mid-size;43,78124;-88,50265;45
11995;2008;3;8;148484;clean;automatic;4wd;full-size;45,518031;-122,578752;50
9999;2009;3;8;25640;clean;automatic;rwd;full-size;29,6254;-95,375;67
42999;2016;4;6;67000;clean;automatic;4wd;full-size;49,217779;-122,642126;
2500;2004;2;8;201000;clean;automatic;4wd;full-size;41,214374;-96,114285;46
4700;2003;3;8;118000;clean;automatic;4wd;;41,289815;-96,160764;46
5950;2002;3;8;188988;clean;automatic;4wd;;42,64387;-84,0733;45
28480;2014;3;6;47301;clean;automatic;4wd;;32,965063;-96,913304;67
2600;1998;2;8;136200;clean;automatic;rwd;full-size;39,940362;-82,987461;49
10500;2008;2;8;161000;clean;automatic;4wd;full-size;36,3551;-119,301;59
10000;2006;2;8;160000;clean;automatic;4wd;full-size;42,507447;-123,448548;50
800;1999;2;6;120000;clean;automatic;fwd;mid-size;33,961474;-116,501517;59
13500;2009;2;8;79000;clean;automatic;4wd;full-size;43,105464;-78,696893;53
3500;2004;1;8;179945;clean;automatic;rwd;;40,010899;-74,131575;52
4500;1987;2;8;109000;clean;automatic;4wd;full-size;40,7779;-82,4613;49
27995;2016;3;6;42207;clean;automatic;4wd;full-size;37,684363;-97,332753;51
19977;2015;3;6;80941;clean;automatic;rwd;full-size;27,848654;-82,690316;65
22500;2014;3;6;91383;clean;automatic;4wd;;43,223605;-76,802231;53
13000;2011;4;8;150700;clean;automatic;4wd;full-size;46,8887;-100,6819;38
24900;2013;3;8;114500;lien;automatic;4wd;full-size;33,5507;-79,0528;60
16995;2011;3;6;82345;clean;automatic;4wd;full-size;38,159627;-85,697708;50
6600;2010;2;8;101215;clean;automatic;rwd;;43,098946;-76,097853;53
26400;2014;3;6;67630;clean;automatic;4wd;full-size;38,584848;-89,985587;48
18995;2015;2;6;142282;clean;automatic;4wd;full-size;42,504823;-92,405569;47
39995;2016;3;8;20725;clean;automatic;4wd;full-size;32,4605;-83,7283;59
1;2013;3;8;67808;clean;automatic;4wd;full-size;28,466088;-81,396429;65
4500;2006;2;8;199800;clean;automatic;4wd;full-size;35,6172;-82,407;56
16950;2010;3;8;88402;rebuilt;automatic;4wd;full-size;44,409843;-89,88115;45
31990;2018;3;8;17621;clean;automatic;rwd;full-size;43,154434;-75,931063;53
2495;2002;2;8;201803;clean;automatic;4wd;full-size;42,477134;-82,949564;45
2500;2000;2;8;213000;clean;automatic;rwd;full-size;40,167486;-122,238189;59
35976;2016;3;6;22375;clean;automatic;4wd;mid-size;43,75891;-87,75358;45
20499;2014;3;6;90286;clean;automatic;4wd;mid-size;44,52039;-88,06645;45
1300;1980;1;6;71000;clean;manual;rwd;full-size;45,6605;-118,7831;50
31500;2017;3;6;7105;clean;automatic;rwd;mid-size;34,74851;-77,41559;56
16995;2010;3;8;90260;clean;automatic;4wd;full-size;43,223552;-77,372473;53
9900;2009;2;8;97697;clean;automatic;rwd;full-size;37,677378;-92,656734;52
28500;2014;3;8;40000;clean;automatic;4wd;;36,5629;-82,6532;59
14995;2010;3;8;0;clean;automatic;;full-size;32,788557;-117,098278;59
24000;2015;3;6;135000;clean;automatic;4wd;full-size;36,7836;-90,2168;52
62995;2017;3;6;22973;clean;automatic;4wd;full-size;34,244046;-77,860915;56
30750;2016;4;6;66000;clean;automatic;4wd;;37,13284;-95,78558;51
22500;2015;3;6;23500;clean;automatic;rwd;full-size;32,6807;-117,1698;59
5975;2005;2;8;0;clean;automatic;rwd;full-size;38,213303;-85,785762;50
9999;2006;3;8;161514;clean;automatic;;full-size;37,609783;-120,995406;59
10900;2011;2;8;164000;clean;automatic;4wd;full-size;43,1406;-93,385;47
18000;2010;2;8;104000;clean;automatic;4wd;full-size;37,9872;-84,1789;50
